Tiempo,Flexo-extensión cuello_X,Flexo-extensión cuello_Y,Flexión lateral cuello_X,Flexión lateral cuello_Y,Rotación cuello_X,Rotación cuello_Y
0.00000,0.00000,-1.11030,0.00000,-0.88676,0.00000,-0.49326
0.01001,0.01000,-1.16925,0.01000,-0.88489,0.01000,-0.49191
0.02001,0.02000,-1.24031,0.02000,-0.88338,0.02000,-0.49078
0.03002,0.03000,-1.32258,0.03000,-0.88239,0.03000,-0.48996
0.04003,0.04000,-1.41453,0.04000,-0.88201,0.04000,-0.48955
0.05003,0.05000,-1.51402,0.05000,-0.88227,0.05000,-0.48957
0.06004,0.06000,-1.61846,0.06000,-0.88309,0.06000,-0.49000
0.07004,0.07000,-1.72498,0.07000,-0.88425,0.07000,-0.49072
0.08005,0.08000,-1.83050,0.08000,-0.88542,0.08000,-0.49153
0.09006,0.09000,-1.93193,0.09000,-0.88616,0.09000,-0.49211
0.10006,0.10000,-2.02625,0.10000,-0.88591,0.10000,-0.49208
0.11007,0.11000,-2.11057,0.11000,-0.88409,0.11000,-0.49100
0.12008,0.12000,-2.18221,0.12000,-0.88008,0.12000,-0.48839
0.13008,0.13000,-2.23875,0.13000,-0.87332,0.13000,-0.48379
0.14009,0.14000,-2.27807,0.14000,-0.86336,0.14000,-0.47683
0.15009,0.15000,-2.29839,0.15000,-0.84987,0.15000,-0.46721
0.16010,0.16000,-2.29834,0.16000,-0.83270,0.16000,-0.45477
0.17011,0.17000,-2.27695,0.17000,-0.81190,0.17000,-0.43949
0.18011,0.18000,-2.23370,0.18000,-0.78773,0.18000,-0.42148
0.19012,0.19000,-2.16856,0.19000,-0.76061,0.19000,-0.40094
0.20013,0.20000,-2.08200,0.20000,-0.73112,0.20000,-0.37819
0.21013,0.21000,-1.97497,0.21000,-0.69996,0.21000,-0.35357
0.22014,0.22000,-1.84891,0.22000,-0.66790,0.22000,-0.32746
0.23014,0.23000,-1.70573,0.23000,-0.63576,0.23000,-0.30023
0.24015,0.24000,-1.54771,0.24000,-0.60432,0.24000,-0.27219
0.25016,0.25000,-1.37754,0.25000,-0.57434,0.25000,-0.24361
0.26016,0.26000,-1.19814,0.26000,-0.54650,0.26000,-0.21472
0.27017,0.27000,-1.01265,0.27000,-0.52135,0.27000,-0.18563
0.28018,0.28000,-0.82430,0.28000,-0.49933,0.28000,-0.15642
0.29018,0.29000,-0.63632,0.29000,-0.48072,0.29000,-0.12708
0.30019,0.30000,-0.45185,0.30000,-0.46568,0.30000,-0.09752
0.31019,0.31000,-0.27381,0.31000,-0.45418,0.31000,-0.06763
0.32020,0.32000,-0.10487,0.32000,-0.44608,0.32000,-0.03721
0.33021,0.33000,0.05268,0.33000,-0.44110,0.33000,-0.00605
0.34021,0.34000,0.19697,0.34000,-0.43884,0.34000,0.02608
0.35022,0.35000,0.32662,0.35000,-0.43877,0.35000,0.05942
0.36023,0.36000,0.44080,0.36000,-0.44032,0.36000,0.09417
0.37023,0.37000,0.53922,0.37000,-0.44285,0.37000,0.13051
0.38024,0.38000,0.62219,0.38000,-0.44577,0.38000,0.16850
0.39024,0.39000,0.69055,0.39000,-0.44848,0.39000,0.20815
0.40025,0.40000,0.74564,0.40000,-0.45051,0.40000,0.24932
0.41026,0.41000,0.78924,0.41000,-0.45145,0.41000,0.29174
0.42026,0.42000,0.82344,0.42000,-0.45102,0.42000,0.33499
0.43027,0.43000,0.85058,0.43000,-0.44905,0.43000,0.37852
0.44028,0.44000,0.87307,0.44000,-0.44554,0.44000,0.42167
0.45028,0.45000,0.89335,0.45000,-0.44062,0.45000,0.46368
0.46029,0.46000,0.91366,0.46000,-0.43459,0.46000,0.50377
0.47029,0.47000,0.93602,0.47000,-0.42788,0.47000,0.54119
0.48030,0.48000,0.96201,0.48000,-0.42101,0.48000,0.57523
0.49031,0.49000,0.99275,0.49000,-0.41462,0.49000,0.60531
0.50031,0.50000,1.02873,0.50000,-0.40933,0.50000,0.63098
0.51032,0.51000,1.06983,0.51000,-0.40579,0.51000,0.65196
0.52033,0.52000,1.11525,0.52000,-0.40459,0.52000,0.66812
0.53033,0.53000,1.16359,0.53000,-0.40623,0.53000,0.67950
0.54034,0.54000,1.21299,0.54000,-0.41112,0.54000,0.68628
0.55034,0.55000,1.26122,0.55000,-0.41954,0.55000,0.68875
0.56035,0.56000,1.30597,0.56000,-0.43159,0.56000,0.68730
0.57036,0.57000,1.34503,0.57000,-0.44723,0.57000,0.68239
0.58036,0.58000,1.37651,0.58000,-0.46617,0.58000,0.67452
0.59037,0.59000,1.39903,0.59000,-0.48792,0.59000,0.66416
0.60038,0.60000,1.41183,0.60000,-0.51180,0.60000,0.65182
0.61038,0.61000,1.41480,0.61000,-0.53696,0.61000,0.63792
0.62039,0.62000,1.40845,0.62000,-0.56244,0.62000,0.62285
0.63039,0.63000,1.39385,0.63000,-0.58724,0.63000,0.60691
0.64040,0.64000,1.37244,0.64000,-0.61041,0.64000,0.59032
0.65041,0.65000,1.34591,0.65000,-0.63109,0.65000,0.57323
0.66041,0.66000,1.31604,0.66000,-0.64860,0.66000,0.55574
0.67042,0.67000,1.28454,0.67000,-0.66243,0.67000,0.53787
0.68043,0.68000,1.25291,0.68000,-0.67229,0.68000,0.51966
0.69043,0.69000,1.22244,0.69000,-0.67808,0.69000,0.50117
0.70044,0.70000,1.19409,0.70000,-0.67989,0.70000,0.48248
0.71044,0.71000,1.16859,0.71000,-0.67793,0.71000,0.46375
0.72045,0.72000,1.14639,0.72000,-0.67252,0.72000,0.44518
0.73046,0.73000,1.12778,0.73000,-0.66407,0.73000,0.42704
0.74046,0.74000,1.11289,0.74000,-0.65301,0.74000,0.40965
0.75047,0.75000,1.10178,0.75000,-0.63979,0.75000,0.39332
0.76048,0.76000,1.09449,0.76000,-0.62485,0.76000,0.37834
0.77048,0.77000,1.09100,0.77000,-0.60861,0.77000,0.36497
0.78049,0.78000,1.09130,0.78000,-0.59148,0.78000,0.35335
0.79049,0.79000,1.09535,0.79000,-0.57383,0.79000,0.34356
0.80050,0.80000,1.10307,0.80000,-0.55604,0.80000,0.33557
0.81051,0.81000,1.11434,0.81000,-0.53847,0.81000,0.32924
0.82051,0.82000,1.12892,0.82000,-0.52148,0.82000,0.32437
0.83052,0.83000,1.14646,0.83000,-0.50545,0.83000,0.32070
0.84053,0.84000,1.16647,0.84000,-0.49075,0.84000,0.31793
0.85053,0.85000,1.18829,0.85000,-0.47776,0.85000,0.31575
0.86054,0.86000,1.21112,0.86000,-0.46685,0.86000,0.31385
0.87054,0.87000,1.23400,0.87000,-0.45832,0.87000,0.31195
0.88055,0.88000,1.25588,0.88000,-0.45243,0.88000,0.30981
0.89056,0.89000,1.27565,0.89000,-0.44933,0.89000,0.30726
0.90056,0.90000,1.29219,0.90000,-0.44906,0.90000,0.30417
0.91057,0.91000,1.30445,0.91000,-0.45147,0.91000,0.30050
0.92058,0.92000,1.31153,0.92000,-0.45631,0.92000,0.29626
0.93058,0.93000,1.31271,0.93000,-0.46312,0.93000,0.29155
0.94059,0.94000,1.30754,0.94000,-0.47136,0.94000,0.28652
0.95059,0.95000,1.29588,0.95000,-0.48032,0.95000,0.28139
0.96060,0.96000,1.27790,0.96000,-0.48927,0.96000,0.27645
0.97061,0.97000,1.25413,0.97000,-0.49739,0.97000,0.27200
0.98061,0.98000,1.22541,0.98000,-0.50392,0.98000,0.26837
0.99062,0.99000,1.19290,0.99000,-0.50816,0.99000,0.26589
1.00063,1.00000,1.15795,1.00000,-0.50952,1.00000,0.26484
1.01063,1.01000,1.12210,1.01000,-0.50756,1.01000,0.26545
1.02064,1.02000,1.08693,1.02000,-0.50202,1.02000,0.26785
1.03064,1.03000,1.05401,1.03000,-0.49282,1.03000,0.27207
1.04065,1.04000,1.02480,1.04000,-0.48005,1.04000,0.27800
1.05066,1.05000,1.00052,1.05000,-0.46398,1.05000,0.28542
1.06066,1.06000,0.98215,1.06000,-0.44502,1.06000,0.29397
1.07067,1.07000,0.97033,1.07000,-0.42373,1.07000,0.30320
1.08068,1.08000,0.96531,1.08000,-0.40077,1.08000,0.31257
1.09068,1.09000,0.96698,1.09000,-0.37687,1.09000,0.32151
1.10069,1.10000,0.97481,1.10000,-0.35283,1.10000,0.32946
1.11069,1.11000,0.98792,1.11000,-0.32940,1.11000,0.33589
1.12070,1.12000,1.00510,1.12000,-0.30734,1.12000,0.34040
1.13071,1.13000,1.02485,1.13000,-0.28734,1.13000,0.34272
1.14071,1.14000,1.04546,1.14000,-0.27003,1.14000,0.34272
1.15072,1.15000,1.06509,1.15000,-0.25590,1.15000,0.34045
1.16073,1.16000,1.08189,1.16000,-0.24536,1.16000,0.33613
1.17073,1.17000,1.09408,1.17000,-0.23865,1.17000,0.33011
1.18074,1.18000,1.10006,1.18000,-0.23586,1.18000,0.32285
1.19074,1.19000,1.09855,1.19000,-0.23689,1.19000,0.31488
1.20075,1.20000,1.08862,1.20000,-0.24141,1.20000,0.30674
1.21076,1.21000,1.06980,1.21000,-0.24895,1.21000,0.29895
1.22076,1.22000,1.04205,1.22000,-0.25884,1.22000,0.29194
1.23077,1.23000,1.00581,1.23000,-0.27031,1.23000,0.28608
1.24078,1.24000,0.96189,1.24000,-0.28254,1.24000,0.28157
1.25078,1.25000,0.91144,1.25000,-0.29470,1.25000,0.27848
1.26079,1.26000,0.85581,1.26000,-0.30604,1.26000,0.27679
1.27079,1.27000,0.79649,1.27000,-0.31595,1.27000,0.27633
1.28080,1.28000,0.73496,1.28000,-0.32395,1.28000,0.27688
1.29081,1.29000,0.67261,1.29000,-0.32975,1.29000,0.27819
1.30081,1.30000,0.61067,1.30000,-0.33327,1.30000,0.27999
1.31082,1.31000,0.55013,1.31000,-0.33458,1.31000,0.28208
1.32082,1.32000,0.49174,1.32000,-0.33391,1.32000,0.28425
1.33083,1.33000,0.43597,1.33000,-0.33159,1.33000,0.28639
1.34084,1.34000,0.38305,1.34000,-0.32802,1.34000,0.28843
1.35084,1.35000,0.33299,1.35000,-0.32359,1.35000,0.29034
1.36085,1.36000,0.28569,1.36000,-0.31868,1.36000,0.29213
1.37086,1.37000,0.24090,1.37000,-0.31354,1.37000,0.29384
1.38086,1.38000,0.19839,1.38000,-0.30835,1.38000,0.29552
1.39087,1.39000,0.15794,1.39000,-0.30313,1.39000,0.29724
1.40087,1.40000,0.11940,1.40000,-0.29779,1.40000,0.29906
1.41088,1.41000,0.08268,1.41000,-0.29213,1.41000,0.30105
1.42089,1.42000,0.04782,1.42000,-0.28588,1.42000,0.30326
1.43089,1.43000,0.01492,1.43000,-0.27870,1.43000,0.30574
1.44090,1.44000,-0.01588,1.44000,-0.27028,1.44000,0.30853
1.45091,1.45000,-0.04440,1.45000,-0.26033,1.45000,0.31164
1.46091,1.46000,-0.07052,1.46000,-0.24866,1.46000,0.31507
1.47092,1.47000,-0.09414,1.47000,-0.23523,1.47000,0.31879
1.48092,1.48000,-0.11528,1.48000,-0.22016,1.48000,0.32277
1.49093,1.49000,-0.13409,1.49000,-0.20375,1.49000,0.32693
1.50094,1.50000,-0.15079,1.50000,-0.18647,1.50000,0.33114
1.51094,1.51000,-0.16573,1.51000,-0.16896,1.51000,0.33528
1.52095,1.52000,-0.17931,1.52000,-0.15193,1.52000,0.33917
1.53096,1.53000,-0.19195,1.53000,-0.13613,1.53000,0.34258
1.54096,1.54000,-0.20405,1.54000,-0.12227,1.54000,0.34526
1.55097,1.55000,-0.21594,1.55000,-0.11094,1.55000,0.34693
1.56097,1.56000,-0.22787,1.56000,-0.10258,1.56000,0.34727
1.57098,1.57000,-0.23996,1.57000,-0.09739,1.57000,0.34598
1.58099,1.58000,-0.25225,1.58000,-0.09533,1.58000,0.34279
1.59099,1.59000,-0.26468,1.59000,-0.09610,1.59000,0.33749
1.60100,1.60000,-0.27709,1.60000,-0.09923,1.60000,0.32990
1.61101,1.61000,-0.28928,1.61000,-0.10405,1.61000,0.31996
1.62101,1.62000,-0.30099,1.62000,-0.10988,1.62000,0.30769
1.63102,1.63000,-0.31191,1.63000,-0.11601,1.63000,0.29317
1.64102,1.64000,-0.32172,1.64000,-0.12188,1.64000,0.27660
1.65103,1.65000,-0.33007,1.65000,-0.12707,1.65000,0.25822
1.66104,1.66000,-0.33660,1.66000,-0.13137,1.66000,0.23835
1.67104,1.67000,-0.34101,1.67000,-0.13475,1.67000,0.21732
1.68105,1.68000,-0.34299,1.68000,-0.13740,1.68000,0.19551
1.69106,1.69000,-0.34236,1.69000,-0.13967,1.69000,0.17329
1.70106,1.70000,-0.33899,1.70000,-0.14202,1.70000,0.15100
1.71107,1.71000,-0.33288,1.71000,-0.14495,1.71000,0.12896
1.72107,1.72000,-0.32412,1.72000,-0.14894,1.72000,0.10741
1.73108,1.73000,-0.31295,1.73000,-0.15438,1.73000,0.08655
1.74109,1.74000,-0.29968,1.74000,-0.16156,1.74000,0.06653
1.75109,1.75000,-0.28472,1.75000,-0.17055,1.75000,0.04744
1.76110,1.76000,-0.26857,1.76000,-0.18131,1.76000,0.02931
1.77111,1.77000,-0.25176,1.77000,-0.19362,1.77000,0.01216
1.78111,1.78000,-0.23483,1.78000,-0.20715,1.78000,-0.00401
1.79112,1.79000,-0.21834,1.79000,-0.22151,1.79000,-0.01919
1.80112,1.80000,-0.20280,1.80000,-0.23628,1.80000,-0.03338
1.81113,1.81000,-0.18864,1.81000,-0.25109,1.81000,-0.04653
1.82114,1.82000,-0.17619,1.82000,-0.26559,1.82000,-0.05855
1.83114,1.83000,-0.16562,1.83000,-0.27948,1.83000,-0.06933
1.84115,1.84000,-0.15695,1.84000,-0.29252,1.84000,-0.07875
1.85116,1.85000,-0.15000,1.85000,-0.30449,1.85000,-0.08667
1.86116,1.86000,-0.14445,1.86000,-0.31521,1.86000,-0.09300
1.87117,1.87000,-0.13981,1.87000,-0.32449,1.87000,-0.09771
1.88117,1.88000,-0.13553,1.88000,-0.33219,1.88000,-0.10082
1.89118,1.89000,-0.13099,1.89000,-0.33819,1.89000,-0.10246
1.90119,1.90000,-0.12566,1.90000,-0.34239,1.90000,-0.10285
1.91119,1.91000,-0.11908,1.91000,-0.34470,1.91000,-0.10226
1.92120,1.92000,-0.11094,1.92000,-0.34508,1.92000,-0.10096
1.93121,1.93000,-0.10115,1.93000,-0.34348,1.93000,-0.09922
1.94121,1.94000,-0.08983,1.94000,-0.33989,1.94000,-0.09723
1.95122,1.95000,-0.07726,1.95000,-0.33432,1.95000,-0.09509
1.96122,1.96000,-0.06395,1.96000,-0.32683,1.96000,-0.09276
1.97123,1.97000,-0.05048,1.97000,-0.31751,1.97000,-0.09008
1.98124,1.98000,-0.03747,1.98000,-0.30650,1.98000,-0.08681
1.99124,1.99000,-0.02552,1.99000,-0.29398,1.99000,-0.08261
2.00125,2.00000,-0.01510,2.00000,-0.28016,2.00000,-0.07714
2.01126,2.01000,-0.00651,2.01000,-0.26529,2.01000,-0.07008
2.02126,2.02000,0.00019,2.02000,-0.24959,2.02000,-0.06119
2.03127,2.03000,0.00517,2.03000,-0.23327,2.03000,-0.05031
2.04127,2.04000,0.00883,2.04000,-0.21651,2.04000,-0.03746
2.05128,2.05000,0.01175,2.05000,-0.19943,2.05000,-0.02279
2.06129,2.06000,0.01462,2.06000,-0.18211,2.06000,-0.00662
2.07129,2.07000,0.01819,2.07000,-0.16460,2.07000,0.01061
2.08130,2.08000,0.02313,2.08000,-0.14694,2.08000,0.02836
2.09131,2.09000,0.03001,2.09000,-0.12917,2.09000,0.04602
2.10131,2.10000,0.03916,2.10000,-0.11140,2.10000,0.06300
2.11132,2.11000,0.05066,2.11000,-0.09379,2.11000,0.07871
2.12132,2.12000,0.06431,2.12000,-0.07661,2.12000,0.09267
2.13133,2.13000,0.07961,2.13000,-0.06024,2.13000,0.10448
2.14134,2.14000,0.09581,2.14000,-0.04516,2.14000,0.11387
2.15134,2.15000,0.11198,2.15000,-0.03189,2.15000,0.12069
2.16135,2.16000,0.12707,2.16000,-0.02103,2.16000,0.12494
2.17136,2.17000,0.14000,2.17000,-0.01313,2.17000,0.12674
2.18136,2.18000,0.14976,2.18000,-0.00865,2.18000,0.12629
2.19137,2.19000,0.15549,2.19000,-0.00796,2.19000,0.12390
2.20137,2.20000,0.15655,2.20000,-0.01120,2.20000,0.11988
2.21138,2.21000,0.15257,2.21000,-0.01834,2.21000,0.11457
2.22139,2.22000,0.14348,2.22000,-0.02916,2.22000,0.10828
2.23139,2.23000,0.12949,2.23000,-0.04324,2.23000,0.10126
2.24140,2.24000,0.11111,2.24000,-0.06005,2.24000,0.09366
2.25141,2.25000,0.08909,2.25000,-0.07896,2.25000,0.08556
2.26141,2.26000,0.06439,2.26000,-0.09939,2.26000,0.07692
2.27142,2.27000,0.03810,2.27000,-0.12083,2.27000,0.06760
2.28142,2.28000,0.01136,2.28000,-0.14293,2.28000,0.05737
2.29143,2.29000,-0.01472,2.29000,-0.16554,2.29000,0.04597
2.30144,2.30000,-0.03912,2.30000,-0.18872,2.30000,0.03313
2.31144,2.31000,-0.06104,2.31000,-0.21268,2.31000,0.01861
2.32145,2.32000,-0.07994,2.32000,-0.23774,2.32000,0.00231
2.33146,2.33000,-0.09559,2.33000,-0.26425,2.33000,-0.01576
2.34146,2.34000,-0.10805,2.34000,-0.29250,2.34000,-0.03541
2.35147,2.35000,-0.11772,2.35000,-0.32267,2.35000,-0.05626
2.36147,2.36000,-0.12523,2.36000,-0.35471,2.36000,-0.07777
2.37148,2.37000,-0.13138,2.37000,-0.38833,2.37000,-0.09924
2.38149,2.38000,-0.13708,2.38000,-0.42294,2.38000,-0.11982
2.39149,2.39000,-0.14324,2.39000,-0.45761,2.39000,-0.13861
2.40150,2.40000,-0.15066,2.40000,-0.49119,2.40000,-0.15467
2.41151,2.41000,-0.16000,2.41000,-0.52228,2.41000,-0.16711
2.42151,2.42000,-0.17169,2.42000,-0.54941,2.42000,-0.17513
2.43152,2.43000,-0.18589,2.43000,-0.57111,2.43000,-0.17812
2.44152,2.44000,-0.20250,2.44000,-0.58606,2.44000,-0.17564
2.45153,2.45000,-0.22112,2.45000,-0.59321,2.45000,-0.16750
2.46154,2.46000,-0.24108,2.46000,-0.59187,2.46000,-0.15382
2.47154,2.47000,-0.26148,2.47000,-0.58177,2.47000,-0.13493
2.48155,2.48000,-0.28122,2.48000,-0.56308,2.48000,-0.11148
2.49156,2.49000,-0.29908,2.49000,-0.53642,2.49000,-0.08433
2.50156,2.50000,-0.31378,2.50000,-0.50280,2.50000,-0.05453
2.51157,2.51000,-0.32408,2.51000,-0.46358,2.51000,-0.02329
2.52157,2.52000,-0.32884,2.52000,-0.42037,2.52000,0.00808
2.53158,2.53000,-0.32714,2.53000,-0.37501,2.53000,0.03826
2.54159,2.54000,-0.31830,2.54000,-0.32938,2.54000,0.06597
2.55159,2.55000,-0.30199,2.55000,-0.28540,2.55000,0.09003
2.56160,2.56000,-0.27826,2.56000,-0.24487,2.56000,0.10947
2.57161,2.57000,-0.24751,2.57000,-0.20938,2.57000,0.12355
2.58161,2.58000,-0.21053,2.58000,-0.18023,2.58000,0.13183
2.59162,2.59000,-0.16845,2.59000,-0.15838,2.59000,0.13419
2.60162,2.60000,-0.12265,2.60000,-0.14438,2.60000,0.13082
2.61163,2.61000,-0.07471,2.61000,-0.13836,2.61000,0.12221
2.62164,2.62000,-0.02631,2.62000,-0.14004,2.62000,0.10912
2.63164,2.63000,0.02083,2.63000,-0.14878,2.63000,0.09247
2.64165,2.64000,0.06511,2.64000,-0.16362,2.64000,0.07331
2.65166,2.65000,0.10503,2.65000,-0.18335,2.65000,0.05272
2.66166,2.66000,0.13932,2.66000,-0.20659,2.66000,0.03176
2.67167,2.67000,0.16691,2.67000,-0.23185,2.67000,0.01143
2.68167,2.68000,0.18700,2.68000,-0.25765,2.68000,-0.00740
2.69168,2.69000,0.19901,2.69000,-0.28254,2.69000,-0.02399
2.70169,2.70000,0.20260,2.70000,-0.30523,2.70000,-0.03774
2.71169,2.71000,0.19762,2.71000,-0.32460,2.71000,-0.04820
2.72170,2.72000,0.18415,2.72000,-0.33976,2.72000,-0.05510
2.73171,2.73000,0.16242,2.73000,-0.35009,2.73000,-0.05829
2.74171,2.74000,0.13288,2.74000,-0.35524,2.74000,-0.05781
2.75172,2.75000,0.09615,2.75000,-0.35515,2.75000,-0.05381
2.76172,2.76000,0.05306,2.76000,-0.34999,2.76000,-0.04657
2.77173,2.77000,0.00463,2.77000,-0.34019,2.77000,-0.03651
2.78174,2.78000,-0.04794,2.78000,-0.32636,2.78000,-0.02411
2.79174,2.79000,-0.10328,2.79000,-0.30926,2.79000,-0.00995
2.80175,2.80000,-0.15994,2.80000,-0.28979,2.80000,0.00538
2.81176,2.81000,-0.21641,2.81000,-0.26888,2.81000,0.02123
2.82176,2.82000,-0.27124,2.82000,-0.24749,2.82000,0.03696
2.83177,2.83000,-0.32312,2.83000,-0.22652,2.83000,0.05196
2.84177,2.84000,-0.37093,2.84000,-0.20681,2.84000,0.06569
2.85178,2.85000,-0.41381,2.85000,-0.18907,2.85000,0.07763
2.86179,2.86000,-0.45122,2.86000,-0.17384,2.86000,0.08738
2.87179,2.87000,-0.48291,2.87000,-0.16148,2.87000,0.09464
2.88180,2.88000,-0.50889,2.88000,-0.15216,2.88000,0.09922
2.89181,2.89000,-0.52940,2.89000,-0.14585,2.89000,0.10107
2.90181,2.90000,-0.54480,2.90000,-0.14230,2.90000,0.10028
2.91182,2.91000,-0.55552,2.91000,-0.14108,2.91000,0.09706
2.92182,2.92000,-0.56191,2.92000,-0.14162,2.92000,0.09177
2.93183,2.93000,-0.56424,2.93000,-0.14324,2.93000,0.08485
2.94184,2.94000,-0.56261,2.94000,-0.14517,2.94000,0.07677
2.95184,2.95000,-0.55692,2.95000,-0.14669,2.95000,0.06805
2.96185,2.96000,-0.54693,2.96000,-0.14711,2.96000,0.05914
2.97186,2.97000,-0.53228,2.97000,-0.14587,2.97000,0.05047
2.98186,2.98000,-0.51258,2.98000,-0.14255,2.98000,0.04236
2.99187,2.99000,-0.48745,2.99000,-0.13688,2.99000,0.03503
3.00187,3.00000,-0.45666,3.00000,-0.12881,3.00000,0.02861
3.01188,3.01000,-0.42012,3.01000,-0.11846,3.01000,0.02312
3.02189,3.02000,-0.37801,3.02000,-0.10612,3.02000,0.01846
3.03189,3.03000,-0.33073,3.03000,-0.09223,3.03000,0.01444
3.04190,3.04000,-0.27896,3.04000,-0.07729,3.04000,0.01080
3.05191,3.05000,-0.22360,3.05000,-0.06185,3.05000,0.00720
3.06191,3.06000,-0.16578,3.06000,-0.04642,3.06000,0.00329
3.07192,3.07000,-0.10682,3.07000,-0.03148,3.07000,-0.00126
3.08192,3.08000,-0.04818,3.08000,-0.01740,3.08000,-0.00673
3.09193,3.09000,0.00860,3.09000,-0.00444,3.09000,-0.01334
3.10194,3.10000,0.06195,3.10000,0.00722,3.10000,-0.02118
3.11194,3.11000,0.11036,3.11000,0.01750,3.11000,-0.03021
3.12195,3.12000,0.15245,3.12000,0.02641,3.12000,-0.04027
3.13196,3.13000,0.18706,3.13000,0.03401,3.13000,-0.05104
3.14196,3.14000,0.21335,3.14000,0.04043,3.14000,-0.06211
3.15197,3.15000,0.23082,3.15000,0.04582,3.15000,-0.07301
3.16197,3.16000,0.23941,3.16000,0.05037,3.16000,-0.08321
3.17198,3.17000,0.23947,3.17000,0.05431,3.17000,-0.09219
3.18199,3.18000,0.23177,3.18000,0.05788,3.18000,-0.09949
3.19199,3.19000,0.21737,3.19000,0.06130,3.19000,-0.10476
3.20200,3.20000,0.19762,3.20000,0.06480,3.20000,-0.10773
3.21201,3.21000,0.17396,3.21000,0.06855,3.21000,-0.10830
3.22201,3.22000,0.14784,3.22000,0.07270,3.22000,-0.10648
3.23202,3.23000,0.12063,3.23000,0.07737,3.23000,-0.10244
3.24202,3.24000,0.09353,3.24000,0.08265,3.24000,-0.09643
3.25203,3.25000,0.06751,3.25000,0.08862,3.25000,-0.08880
3.26204,3.26000,0.04332,3.26000,0.09535,3.26000,-0.07994
3.27204,3.27000,0.02146,3.27000,0.10290,3.27000,-0.07025
3.28205,3.28000,0.00226,3.28000,0.11135,3.28000,-0.06013
3.29206,3.29000,-0.01406,3.29000,0.12072,3.29000,-0.04992
3.30206,3.30000,-0.02738,3.30000,0.13104,3.30000,-0.03992
3.31207,3.31000,-0.03759,3.31000,0.14229,3.31000,-0.03038
3.32207,3.32000,-0.04452,3.32000,0.15442,3.32000,-0.02145
3.33208,3.33000,-0.04799,3.33000,0.16733,3.33000,-0.01323
3.34209,3.34000,-0.04774,3.34000,0.18091,3.34000,-0.00577
3.35209,3.35000,-0.04348,3.35000,0.19502,3.35000,0.00097
3.36210,3.36000,-0.03495,3.36000,0.20954,3.36000,0.00701
3.37211,3.37000,-0.02196,3.37000,0.22434,3.37000,0.01243
3.38211,3.38000,-0.00443,3.38000,0.23932,3.38000,0.01731
3.39212,3.39000,0.01754,3.39000,0.25443,3.39000,0.02170
3.40212,3.40000,0.04364,3.40000,0.26960,3.40000,0.02569
3.41213,3.41000,0.07335,3.41000,0.28479,3.41000,0.02931
3.42214,3.42000,0.10593,3.42000,0.29997,3.42000,0.03263
3.43214,3.43000,0.14045,3.43000,0.31506,3.43000,0.03570
3.44215,3.44000,0.17586,3.44000,0.32995,3.44000,0.03859
3.45216,3.45000,0.21105,3.45000,0.34449,3.45000,0.04136
3.46216,3.46000,0.24489,3.46000,0.35846,3.46000,0.04409
3.47217,3.47000,0.27628,3.47000,0.37160,3.47000,0.04684
3.48217,3.48000,0.30422,3.48000,0.38358,3.48000,0.04968
3.49218,3.49000,0.32780,3.49000,0.39405,3.49000,0.05263
3.50219,3.50000,0.34623,3.50000,0.40265,3.50000,0.05571
3.51219,3.51000,0.35880,3.51000,0.40902,3.51000,0.05888
3.52220,3.52000,0.36490,3.52000,0.41283,3.52000,0.06209
3.53221,3.53000,0.36400,3.53000,0.41383,3.53000,0.06528
3.54221,3.54000,0.35565,3.54000,0.41183,3.54000,0.06834
3.55222,3.55000,0.33949,3.55000,0.40678,3.55000,0.07121
3.56222,3.56000,0.31532,3.56000,0.39875,3.56000,0.07383
3.57223,3.57000,0.28308,3.57000,0.38798,3.57000,0.07618
3.58224,3.58000,0.24293,3.58000,0.37484,3.58000,0.07831
3.59224,3.59000,0.19529,3.59000,0.35989,3.59000,0.08034
3.60225,3.60000,0.14082,3.60000,0.34381,3.60000,0.08242
3.61226,3.61000,0.08048,3.61000,0.32740,3.61000,0.08480
3.62226,3.62000,0.01548,3.62000,0.31150,3.62000,0.08774
3.63227,3.63000,-0.05276,3.63000,0.29698,3.63000,0.09152
3.64227,3.64000,-0.12264,3.64000,0.28458,3.64000,0.09639
3.65228,3.65000,-0.19247,3.65000,0.27493,3.65000,0.10256
3.66229,3.66000,-0.26058,3.66000,0.26845,3.66000,0.11015
3.67229,3.67000,-0.32537,3.67000,0.26531,3.67000,0.11918
3.68230,3.68000,-0.38546,3.68000,0.26545,3.68000,0.12959
3.69231,3.69000,-0.43967,3.69000,0.26856,3.69000,0.14121
3.70231,3.70000,-0.48715,3.70000,0.27415,3.70000,0.15378
3.71232,3.71000,-0.52737,3.71000,0.28154,3.71000,0.16694
3.72232,3.72000,-0.56011,3.72000,0.28997,3.72000,0.18031
3.73233,3.73000,-0.58544,3.73000,0.29861,3.73000,0.19343
3.74234,3.74000,-0.60367,3.74000,0.30671,3.74000,0.20587
3.75234,3.75000,-0.61533,3.75000,0.31358,3.75000,0.21720
3.76235,3.76000,-0.62106,3.76000,0.31873,3.76000,0.22710
3.77236,3.77000,-0.62163,3.77000,0.32183,3.77000,0.23532
3.78236,3.78000,-0.61784,3.78000,0.32278,3.78000,0.24172
3.79237,3.79000,-0.61056,3.79000,0.32168,3.79000,0.24631
3.80237,3.80000,-0.60064,3.80000,0.31879,3.80000,0.24924
3.81238,3.81000,-0.58893,3.81000,0.31451,3.81000,0.25075
3.82239,3.82000,-0.57626,3.82000,0.30930,3.82000,0.25119
3.83239,3.83000,-0.56340,3.83000,0.30366,3.83000,0.25099
3.84240,3.84000,-0.55103,3.84000,0.29806,3.84000,0.25060
3.85241,3.85000,-0.53970,3.85000,0.29295,3.85000,0.25047
3.86241,3.86000,-0.52983,3.86000,0.28870,3.86000,0.25103
3.87242,3.87000,-0.52167,3.87000,0.28565,3.87000,0.25262
3.88242,3.88000,-0.51527,3.88000,0.28406,3.88000,0.25548
3.89243,3.89000,-0.51053,3.89000,0.28411,3.89000,0.25971
3.90244,3.90000,-0.50719,3.90000,0.28592,3.90000,0.26530
3.91244,3.91000,-0.50489,3.91000,0.28951,3.91000,0.27209
3.92245,3.92000,-0.50319,3.92000,0.29483,3.92000,0.27981
3.93246,3.93000,-0.50160,3.93000,0.30172,3.93000,0.28810
3.94246,3.94000,-0.49964,3.94000,0.30997,3.94000,0.29658
3.95247,3.95000,-0.49688,3.95000,0.31929,3.95000,0.30486
3.96247,3.96000,-0.49290,3.96000,0.32935,3.96000,0.31262
3.97248,3.97000,-0.48737,3.97000,0.33982,3.97000,0.31957
3.98249,3.98000,-0.48003,3.98000,0.35036,3.98000,0.32556
3.99249,3.99000,-0.47067,3.99000,0.36063,3.99000,0.33050
4.00250,4.00000,-0.45920,4.00000,0.37037,4.00000,0.33442
4.01251,4.01000,-0.44560,4.01000,0.37933,4.01000,0.33740
4.02251,4.02000,-0.42997,4.02000,0.38736,4.02000,0.33959
4.03252,4.03000,-0.41254,4.03000,0.39437,4.03000,0.34112
4.04252,4.04000,-0.39367,4.04000,0.40036,4.04000,0.34213
4.05253,4.05000,-0.37384,4.05000,0.40542,4.05000,0.34266
4.06254,4.06000,-0.35364,4.06000,0.40971,4.06000,0.34267
4.07254,4.07000,-0.33373,4.07000,0.41347,4.07000,0.34201
4.08255,4.08000,-0.31477,4.08000,0.41700,4.08000,0.34040
4.09256,4.09000,-0.29736,4.09000,0.42059,4.09000,0.33745
4.10256,4.10000,-0.28192,4.10000,0.42452,4.10000,0.33262
4.11257,4.11000,-0.26857,4.11000,0.42898,4.11000,0.32526
4.12257,4.12000,-0.25708,4.12000,0.43402,4.12000,0.31461
4.13258,4.13000,-0.24670,4.13000,0.43951,4.13000,0.29981
4.14259,4.14000,-0.23609,4.14000,0.44503,4.14000,0.27999
4.15259,4.15000,-0.22330,4.15000,0.44987,4.15000,0.25427
4.16260,4.16000,-0.20568,4.16000,0.45295,4.16000,0.22185
4.17261,4.17000,-0.17998,4.17000,0.45286,4.17000,0.18209
4.18261,4.18000,-0.14231,4.18000,0.44780,4.18000,0.13456
4.19262,4.19000,-0.08836,4.19000,0.43567,4.19000,0.07913
4.20262,4.20000,-0.01345,4.20000,0.41411,4.20000,0.01599
4.21263,4.21000,0.08725,4.21000,0.38060,4.21000,-0.05431
4.22264,4.22000,0.21857,4.22000,0.33261,4.22000,-0.13081
4.23264,4.23000,0.38516,4.23000,0.26769,4.23000,-0.21214
4.24265,4.24000,0.59132,4.24000,0.18360,4.24000,-0.29653
4.25266,4.25000,0.84082,4.25000,0.07847,4.25000,-0.38178
4.26266,4.26000,1.13670,4.26000,-0.04919,4.26000,-0.46532
4.27267,4.27000,1.48112,4.27000,-0.20033,4.27000,-0.54425
4.28267,4.28000,1.87514,4.28000,-0.37533,4.28000,-0.61541
4.29268,4.29000,2.31855,4.29000,-0.57387,4.29000,-0.67560
4.30269,4.30000,2.80976,4.30000,-0.79487,4.30000,-0.72166
4.31269,4.31000,3.34578,4.31000,-1.03636,4.31000,-0.75075
4.32270,4.32000,3.92225,4.32000,-1.29544,4.32000,-0.76051
4.33271,4.33000,4.53359,4.33000,-1.56822,4.33000,-0.74918
4.34271,4.34000,5.17322,4.34000,-1.84991,4.34000,-0.71571
4.35272,4.35000,5.83383,4.35000,-2.13490,4.35000,-0.65968
4.36272,4.36000,6.50769,4.36000,-2.41690,4.36000,-0.58130
4.37273,4.37000,7.18705,4.37000,-2.68919,4.37000,-0.48125
4.38274,4.38000,7.86442,4.38000,-2.94486,4.38000,-0.36055
4.39274,4.39000,8.53289,4.39000,-3.17716,4.39000,-0.22047
4.40275,4.40000,9.18643,4.40000,-3.37974,4.40000,-0.06236
4.41276,4.41000,9.82001,4.41000,-3.54704,4.41000,0.11240
4.42276,4.42000,10.42972,4.42000,-3.67442,4.42000,0.30244
4.43277,4.43000,11.01281,4.43000,-3.75838,4.43000,0.50651
4.44277,4.44000,11.56754,4.44000,-3.79653,4.44000,0.72343
4.45278,4.45000,12.09314,4.45000,-3.78758,4.45000,0.95216
4.46279,4.46000,12.58956,4.46000,-3.73111,4.46000,1.19173
4.47279,4.47000,13.05739,4.47000,-3.62741,4.47000,1.44124
4.48280,4.48000,13.49763,4.48000,-3.47718,4.48000,1.69974
4.49280,4.49000,13.91162,4.49000,-3.28133,4.49000,1.96624
4.50281,4.50000,14.30088,4.50000,-3.04077,4.50000,2.23955
4.51282,4.51000,14.66703,4.51000,-2.75632,4.51000,2.51828
4.52282,4.52000,15.01171,4.52000,-2.42874,4.52000,2.80073
4.53283,4.53000,15.33644,4.53000,-2.05879,4.53000,3.08487
4.54284,4.54000,15.64241,4.54000,-1.64745,4.54000,3.36827
4.55284,4.55000,15.93030,4.55000,-1.19617,4.55000,3.64811
4.56285,4.56000,16.19998,4.56000,-0.70717,4.56000,3.92118
4.57285,4.57000,16.45032,4.57000,-0.18375,4.57000,4.18395
4.58286,4.58000,16.67893,4.58000,0.36942,4.58000,4.43258
4.59287,4.59000,16.88210,4.59000,0.94606,4.59000,4.66309
4.60287,4.60000,17.05482,4.60000,1.53816,4.60000,4.87151
4.61288,4.61000,17.19098,4.61000,2.13599,4.61000,5.05405
4.62289,4.62000,17.28367,4.62000,2.72826,4.62000,5.20735
4.63289,4.63000,17.32574,4.63000,3.30243,4.63000,5.32875
4.64290,4.64000,17.31034,4.64000,3.84524,4.64000,5.41653
4.65290,4.65000,17.23161,4.65000,4.34337,4.65000,5.47009
4.66291,4.66000,17.08538,4.66000,4.78415,4.66000,5.49011
4.67292,4.67000,16.86976,4.67000,5.15646,4.67000,5.47858
4.68292,4.68000,16.58570,4.68000,5.45150,4.68000,5.43868
4.69293,4.69000,16.23739,4.69000,5.66353,4.69000,5.37469
4.70294,4.70000,15.83242,4.70000,5.79046,4.70000,5.29168
4.71294,4.71000,15.38176,4.71000,5.83411,4.71000,5.19530
4.72295,4.72000,14.89927,4.72000,5.80028,4.72000,5.09139
4.73295,4.73000,14.40102,4.73000,5.69839,4.73000,4.98565
4.74296,4.74000,13.90420,4.74000,5.54092,4.74000,4.88330
4.75297,4.75000,13.42578,4.75000,5.34253,4.75000,4.78874
4.76297,4.76000,12.98121,4.76000,5.11912,4.76000,4.70526
4.77298,4.77000,12.58308,4.77000,4.88671,4.77000,4.63486
4.78299,4.78000,12.24017,4.78000,4.66046,4.78000,4.57828
4.79299,4.79000,11.95681,4.79000,4.45371,4.79000,4.53501
4.80300,4.80000,11.73279,4.80000,4.27724,4.80000,4.50364
4.81300,4.81000,11.56366,4.81000,4.13888,4.81000,4.48206
4.82301,4.82000,11.44145,4.82000,4.04324,4.82000,4.46791
4.83302,4.83000,11.35572,4.83000,3.99190,4.83000,4.45887
4.84302,4.84000,11.29468,4.84000,3.98369,4.84000,4.45294
4.85303,4.85000,11.24640,4.85000,4.01522,4.85000,4.44871
4.86304,4.86000,11.19983,4.86000,4.08154,4.86000,4.44539
4.87304,4.87000,11.14564,4.87000,4.17669,4.87000,4.44289
4.88305,4.88000,11.07679,4.88000,4.29431,4.88000,4.44165
4.89305,4.89000,10.98881,4.89000,4.42806,4.89000,4.44252
4.90306,4.90000,10.87977,4.90000,4.57198,4.90000,4.44652
4.91307,4.91000,10.75007,4.91000,4.72068,4.91000,4.45461
4.92307,4.92000,10.60202,4.92000,4.86941,4.92000,4.46749
4.93308,4.93000,10.43931,4.93000,5.01403,4.93000,4.48548
4.94309,4.94000,10.26643,4.94000,5.15096,4.94000,4.50841
4.95309,4.95000,10.08805,4.95000,5.27701,4.95000,4.53568
4.96310,4.96000,9.90852,4.96000,5.38924,4.96000,4.56629
4.97310,4.97000,9.73146,4.97000,5.48477,4.97000,4.59895
4.98311,4.98000,9.55951,4.98000,5.56072,4.98000,4.63227
4.99312,4.99000,9.39419,4.99000,5.61407,4.99000,4.66488
5.00312,5.00000,9.23597,5.00000,5.64162,5.00000,4.69556
5.01313,5.01000,9.08437,5.01000,5.64009,5.01000,4.72336
5.02314,5.02000,8.93812,5.02000,5.60610,5.02000,4.74756
5.03314,5.03000,8.79535,5.03000,5.53637,5.03000,4.76762
5.04315,5.04000,8.65374,5.04000,5.42775,5.04000,4.78302
5.05315,5.05000,8.51064,5.05000,5.27739,5.05000,4.79304
5.06316,5.06000,8.36327,5.06000,5.08276,5.06000,4.79657
5.07317,5.07000,8.20890,5.07000,4.84182,5.07000,4.79188
5.08317,5.08000,8.04517,5.08000,4.55314,5.08000,4.77647
5.09318,5.09000,7.87045,5.09000,4.21612,5.09000,4.74706
5.10319,5.10000,7.68430,5.10000,3.83142,5.10000,4.69968
5.11319,5.11000,7.48798,5.11000,3.40134,5.11000,4.62999
5.12320,5.12000,7.28479,5.12000,2.93033,5.12000,4.53382
5.13320,5.13000,7.08031,5.13000,2.42548,5.13000,4.40772
5.14321,5.14000,6.88231,5.14000,1.89672,5.14000,4.24969
5.15322,5.15000,6.70029,5.15000,1.35685,5.15000,4.05970
5.16322,5.16000,6.54455,5.16000,0.82109,5.16000,3.83999
5.17323,5.17000,6.42506,5.17000,0.30626,5.17000,3.59519
5.18324,5.18000,6.35016,5.18000,-0.17042,5.18000,3.33204
5.19324,5.19000,6.32530,5.19000,-0.59264,5.19000,3.05887
5.20325,5.20000,6.35223,5.20000,-0.94650,5.20000,2.78497
5.21325,5.21000,6.42855,5.21000,-1.22168,5.21000,2.51976
5.22326,5.22000,6.54798,5.22000,-1.41241,5.22000,2.27207
5.23327,5.23000,6.70111,5.23000,-1.51797,5.23000,2.04951
5.24327,5.24000,6.87653,5.24000,-1.54269,5.24000,1.85804
5.25328,5.25000,7.06217,5.25000,-1.49547,5.25000,1.70182
5.26329,5.26000,7.24665,5.26000,-1.38886,5.26000,1.58314
5.27329,5.27000,7.42042,5.27000,-1.23789,5.27000,1.50269
5.28330,5.28000,7.57660,5.28000,-1.05868,5.28000,1.45979
5.29330,5.29000,7.71147,5.29000,-0.86713,5.29000,1.45268
5.30331,5.30000,7.82455,5.30000,-0.67777,5.30000,1.47891
5.31332,5.31000,7.91829,5.31000,-0.50286,5.31000,1.53559
5.32332,5.32000,7.99744,5.32000,-0.35183,5.32000,1.61968
5.33333,5.33000,8.06817,5.33000,-0.23116,5.33000,1.72828
5.34334,5.34000,8.13716,5.34000,-0.14442,5.34000,1.85878
5.35334,5.35000,8.21070,5.35000,-0.09275,5.35000,2.00903
5.36335,5.36000,8.29390,5.36000,-0.07534,5.36000,2.17741
5.37335,5.37000,8.39021,5.37000,-0.09005,5.37000,2.36279
5.38336,5.38000,8.50114,5.38000,-0.13403,5.38000,2.56438
5.39337,5.39000,8.62625,5.39000,-0.20414,5.39000,2.78155
5.40337,5.40000,8.76346,5.40000,-0.29736,5.40000,3.01345
5.41338,5.41000,8.90944,5.41000,-0.41094,5.41000,3.25873
5.42339,5.42000,9.06027,5.42000,-0.54253,5.42000,3.51515
5.43339,5.43000,9.21208,5.43000,-0.69007,5.43000,3.77943
5.44340,5.44000,9.36169,5.44000,-0.85171,5.44000,4.04705
5.45340,5.45000,9.50714,5.45000,-1.02555,5.45000,4.31232
5.46341,5.46000,9.64801,5.46000,-1.20951,5.46000,4.56853
5.47342,5.47000,9.78552,5.47000,-1.40106,5.47000,4.80827
5.48342,5.48000,9.92232,5.48000,-1.59711,5.48000,5.02383
5.49343,5.49000,10.06203,5.49000,-1.79378,5.49000,5.20770
5.50344,5.50000,10.20855,5.50000,-1.98633,5.50000,5.35303
5.51344,5.51000,10.36542,5.51000,-2.16901,5.51000,5.45409
5.52345,5.52000,10.53507,5.52000,-2.33498,5.52000,5.50660
5.53345,5.53000,10.71838,5.53000,-2.47640,5.53000,5.50802
5.54346,5.54000,10.91426,5.54000,-2.58454,5.54000,5.45766
5.55347,5.55000,11.11954,5.55000,-2.65009,5.55000,5.35677
5.56347,5.56000,11.32893,5.56000,-2.66358,5.56000,5.20850
5.57348,5.57000,11.53513,5.57000,-2.61598,5.57000,5.01778
5.58349,5.58000,11.72911,5.58000,-2.49934,5.58000,4.79112
5.59349,5.59000,11.90051,5.59000,-2.30755,5.59000,4.53633
5.60350,5.60000,12.03824,5.60000,-2.03709,5.60000,4.26213
5.61350,5.61000,12.13121,5.61000,-1.68782,5.61000,3.97776
5.62351,5.62000,12.16930,5.62000,-1.26371,5.62000,3.69249
5.63352,5.63000,12.14443,5.63000,-0.77334,5.63000,3.41521
5.64352,5.64000,12.05169,5.64000,-0.23010,5.64000,3.15399
5.65353,5.65000,11.89046,5.65000,0.34806,5.65000,2.91572
5.66354,5.66000,11.66526,5.66000,0.93950,5.66000,2.70577
5.67354,5.67000,11.38634,5.67000,1.52024,5.67000,2.52793
5.68355,5.68000,11.06956,5.68000,2.06580,5.68000,2.38433
5.69355,5.69000,10.73570,5.69000,2.55326,5.69000,2.27564
5.70356,5.70000,10.40898,5.70000,2.96315,5.70000,2.20133
5.71357,5.71000,10.11496,5.71000,3.28095,5.71000,2.15992
5.72357,5.72000,9.87804,5.72000,3.49795,5.72000,2.14931
5.73358,5.73000,9.71895,5.73000,3.61135,5.73000,2.16700
5.74359,5.74000,9.65264,5.74000,3.62384,5.74000,2.21016
5.75359,5.75000,9.68682,5.75000,3.54266,5.75000,2.27564
5.76360,5.76000,9.82145,5.76000,3.37851,5.76000,2.35991
5.77360,5.77000,10.04904,5.77000,3.14429,5.77000,2.45891
5.78361,5.78000,10.35574,5.78000,2.85395,5.78000,2.56794
5.79362,5.79000,10.72303,5.79000,2.52138,5.79000,2.68173
5.80362,5.80000,11.12971,5.80000,2.15952,5.80000,2.79444
5.81363,5.81000,11.55391,5.81000,1.77967,5.81000,2.89992
5.82364,5.82000,11.97492,5.82000,1.39115,5.82000,2.99190
5.83364,5.83000,12.37464,5.83000,1.00115,5.83000,3.06422
5.84365,5.84000,12.73845,5.84000,0.61497,5.84000,3.11110
5.85365,5.85000,13.05574,5.85000,0.23634,5.85000,3.12729
5.86366,5.86000,13.31983,5.86000,-0.13208,5.86000,3.10827
5.87367,5.87000,13.52763,5.87000,-0.48832,5.87000,3.05043
5.88367,5.88000,13.67911,5.88000,-0.83063,5.88000,2.95127
5.89368,5.89000,13.77660,5.89000,-1.15730,5.89000,2.80952
5.90369,5.90000,13.82405,5.90000,-1.46645,5.90000,2.62525
5.91369,5.91000,13.82642,5.91000,-1.75615,5.91000,2.39984
5.92370,5.92000,13.78907,5.92000,-2.02445,5.92000,2.13590
5.93370,5.93000,13.71742,5.93000,-2.26965,5.93000,1.83703
5.94371,5.94000,13.61668,5.94000,-2.49060,5.94000,1.50765
5.95372,5.95000,13.49179,5.95000,-2.68701,5.95000,1.15269
5.96372,5.96000,13.34756,5.96000,-2.85977,5.96000,0.77750
5.97373,5.97000,13.18887,5.97000,-3.01128,5.97000,0.38771
5.98374,5.98000,13.02096,5.98000,-3.14559,5.98000,-0.01070
5.99374,5.99000,12.84972,5.99000,-3.26861,5.99000,-0.41129
6.00375,6.00000,12.68186,6.00000,-3.38800,6.00000,-0.80703
6.01375,6.01000,12.52485,6.01000,-3.51305,6.01000,-1.19015
6.02376,6.02000,12.38664,6.02000,-3.65437,6.02000,-1.55222
6.03377,6.03000,12.27501,6.03000,-3.82336,6.03000,-1.88436
6.04377,6.04000,12.19679,6.04000,-4.03151,6.04000,-2.17774
6.05378,6.05000,12.15678,6.05000,-4.28955,6.05000,-2.42426
6.06379,6.06000,12.15679,6.06000,-4.60639,6.06000,-2.61743
6.07379,6.07000,12.19487,6.07000,-4.98803,6.07000,-2.75323
6.08380,6.08000,12.26489,6.08000,-5.43643,6.08000,-2.83085
6.09380,6.09000,12.35687,6.09000,-5.94854,6.09000,-2.85314
6.10381,6.10000,12.45790,6.10000,-6.51561,6.10000,-2.82667
6.11382,6.11000,12.55371,6.11000,-7.12278,6.11000,-2.76138
6.12382,6.12000,12.63071,6.12000,-7.74929,6.12000,-2.66966
6.13383,6.13000,12.67797,6.13000,-8.36916,6.13000,-2.56513
6.14384,6.14000,12.68876,6.14000,-8.95270,6.14000,-2.46118
6.15384,6.15000,12.66137,6.15000,-9.46851,6.15000,-2.36955
6.16385,6.16000,12.59893,6.16000,-9.88606,6.16000,-2.29919
6.17385,6.17000,12.50854,6.17000,-10.17859,6.17000,-2.25560
6.18386,6.18000,12.39973,6.18000,-10.32572,6.18000,-2.24063
6.19387,6.19000,12.28286,6.19000,-10.31570,6.19000,-2.25267
6.20387,6.20000,12.16766,6.20000,-10.14669,6.20000,-2.28727
6.21388,6.21000,12.06227,6.21000,-9.82707,6.21000,-2.33780
6.22389,6.22000,11.97286,6.22000,-9.37467,6.22000,-2.39615
6.23389,6.23000,11.90374,6.23000,-8.81501,6.23000,-2.45348
6.24390,6.24000,11.85792,6.24000,-8.17887,6.24000,-2.50078
6.25390,6.25000,11.83778,6.25000,-7.49953,6.25000,-2.52931
6.26391,6.26000,11.84563,6.26000,-6.80998,6.26000,-2.53103
6.27392,6.27000,11.88405,6.27000,-6.14046,6.27000,-2.49891
6.28392,6.28000,11.95574,6.28000,-5.51655,6.28000,-2.42722
6.29393,6.29000,12.06306,6.29000,-4.95795,6.29000,-2.31171
6.30394,6.30000,12.20739,6.30000,-4.47791,6.30000,-2.14984
6.31394,6.31000,12.38842,6.31000,-4.08330,6.31000,-1.94087
6.32395,6.32000,12.60367,6.32000,-3.77527,6.32000,-1.68590
6.33395,6.33000,12.84829,6.33000,-3.55017,6.33000,-1.38786
6.34396,6.34000,13.11523,6.34000,-3.40080,6.34000,-1.05137
6.35397,6.35000,13.39577,6.35000,-3.31763,6.35000,-0.68261
6.36397,6.36000,13.68026,6.36000,-3.28998,6.36000,-0.28901
6.37398,6.37000,13.95895,6.37000,-3.30699,6.37000,0.12092
6.38399,6.38000,14.22292,6.38000,-3.35830,6.38000,0.53787
6.39399,6.39000,14.46470,6.39000,-3.43447,6.39000,0.95194
6.40400,6.40000,14.67879,6.40000,-3.52706,6.40000,1.35291
6.41400,6.41000,14.86181,6.41000,-3.62850,6.41000,1.73040
6.42401,6.42000,15.01237,6.42000,-3.73173,6.42000,2.07423
6.43402,6.43000,15.13068,6.43000,-3.82982,6.43000,2.37470
6.44402,6.44000,15.21797,6.44000,-3.91558,6.44000,2.62302
6.45403,6.45000,15.27578,6.45000,-3.98128,6.45000,2.81176
6.46404,6.46000,15.30519,6.46000,-4.01858,6.46000,2.93530
6.47404,6.47000,15.30618,6.47000,-4.01869,6.47000,2.99026
6.48405,6.48000,15.27707,6.48000,-3.97266,6.48000,2.97585
6.49405,6.49000,15.21440,6.49000,-3.87197,6.49000,2.89403
6.50406,6.50000,15.11309,6.50000,-3.70927,6.50000,2.74950
6.51407,6.51000,14.96714,6.51000,-3.47928,6.51000,2.54939
6.52407,6.52000,14.77073,6.52000,-3.17976,6.52000,2.30294
6.53408,6.53000,14.51972,6.53000,-2.81254,6.53000,2.02098
6.54409,6.54000,14.21314,6.54000,-2.38428,6.54000,1.71546
6.55409,6.55000,13.85475,6.55000,-1.90691,6.55000,1.39891
6.56410,6.56000,13.45404,6.56000,-1.39744,6.56000,1.08403
6.57410,6.57000,13.02679,6.57000,-0.87716,6.57000,0.78312
6.58411,6.58000,12.59464,6.58000,-0.37020,6.58000,0.50774
6.59412,6.59000,12.18388,6.59000,0.09841,6.59000,0.26829
6.60412,6.60000,11.82333,6.60000,0.50503,6.60000,0.07364
6.61413,6.61000,11.54167,6.61000,0.82952,6.61000,-0.06918
6.62414,6.62000,11.36439,6.62000,1.05712,6.62000,-0.15537
6.63414,6.63000,11.31111,6.63000,1.17958,6.63000,-0.18256
6.64415,6.64000,11.39344,6.64000,1.19557,6.64000,-0.15102
6.65415,6.65000,11.61391,6.65000,1.11029,6.65000,-0.06353
6.66416,6.66000,11.96589,6.66000,0.93446,6.66000,0.07473
6.67417,6.67000,12.43444,6.67000,0.68288,6.67000,0.25639
6.68417,6.68000,12.99791,6.68000,0.37284,6.68000,0.47219
6.69418,6.69000,13.62996,6.69000,0.02255,6.69000,0.71126
6.70419,6.70000,14.30177,6.70000,-0.35020,6.70000,0.96154
6.71419,6.71000,14.98421,6.71000,-0.72910,6.71000,1.21024
6.72420,6.72000,15.64986,6.72000,-1.09997,6.72000,1.44445
6.73420,6.73000,16.27452,6.73000,-1.45111,6.73000,1.65173
6.74421,6.74000,16.83847,6.74000,-1.77339,6.74000,1.82076
6.75422,6.75000,17.32708,6.75000,-2.06010,6.75000,1.94193
6.76422,6.76000,17.73114,6.76000,-2.30681,6.76000,2.00781
6.77423,6.77000,18.04668,6.77000,-2.51107,6.77000,2.01364
6.78424,6.78000,18.27459,6.78000,-2.67228,6.78000,1.95757
6.79424,6.79000,18.41988,6.79000,-2.79147,6.79000,1.84082
6.80425,6.80000,18.49083,6.80000,-2.87123,6.80000,1.66764
6.81425,6.81000,18.49796,6.81000,-2.91549,6.81000,1.44503
6.82426,6.82000,18.45303,6.82000,-2.92938,6.82000,1.18227
6.83427,6.83000,18.36809,6.83000,-2.91903,6.83000,0.89037
6.84427,6.84000,18.25467,6.84000,-2.89139,6.84000,0.58141
6.85428,6.85000,18.12324,6.85000,-2.85398,6.85000,0.26793
6.86429,6.86000,17.98285,6.86000,-2.81476,6.86000,-0.03773
6.87429,6.87000,17.84098,6.87000,-2.78206,6.87000,-0.32384
6.88430,6.88000,17.70348,6.88000,-2.76445,6.88000,-0.57973
6.89430,6.89000,17.57455,6.89000,-2.77080,6.89000,-0.79611
6.90431,6.90000,17.45680,6.90000,-2.81016,6.90000,-0.96534
6.91432,6.91000,17.35123,6.91000,-2.89162,6.91000,-1.08168
6.92432,6.92000,17.25731,6.92000,-3.02393,6.92000,-1.14148
6.93433,6.93000,17.17303,6.93000,-3.21500,6.93000,-1.14346
6.94434,6.94000,17.09510,6.94000,-3.47110,6.94000,-1.08884
6.95434,6.95000,17.01924,6.95000,-3.79597,6.95000,-0.98144
6.96435,6.96000,16.94074,6.96000,-4.18978,6.96000,-0.82773
6.97435,6.97000,16.85510,6.97000,-4.64811,6.97000,-0.63670
6.98436,6.98000,16.75884,6.98000,-5.16119,6.98000,-0.41949
6.99437,6.99000,16.65049,6.99000,-5.71330,6.99000,-0.18887
7.00437,7.00000,16.53137,7.00000,-6.28284,7.00000,0.04166
7.01438,7.01000,16.40613,7.01000,-6.84289,7.01000,0.25883
7.02439,7.02000,16.28268,7.02000,-7.36263,7.02000,0.45069
7.03439,7.03000,16.17153,7.03000,-7.80951,7.03000,0.60747
7.04440,7.04000,16.08438,7.04000,-8.15199,7.04000,0.72220
7.05440,7.05000,16.03233,7.05000,-8.36262,7.05000,0.79087
7.06441,7.06000,16.02398,7.06000,-8.42096,7.06000,0.81231
7.07442,7.07000,16.06400,7.07000,-8.31590,7.07000,0.78778
7.08442,7.08000,16.15231,7.08000,-8.04708,7.08000,0.72051
7.09443,7.09000,16.28416,7.09000,-7.62521,7.09000,0.61525
7.10444,7.10000,16.45093,7.10000,-7.07110,7.10000,0.47791
7.11444,7.11000,16.64154,7.11000,-6.41389,7.11000,0.31540
7.12445,7.12000,16.84405,7.12000,-5.68834,7.12000,0.13549
7.13445,7.13000,17.04726,7.13000,-4.93182,7.13000,-0.05323
7.14446,7.14000,17.24205,7.14000,-4.18123,7.14000,-0.24151
7.15447,7.15000,17.42228,7.15000,-3.47031,7.15000,-0.41957
7.16447,7.16000,17.58499,7.16000,-2.82734,7.16000,-0.57743
7.17448,7.17000,17.73025,7.17000,-2.27379,7.17000,-0.70526
7.18449,7.18000,17.86036,7.18000,-1.82355,7.18000,-0.79389
7.19449,7.19000,17.97892,7.19000,-1.48305,7.19000,-0.83524
7.20450,7.20000,18.08985,7.20000,-1.25190,7.20000,-0.82288
7.21450,7.21000,18.19645,7.21000,-1.12407,7.21000,-0.75239
7.22451,7.22000,18.30085,7.22000,-1.08926,7.22000,-0.62171
7.23452,7.23000,18.40369,7.23000,-1.13444,7.23000,-0.43134
7.24452,7.24000,18.50422,7.24000,-1.24512,7.24000,-0.18440
7.25453,7.25000,18.60056,7.25000,-1.40654,7.25000,0.11337
7.26454,7.26000,18.69018,7.26000,-1.60431,7.26000,0.45379
7.27454,7.27000,18.77041,7.27000,-1.82483,7.27000,0.82648
7.28455,7.28000,18.83888,7.28000,-2.05534,7.28000,1.21925
7.29455,7.29000,18.89377,7.29000,-2.28369,7.29000,1.61856
7.30456,7.30000,18.93387,7.30000,-2.49809,7.30000,2.01019
7.31457,7.31000,18.95833,7.31000,-2.68682,7.31000,2.37996
7.32457,7.32000,18.96619,7.32000,-2.83808,7.32000,2.71446
7.33458,7.33000,18.95581,7.33000,-2.94004,7.33000,3.00189
7.34459,7.34000,18.92427,7.34000,-2.98114,7.34000,3.23270
7.35459,7.35000,18.86694,7.35000,-2.95056,7.35000,3.40007
7.36460,7.36000,18.77727,7.36000,-2.83902,7.36000,3.50023
7.37460,7.37000,18.64705,7.37000,-2.63961,7.37000,3.53242
7.38461,7.38000,18.46696,7.38000,-2.34889,7.38000,3.49872
7.39462,7.39000,18.22766,7.39000,-1.96792,7.39000,3.40367
7.40462,7.40000,17.92116,7.40000,-1.50317,7.40000,3.25377
7.41463,7.41000,17.54244,7.41000,-0.96720,7.41000,3.05709
7.42464,7.42000,17.09105,7.42000,-0.37867,7.42000,2.82277
7.43464,7.43000,16.57249,7.43000,0.23818,7.43000,2.56071
7.44465,7.44000,15.99909,7.44000,0.85491,7.44000,2.28126
7.45465,7.45000,15.39014,7.45000,1.44089,7.45000,1.99497
7.46466,7.46000,14.77098,7.46000,1.96580,7.46000,1.71227
7.47467,7.47000,14.17098,7.47000,2.40223,7.47000,1.44311
7.48467,7.48000,13.62069,7.48000,2.72805,7.48000,1.19648
7.49468,7.49000,13.14852,7.49000,2.92820,7.49000,0.97997
7.50469,7.50000,12.77761,7.50000,2.99567,7.50000,0.79946
7.51469,7.51000,12.52343,7.51000,2.93159,7.51000,0.65895
7.52470,7.52000,12.39250,7.52000,2.74461,7.52000,0.56062
7.53470,7.53000,12.38201,7.53000,2.44965,7.53000,0.50489
7.54471,7.54000,12.48060,7.54000,2.06623,7.54000,0.49044
7.55472,7.55000,12.66973,7.55000,1.61670,7.55000,0.51431
7.56472,7.56000,12.92578,7.56000,1.12442,7.56000,0.57191
7.57473,7.57000,13.22243,7.57000,0.61208,7.57000,0.65721
7.58474,7.58000,13.53302,7.58000,0.10035,7.58000,0.76297
7.59474,7.59000,13.83271,7.59000,-0.39305,7.59000,0.88122
7.60475,7.60000,14.10019,7.60000,-0.85397,7.60000,1.00361
7.61475,7.61000,14.31878,7.61000,-1.27189,7.61000,1.12199
7.62476,7.62000,14.47691,7.62000,-1.63975,7.62000,1.22871
7.63477,7.63000,14.56809,7.63000,-1.95352,7.63000,1.31693
7.64477,7.64000,14.59037,7.64000,-2.21166,7.64000,1.38086
7.65478,7.65000,14.54570,7.65000,-2.41457,7.65000,1.41586
7.66479,7.66000,14.43908,7.66000,-2.56418,7.66000,1.41855
7.67479,7.67000,14.27770,7.67000,-2.66370,7.67000,1.38695
7.68480,7.68000,14.07029,7.68000,-2.71737,7.68000,1.32056
7.69480,7.69000,13.82658,7.69000,-2.73050,7.69000,1.22050
7.70481,7.70000,13.55689,7.70000,-2.70946,7.70000,1.08964
7.71482,7.71000,13.27194,7.71000,-2.66169,7.71000,0.93267
7.72482,7.72000,12.98270,7.72000,-2.59575,7.72000,0.75611
7.73483,7.73000,12.70026,7.73000,-2.52136,7.73000,0.56823
7.74483,7.74000,12.43558,7.74000,-2.44925,7.74000,0.37880
7.75484,7.75000,12.19910,7.75000,-2.39112,7.75000,0.19856
7.76485,7.76000,12.00011,7.76000,-2.35932,7.76000,0.03862
7.77485,7.77000,11.84604,7.77000,-2.36649,7.77000,-0.09052
7.78486,7.78000,11.74156,7.78000,-2.42496,7.78000,-0.17984
7.79487,7.79000,11.68780,7.79000,-2.54606,7.79000,-0.22288
7.80487,7.80000,11.68178,7.80000,-2.73909,7.80000,-0.21658
7.81488,7.81000,11.71619,7.81000,-3.01030,7.81000,-0.16192
7.82488,7.82000,11.77970,7.82000,-3.36167,7.82000,-0.06419
7.83489,7.83000,11.85787,7.83000,-3.78988,7.83000,0.06717
7.84490,7.84000,11.93473,7.84000,-4.28547,7.84000,0.21933
7.85490,7.85000,11.99472,7.85000,-4.83238,7.85000,0.37724
7.86491,7.86000,12.02499,7.86000,-5.40806,7.86000,0.52522
7.87492,7.87000,12.01726,7.87000,-5.98416,7.87000,0.64858
7.88492,7.88000,11.96919,7.88000,-6.52800,7.88000,0.73517
7.89493,7.89000,11.88452,7.89000,-7.00478,7.89000,0.77647
7.90493,7.90000,11.77226,7.90000,-7.38048,7.90000,0.76809
7.91494,7.91000,11.64499,7.91000,-7.62501,7.91000,0.70966
7.92495,7.92000,11.51671,7.92000,-7.71535,7.92000,0.60435
7.93495,7.93000,11.40071,7.93000,-7.63821,7.93000,0.45802
7.94496,7.94000,11.30789,7.94000,-7.39169,7.94000,0.27836
7.95497,7.95000,11.24554,7.95000,-6.98586,7.95000,0.07411
7.96497,7.96000,11.21693,7.96000,-6.44205,7.96000,-0.14556
7.97498,7.97000,11.22145,7.97000,-5.79091,7.97000,-0.37140
7.98498,7.98000,11.25533,7.98000,-5.06964,7.98000,-0.59427
7.99499,7.99000,11.31273,7.99000,-4.31866,7.99000,-0.80520
8.00500,8.00000,11.38691,8.00000,-3.57814,8.00000,-0.99539
8.01500,8.01000,11.47138,8.01000,-2.88493,8.01000,-1.15631
8.02501,8.02000,11.56066,8.02000,-2.27006,8.02000,-1.27983
8.03502,8.03000,11.65065,8.03000,-1.75702,8.03000,-1.35852
8.04502,8.04000,11.73856,8.04000,-1.36091,8.04000,-1.38603
8.05503,8.05000,11.82251,8.05000,-1.08837,8.05000,-1.35757
8.06503,8.06000,11.90087,8.06000,-0.93817,8.06000,-1.27041
8.07504,8.07000,11.97170,8.07000,-0.90237,8.07000,-1.12434
8.08505,8.08000,12.03227,8.08000,-0.96767,8.08000,-0.92202
8.09505,8.09000,12.07892,8.09000,-1.11706,8.09000,-0.66908
8.10506,8.10000,12.10721,8.10000,-1.33143,8.10000,-0.37403
8.11507,8.11000,12.11242,8.11000,-1.59104,8.11000,-0.04792
8.12507,8.12000,12.09018,8.12000,-1.87683,8.12000,0.29624
8.13508,8.13000,12.03721,8.13000,-2.17143,8.13000,0.64429
8.14508,8.14000,11.95193,8.14000,-2.45974,8.14000,0.98172
8.15509,8.15000,11.83487,8.15000,-2.72933,8.15000,1.29467
8.16510,8.16000,11.68876,8.16000,-2.97028,8.16000,1.57080
8.17510,8.17000,11.51825,8.17000,-3.17496,8.17000,1.80008
8.18511,8.18000,11.32934,8.18000,-3.33743,8.18000,1.97544
8.19512,8.19000,11.12842,8.19000,-3.45291,8.19000,2.09313
8.20512,8.20000,10.92131,8.20000,-3.51720,8.20000,2.15289
8.21513,8.21000,10.71221,8.21000,-3.52629,8.21000,2.15784
8.22513,8.22000,10.50304,8.22000,-3.47624,8.22000,2.11407
8.23514,8.23000,10.29307,8.23000,-3.36328,8.23000,2.03006
8.24515,8.24000,10.07918,8.24000,-3.18442,8.24000,1.91587
8.25515,8.25000,9.85660,8.25000,-2.93818,8.25000,1.78237
8.26516,8.26000,9.62004,8.26000,-2.62564,8.26000,1.64037
8.27517,8.27000,9.36519,8.27000,-2.25138,8.27000,1.50000
8.28517,8.28000,9.09014,8.28000,-1.82422,8.28000,1.37011
8.29518,8.29000,8.79655,8.29000,-1.35742,8.29000,1.25794
8.30518,8.30000,8.49040,8.30000,-0.86838,8.30000,1.16877
8.31519,8.31000,8.18211,8.31000,-0.37759,8.31000,1.10581
8.32520,8.32000,7.88590,8.32000,0.09280,8.32000,1.07014
8.33520,8.33000,7.61857,8.33000,0.52084,8.33000,1.06076
8.34521,8.34000,7.39770,8.34000,0.88658,8.34000,1.07486
8.35522,8.35000,7.23960,8.35000,1.17379,8.35000,1.10807
8.36522,8.36000,7.15724,8.36000,1.37119,8.36000,1.15488
8.37523,8.37000,7.15849,8.37000,1.47316,8.37000,1.20913
8.38523,8.38000,7.24506,8.38000,1.48001,8.38000,1.26447
8.39524,8.39000,7.41221,8.39000,1.39764,8.39000,1.31481
8.40525,8.40000,7.64919,8.40000,1.23682,8.40000,1.35467
8.41525,8.41000,7.94035,8.41000,1.01211,8.41000,1.37936
8.42526,8.42000,8.26674,8.42000,0.74060,8.42000,1.38508
8.43527,8.43000,8.60786,8.43000,0.44053,8.43000,1.36898
8.44527,8.44000,8.94346,8.44000,0.12999,8.44000,1.32911
8.45528,8.45000,9.25512,8.45000,-0.17418,8.45000,1.26446
8.46528,8.46000,9.52746,8.46000,-0.45726,8.46000,1.17501
8.47529,8.47000,9.74892,8.47000,-0.70723,8.47000,1.06169
8.48530,8.48000,9.91201,8.48000,-0.91502,8.48000,0.92634
8.49530,8.49000,10.01328,8.49000,-1.07462,8.49000,0.77163
8.50531,8.50000,10.05278,8.50000,-1.18294,8.50000,0.60085
8.51532,8.51000,10.03346,8.51000,-1.23960,8.51000,0.41769
8.52532,8.52000,9.96045,8.52000,-1.24663,8.52000,0.22607
8.53533,8.53000,9.84032,8.53000,-1.20814,8.53000,0.02991
8.54533,8.54000,9.68048,8.54000,-1.13004,8.54000,-0.16700
8.55534,8.55000,9.48866,8.55000,-1.01979,8.55000,-0.36104
8.56535,8.56000,9.27263,8.56000,-0.88610,8.56000,-0.54879
8.57535,8.57000,9.03998,8.57000,-0.73875,8.57000,-0.72698
8.58536,8.58000,8.79812,8.58000,-0.58844,8.58000,-0.89241
8.59537,8.59000,8.55426,8.59000,-0.44658,8.59000,-1.04184
8.60537,8.60000,8.31540,8.60000,-0.32525,8.60000,-1.17198
8.61538,8.61000,8.08813,8.61000,-0.23696,8.61000,-1.27949
8.62538,8.62000,7.87833,8.62000,-0.19450,8.62000,-1.36110
8.63539,8.63000,7.69066,8.63000,-0.21060,8.63000,-1.41385
8.64540,8.64000,7.52798,8.64000,-0.29752,8.64000,-1.43539
8.65540,8.65000,7.39065,8.65000,-0.46635,8.65000,-1.42436
8.66541,8.66000,7.27606,8.66000,-0.72623,8.66000,-1.38086
8.67542,8.67000,7.17832,8.67000,-1.08333,8.67000,-1.30678
8.68542,8.68000,7.08832,8.68000,-1.53971,8.68000,-1.20609
8.69543,8.69000,6.99423,8.69000,-2.09226,8.69000,-1.08489
8.70543,8.70000,6.88257,8.70000,-2.73176,8.70000,-0.95126
8.71544,8.71000,6.73974,8.71000,-3.44230,8.71000,-0.81485
8.72545,8.72000,6.55387,8.72000,-4.20118,8.72000,-0.68609
8.73545,8.73000,6.31694,8.73000,-4.97931,8.73000,-0.57530
8.74546,8.74000,6.02650,8.74000,-5.74239,8.74000,-0.49160
8.75547,8.75000,5.68680,8.75000,-6.45272,8.75000,-0.44183
8.76547,8.76000,5.30892,8.76000,-7.07175,8.76000,-0.42981
8.77548,8.77000,4.90966,8.77000,-7.56314,8.77000,-0.45597
8.78548,8.78000,4.50974,8.78000,-7.89606,8.78000,-0.51752
8.79549,8.79000,4.13128,8.79000,-8.04823,8.79000,-0.60898
8.80550,8.80000,3.79542,8.80000,-8.00828,8.80000,-0.72302
8.81550,8.81000,3.52027,8.81000,-7.77706,8.81000,-0.85134
8.82551,8.82000,3.31944,8.82000,-7.36770,8.82000,-0.98543
8.83552,8.83000,3.20126,8.83000,-6.80444,8.83000,-1.11721
8.84552,8.84000,3.16865,8.84000,-6.12038,8.84000,-1.23927
8.85553,8.85000,3.21951,8.85000,-5.35449,8.85000,-1.34502
8.86553,8.86000,3.34752,8.86000,-4.54839,8.86000,-1.42863
8.87554,8.87000,3.54323,8.87000,-3.74310,8.87000,-1.48489
8.88555,8.88000,3.79512,8.88000,-2.97626,8.88000,-1.50914
8.89555,8.89000,4.09060,8.89000,-2.27992,8.89000,-1.49729
8.90556,8.90000,4.41678,8.90000,-1.67904,8.90000,-1.44591
8.91557,8.91000,4.76097,8.91000,-1.19070,8.91000,-1.35251
8.92557,8.92000,5.11105,8.92000,-0.82400,8.92000,-1.21583
8.93558,8.93000,5.45551,8.93000,-0.58051,8.93000,-1.03618
8.94558,8.94000,5.78354,8.94000,-0.45519,8.94000,-0.81574
8.95559,8.95000,6.08508,8.95000,-0.43769,8.95000,-0.55872
8.96560,8.96000,6.35089,8.96000,-0.51373,8.96000,-0.27138
8.97560,8.97000,6.57282,8.97000,-0.66665,8.97000,0.03811
8.98561,8.98000,6.74411,8.98000,-0.87871,8.98000,0.35999
8.99562,8.99000,6.85983,8.99000,-1.13235,8.99000,0.68340
9.00562,9.00000,6.91722,9.00000,-1.41099,9.00000,0.99691
9.01563,9.01000,6.91611,9.01000,-1.69957,9.01000,1.28912
9.02563,9.02000,6.85911,9.02000,-1.98477,9.02000,1.54933
9.03564,9.03000,6.75162,9.03000,-2.25489,9.03000,1.76805
9.04565,9.04000,6.60163,9.04000,-2.49949,9.04000,1.93761
9.05565,9.05000,6.41914,9.05000,-2.70904,9.05000,2.05258
9.06566,9.06000,6.21540,9.06000,-2.87452,9.06000,2.11021
9.07567,9.07000,6.00197,9.07000,-2.98721,9.07000,2.11066
9.08567,9.08000,5.78954,9.08000,-3.03873,9.08000,2.05713
9.09568,9.09000,5.58691,9.09000,-3.02136,9.09000,1.95576
9.10568,9.10000,5.39995,9.10000,-2.92855,9.10000,1.81531
9.11569,9.11000,5.23088,9.11000,-2.75580,9.11000,1.64667
9.12570,9.12000,5.07792,9.12000,-2.50163,9.12000,1.46203
9.13570,9.13000,4.93548,9.13000,-2.16862,9.13000,1.27400
9.14571,9.14000,4.79486,9.14000,-1.76436,9.14000,1.09462
9.15572,9.15000,4.64576,9.15000,-1.30215,9.15000,0.93439
9.16572,9.16000,4.47810,9.16000,-0.80116,9.16000,0.80148
9.17573,9.17000,4.28425,9.17000,-0.28590,9.17000,0.70121
9.18573,9.18000,4.06116,9.18000,0.21503,9.18000,0.63588
9.19574,9.19000,3.81189,9.19000,0.67101,9.19000,0.60496
9.20575,9.20000,3.54632,9.20000,1.05187,9.20000,0.60560
9.21575,9.21000,3.28066,9.21000,1.33064,9.21000,0.63340
9.22576,9.22000,3.03575,9.22000,1.48605,9.22000,0.68311
9.23577,9.23000,2.83464,9.23000,1.50451,9.23000,0.74944
9.24577,9.24000,2.69965,9.24000,1.38119,9.24000,0.82762
9.25578,9.25000,2.64985,9.25000,1.12015,9.25000,0.91394
9.26578,9.26000,2.69892,9.26000,0.73355,9.26000,1.00602
9.27579,9.27000,2.85384,9.27000,0.24012,9.27000,1.10284
9.28580,9.28000,3.11427,9.28000,-0.33685,9.28000,1.20451
9.29580,9.29000,3.47266,9.29000,-0.97162,9.29000,1.31186
9.30581,9.30000,3.91506,9.30000,-1.63806,9.30000,1.42583
9.31582,9.31000,4.42251,9.31000,-2.31150,9.31000,1.54696
9.32582,9.32000,4.97275,9.32000,-2.97011,9.32000,1.67483
9.33583,9.33000,5.54204,9.33000,-3.59583,9.33000,1.80769
9.34583,9.34000,6.10699,9.34000,-4.17487,9.34000,1.94231
9.35584,9.35000,6.64602,9.35000,-4.69768,9.35000,2.07386
9.36585,9.36000,7.14047,9.36000,-5.15862,9.36000,2.19616
9.37585,9.37000,7.57527,9.37000,-5.55538,9.37000,2.30195
9.38586,9.38000,7.93925,9.38000,-5.88820,9.38000,2.38349
9.39587,9.39000,8.22507,9.39000,-6.15919,9.39000,2.43318
9.40587,9.40000,8.42902,9.40000,-6.37167,9.40000,2.44436
9.41588,9.41000,8.55066,9.41000,-6.52969,9.41000,2.41207
9.42588,9.42000,8.59249,9.42000,-6.63787,9.42000,2.33377
9.43589,9.43000,8.55962,9.43000,-6.70130,9.43000,2.20986
9.44590,9.44000,8.45962,9.44000,-6.72577,9.44000,2.04399
9.45590,9.45000,8.30233,9.45000,-6.71795,9.45000,1.84301
9.46591,9.46000,8.09975,9.46000,-6.68583,9.46000,1.61666
9.47592,9.47000,7.86586,9.47000,-6.63892,9.47000,1.37695
9.48592,9.48000,7.61626,9.48000,-6.58854,9.48000,1.13732
9.49593,9.49000,7.36749,9.49000,-6.54779,9.49000,0.91158
9.50593,9.50000,7.13613,9.50000,-6.53134,9.50000,0.71276
9.51594,9.51000,6.93755,9.51000,-6.55483,9.51000,0.55188
9.52595,9.52000,6.78457,9.52000,-6.63398,9.52000,0.43685
9.53595,9.53000,6.68611,9.53000,-6.78340,9.53000,0.37167
9.54596,9.54000,6.64620,9.54000,-7.01525,9.54000,0.35591
9.55597,9.55000,6.66336,9.55000,-7.33776,9.55000,0.38471
9.56597,9.56000,6.73068,9.56000,-7.75382,9.56000,0.44919
9.57598,9.57000,6.83658,9.57000,-8.25981,9.57000,0.53732
9.58598,9.58000,6.96636,9.58000,-8.84469,9.58000,0.63504
9.59599,9.59000,7.10420,9.59000,-9.48972,9.59000,0.72782
9.60600,9.60000,7.23542,9.60000,-10.16866,9.60000,0.80218
9.61600,9.61000,7.34853,9.61000,-10.84896,9.61000,0.84725
9.62601,9.62000,7.43655,9.62000,-11.49367,9.62000,0.85594
9.63602,9.63000,7.49739,9.63000,-12.06422,9.63000,0.82557
9.64602,9.64000,7.53321,9.64000,-12.52367,9.64000,0.75786
9.65603,9.65000,7.54908,9.65000,-12.84018,9.65000,0.65829
9.66603,9.66000,7.55142,9.66000,-12.99004,9.66000,0.53506
9.67604,9.67000,7.54642,9.67000,-12.96005,9.67000,0.39788
9.68605,9.68000,7.53909,9.68000,-12.74877,9.68000,0.25683
9.69605,9.69000,7.53254,9.69000,-12.36660,9.69000,0.12130
9.70606,9.70000,7.52797,9.70000,-11.83463,9.70000,-0.00064
9.71607,9.71000,7.52479,9.71000,-11.18246,9.71000,-0.10261
9.72607,9.72000,7.52111,9.72000,-10.44537,9.72000,-0.18005
9.73608,9.73000,7.51430,9.73000,-9.66115,9.73000,-0.23009
9.74608,9.74000,7.50153,9.74000,-8.86705,9.74000,-0.25129
9.75609,9.75000,7.48018,9.75000,-8.09710,9.75000,-0.24339
9.76610,9.76000,7.44812,9.76000,-7.38009,9.76000,-0.20698
9.77610,9.77000,7.40373,9.77000,-6.73833,9.77000,-0.14328
9.78611,9.78000,7.34581,9.78000,-6.18708,9.78000,-0.05410
9.79612,9.79000,7.27335,9.79000,-5.73469,9.79000,0.05827
9.80612,9.80000,7.18535,9.80000,-5.38329,9.80000,0.19091
9.81613,9.81000,7.08073,9.81000,-5.12986,9.81000,0.34027
9.82613,9.82000,6.95842,9.82000,-4.96741,9.82000,0.50210
9.83614,9.83000,6.81765,9.83000,-4.88624,9.83000,0.67149
9.84615,9.84000,6.65834,9.84000,-4.87495,9.84000,0.84294
9.85615,9.85000,6.48161,9.85000,-4.92130,9.85000,1.01059
9.86616,9.86000,6.29020,9.86000,-5.01272,9.86000,1.16844
9.87617,9.87000,6.08878,9.87000,-5.13657,9.87000,1.31069
9.88617,9.88000,5.88395,9.88000,-5.28020,9.88000,1.43211
9.89618,9.89000,5.68397,9.89000,-5.43087,9.89000,1.52841
9.90618,9.90000,5.49807,9.90000,-5.57571,9.90000,1.59659
9.91619,9.91000,5.33555,9.91000,-5.70174,9.91000,1.63525
9.92620,9.92000,5.20460,9.92000,-5.79598,9.92000,1.64472
9.93620,9.93000,5.11106,9.93000,-5.84580,9.93000,1.62720
9.94621,9.94000,5.05736,9.94000,-5.83934,9.94000,1.58669
9.95622,9.95000,5.04155,9.95000,-5.76615,9.95000,1.52880
9.96622,9.96000,5.05691,9.96000,-5.61774,9.96000,1.46046
9.97623,9.97000,5.09200,9.97000,-5.38835,9.97000,1.38941
9.98623,9.98000,5.13139,9.98000,-5.07557,9.98000,1.32360
9.99624,9.99000,5.15700,9.99000,-4.68105,9.99000,1.27059
10.00625,10.00000,5.15005,10.00000,-4.21103,10.00000,1.23686
10.01625,10.01000,5.09340,10.01000,-3.67664,10.01000,1.22720
10.02626,10.02000,4.97394,10.02000,-3.09378,10.02000,1.24427
10.03627,10.03000,4.78478,10.03000,-2.48272,10.03000,1.28829
10.04627,10.04000,4.52683,10.04000,-1.86702,10.04000,1.35699
10.05628,10.05000,4.20940,10.05000,-1.27225,10.05000,1.44591
10.06628,10.06000,3.84980,10.06000,-0.72429,10.06000,1.54882
10.07629,10.07000,3.47158,10.07000,-0.24760,10.07000,1.65843
10.08630,10.08000,3.10190,10.08000,0.13649,10.08000,1.76712
10.09630,10.09000,2.76829,10.09000,0.41119,10.09000,1.86767
10.10631,10.10000,2.49543,10.10000,0.56529,10.10000,1.95397
10.11632,10.11000,2.30255,10.11000,0.59366,10.11000,2.02158
10.12632,10.12000,2.20166,10.12000,0.49737,10.12000,2.06805
10.13633,10.13000,2.19676,10.13000,0.28328,10.13000,2.09296
10.14633,10.14000,2.28400,10.14000,-0.03663,10.14000,2.09765
10.15634,10.15000,2.45245,10.15000,-0.44626,10.15000,2.08466
10.16635,10.16000,2.68566,10.16000,-0.92657,10.16000,2.05702
10.17635,10.17000,2.96348,10.17000,-1.45694,10.17000,2.01769
10.18636,10.18000,3.26414,10.18000,-2.01655,10.18000,1.96896
10.19637,10.19000,3.56632,10.19000,-2.58557,10.19000,1.91220
10.20637,10.20000,3.85089,10.20000,-3.14627,10.20000,1.84782
10.21638,10.21000,4.10226,10.21000,-3.68363,10.21000,1.77530
10.22638,10.22000,4.30915,10.22000,-4.18576,10.22000,1.69345
10.23639,10.23000,4.46484,10.23000,-4.64384,10.23000,1.60073
10.24640,10.24000,4.56691,10.24000,-5.05196,10.24000,1.49559
10.25640,10.25000,4.61671,10.25000,-5.40660,10.25000,1.37680
10.26641,10.26000,4.61851,10.26000,-5.70619,10.26000,1.24380
10.27642,10.27000,4.57875,10.27000,-5.95059,10.27000,1.09689
10.28642,10.28000,4.50516,10.28000,-6.14068,10.28000,0.93738
10.29643,10.29000,4.40623,10.29000,-6.27812,10.29000,0.76758
10.30643,10.30000,4.29068,10.30000,-6.36518,10.30000,0.59068
10.31644,10.31000,4.16729,10.31000,-6.40488,10.31000,0.41060
10.32645,10.32000,4.04478,10.32000,-6.40113,10.32000,0.23173
10.33645,10.33000,3.93187,10.33000,-6.35905,10.33000,0.05862
10.34646,10.34000,3.83731,10.34000,-6.28531,10.34000,-0.10419
10.35647,10.35000,3.76974,10.35000,-6.18847,10.35000,-0.25243
10.36647,10.36000,3.73745,10.36000,-6.07919,10.36000,-0.38233
10.37648,10.37000,3.74774,10.37000,-5.97020,10.37000,-0.49090
10.38648,10.38000,3.80617,10.38000,-5.87609,10.38000,-0.57614
10.39649,10.39000,3.91559,10.39000,-5.81265,10.39000,-0.63735
10.40650,10.40000,4.07525,10.40000,-5.79604,10.40000,-0.67534
10.41650,10.41000,4.28019,10.41000,-5.84170,10.41000,-0.69252
10.42651,10.42000,4.52089,10.42000,-5.96304,10.42000,-0.69295
10.43652,10.43000,4.78371,10.43000,-6.17014,10.43000,-0.68216
10.44652,10.44000,5.05175,10.44000,-6.46844,10.44000,-0.66693
10.45653,10.45000,5.30644,10.45000,-6.85747,10.45000,-0.65474
10.46653,10.46000,5.52958,10.46000,-7.33000,10.46000,-0.65304
10.47654,10.47000,5.70541,10.47000,-7.87152,10.47000,-0.66832
10.48655,10.48000,5.82250,10.48000,-8.46033,10.48000,-0.70510
10.49655,10.49000,5.87490,10.49000,-9.06850,10.49000,-0.76515
10.50656,10.50000,5.86250,10.50000,-9.66351,10.50000,-0.84710
10.51657,10.51000,5.79042,10.51000,-10.21071,10.51000,-0.94649
10.52657,10.52000,5.66780,10.52000,-10.67618,10.52000,-1.05642
10.53658,10.53000,5.50619,10.53000,-11.02984,10.53000,-1.16849
10.54658,10.54000,5.31808,10.54000,-11.24829,10.54000,-1.27390
10.55659,10.55000,5.11552,10.55000,-11.31707,10.55000,-1.36458
10.56660,10.56000,4.90913,10.56000,-11.23206,10.56000,-1.43399
10.57660,10.57000,4.70751,10.57000,-10.99985,10.57000,-1.47776
10.58661,10.58000,4.51702,10.58000,-10.63690,10.58000,-1.49382
10.59662,10.59000,4.34179,10.59000,-10.16794,10.59000,-1.48221
10.60662,10.60000,4.18406,10.60000,-9.62355,10.60000,-1.44468
10.61663,10.61000,4.04448,10.61000,-9.03736,10.61000,-1.38402
10.62663,10.62000,3.92248,10.62000,-8.44329,10.62000,-1.30344
10.63664,10.63000,3.81650,10.63000,-7.87289,10.63000,-1.20613
10.64665,10.64000,3.72414,10.64000,-7.35326,10.64000,-1.09492
10.65665,10.65000,3.64224,10.65000,-6.90551,10.65000,-0.97221
10.66666,10.66000,3.56694,10.66000,-6.54391,10.66000,-0.84007
10.67667,10.67000,3.49388,10.67000,-6.27564,10.67000,-0.70046
10.68667,10.68000,3.41834,10.68000,-6.10118,10.68000,-0.55549
10.69668,10.69000,3.33569,10.69000,-6.01517,10.69000,-0.40765
10.70668,10.70000,3.24180,10.70000,-6.00751,10.70000,-0.25999
10.71669,10.71000,3.13361,10.71000,-6.06487,10.71000,-0.11606
10.72670,10.72000,3.00958,10.72000,-6.17203,10.72000,0.02013
10.73670,10.73000,2.87014,10.73000,-6.31324,10.73000,0.14445
10.74671,10.74000,2.71788,10.74000,-6.47330,10.74000,0.25297
10.75672,10.75000,2.55753,10.75000,-6.63837,10.75000,0.34231
10.76672,10.76000,2.39563,10.76000,-6.79635,10.76000,0.41003
10.77673,10.77000,2.23998,10.77000,-6.93698,10.77000,0.45487
10.78673,10.78000,2.09883,10.78000,-7.05174,10.78000,0.47695
10.79674,10.79000,1.97997,10.79000,-7.13345,10.79000,0.47781
10.80675,10.80000,1.88980,10.80000,-7.17594,10.80000,0.46036
10.81675,10.81000,1.83243,10.81000,-7.17369,10.81000,0.42868
10.82676,10.82000,1.80898,10.82000,-7.12162,10.82000,0.38776
10.83677,10.83000,1.81716,10.83000,-7.01500,10.83000,0.34315
10.84677,10.84000,1.85113,10.84000,-6.84963,10.84000,0.30057
10.85678,10.85000,1.90181,10.85000,-6.62213,10.85000,0.26546
10.86678,10.86000,1.95751,10.86000,-6.33042,10.86000,0.24264
10.87679,10.87000,2.00497,10.87000,-5.97429,10.87000,0.23591
10.88680,10.88000,2.03067,10.88000,-5.55600,10.88000,0.24782
10.89680,10.89000,2.02240,10.89000,-5.08082,10.89000,0.27948
10.90681,10.90000,1.97088,10.90000,-4.55742,10.90000,0.33046
10.91681,10.91000,1.87119,10.91000,-3.99791,10.91000,0.39876
10.92682,10.92000,1.72392,10.92000,-3.41760,10.92000,0.48093
10.93683,10.93000,1.53568,10.93000,-2.83442,10.93000,0.57226
10.94683,10.94000,1.31883,10.94000,-2.26795,10.94000,0.66721
10.95684,10.95000,1.09034,10.95000,-1.73832,10.95000,0.75981
10.96685,10.96000,0.87001,10.96000,-1.26488,10.96000,0.84420
10.97685,10.97000,0.67812,10.97000,-0.86497,10.97000,0.91510
10.98686,10.98000,0.53305,10.98000,-0.55281,10.98000,0.96820
10.99686,10.99000,0.44922,10.99000,-0.33864,10.99000,1.00037
11.00687,11.00000,0.43568,11.00000,-0.22820,11.00000,1.00980
11.01688,11.01000,0.49535,11.01000,-0.22253,11.01000,0.99591
11.02688,11.02000,0.62508,11.02000,-0.31801,11.02000,0.95913
11.03689,11.03000,0.81628,11.03000,-0.50679,11.03000,0.90060
11.04690,11.04000,1.05601,11.04000,-0.77728,11.04000,0.82183
11.05690,11.05000,1.32848,11.05000,-1.11496,11.05000,0.72439
11.06691,11.06000,1.61666,11.06000,-1.50326,11.06000,0.60972
11.07691,11.07000,1.90385,11.07000,-1.92454,11.07000,0.47911
11.08692,11.08000,2.17497,11.08000,-2.36106,11.08000,0.33368
11.09693,11.09000,2.41758,11.09000,-2.79583,11.09000,0.17442
11.10693,11.10000,2.62237,11.10000,-3.21334,11.10000,0.00230
11.11694,11.11000,2.78331,11.11000,-3.60005,11.11000,-0.18172
11.12695,11.12000,2.89740,11.12000,-3.94473,11.12000,-0.37662
11.13695,11.13000,2.96421,11.13000,-4.23868,11.13000,-0.58133
11.14696,11.14000,2.98529,11.14000,-4.47576,11.14000,-0.79467
11.15696,11.15000,2.96354,11.15000,-4.65244,11.15000,-1.01530
11.16697,11.16000,2.90277,11.16000,-4.76781,11.16000,-1.24164
11.17698,11.17000,2.80729,11.17000,-4.82352,11.17000,-1.47186
11.18698,11.18000,2.68179,11.18000,-4.82368,11.18000,-1.70375
11.19699,11.19000,2.53143,11.19000,-4.77482,11.19000,-1.93475
11.20700,11.20000,2.36205,11.20000,-4.68567,11.20000,-2.16184
11.21700,11.21000,2.18052,11.21000,-4.56698,11.21000,-2.38164
11.22701,11.22000,1.99507,11.22000,-4.43126,11.22000,-2.59037
11.23701,11.23000,1.81538,11.23000,-4.29242,11.23000,-2.78396
11.24702,11.24000,1.65249,11.24000,-4.16543,11.24000,-2.95816
11.25703,11.25000,1.51826,11.25000,-4.06581,11.25000,-3.10880
11.26703,11.26000,1.42451,11.26000,-4.00916,11.26000,-3.23200
11.27704,11.27000,1.38189,11.27000,-4.01055,11.27000,-3.32463
11.28705,11.28000,1.39849,11.28000,-4.08377,11.28000,-3.38466
11.29705,11.29000,1.47845,11.29000,-4.24061,11.29000,-3.41158
11.30706,11.30000,1.62079,11.30000,-4.48991,11.30000,-3.40688
11.31706,11.31000,1.81857,11.31000,-4.83667,11.31000,-3.37427
11.32707,11.32000,2.05881,11.32000,-5.28118,11.32000,-3.31988
11.33708,11.33000,2.32319,11.33000,-5.81830,11.33000,-3.25215
11.34708,11.34000,2.58967,11.34000,-6.43694,11.34000,-3.18133
11.35709,11.35000,2.83498,11.35000,-7.11991,11.35000,-3.11871
11.36710,11.36000,3.03744,11.36000,-7.84402,11.36000,-3.07546
11.37710,11.37000,3.17991,11.37000,-8.58080,11.37000,-3.06120
11.38711,11.38000,3.25194,11.38000,-9.29768,11.38000,-3.08276
11.39711,11.39000,3.25105,11.39000,-9.95980,11.39000,-3.14316
11.40712,11.40000,3.18260,11.40000,-10.53240,11.40000,-3.24115
11.41713,11.41000,3.05855,11.41000,-10.98346,11.41000,-3.37140
11.42713,11.42000,2.89535,11.42000,-11.28645,11.42000,-3.52519
11.43714,11.43000,2.71148,11.43000,-11.42280,11.43000,-3.69155
11.44715,11.44000,2.52518,11.44000,-11.38369,11.44000,-3.85850
11.45715,11.45000,2.35255,11.45000,-11.17098,11.45000,-4.01433
11.46716,11.46000,2.20630,11.46000,-10.79711,11.46000,-4.14869
11.47716,11.47000,2.09522,11.47000,-10.28409,11.47000,-4.25326
11.48717,11.48000,2.02402,11.48000,-9.66156,11.48000,-4.32221
11.49718,11.49000,1.99381,11.49000,-8.96426,11.49000,-4.35222
11.50718,11.50000,2.00269,11.50000,-8.22924,11.50000,-4.34227
11.51719,11.51000,2.04655,11.51000,-7.49306,11.51000,-4.29328
11.52720,11.52000,2.11988,11.52000,-6.78929,11.52000,-4.20756
11.53720,11.53000,2.21639,11.53000,-6.14658,11.53000,-4.08836
11.54721,11.54000,2.32959,11.54000,-5.58730,11.54000,-3.93937
11.55721,11.55000,2.45315,11.55000,-5.12687,11.55000,-3.76447
11.56722,11.56000,2.58112,11.56000,-4.77372,11.56000,-3.56743
11.57723,11.57000,2.70803,11.57000,-4.52962,11.57000,-3.35192
11.58723,11.58000,2.82906,11.58000,-4.39059,11.58000,-3.12154
11.59724,11.59000,2.94008,11.59000,-4.34789,11.59000,-2.87993
11.60725,11.60000,3.03787,11.60000,-4.38922,11.60000,-2.63095
11.61725,11.61000,3.12031,11.61000,-4.49995,11.61000,-2.37872
11.62726,11.62000,3.18650,11.62000,-4.66413,11.62000,-2.12770
11.63726,11.63000,3.23691,11.63000,-4.86543,11.63000,-1.88266
11.64727,11.64000,3.27328,11.64000,-5.08782,11.64000,-1.64853
11.65728,11.65000,3.29844,11.65000,-5.31596,11.65000,-1.43028
11.66728,11.66000,3.31593,11.66000,-5.53552,11.66000,-1.23265
11.67729,11.67000,3.32952,11.67000,-5.73320,11.67000,-1.05991
11.68730,11.68000,3.34252,11.68000,-5.89683,11.68000,-0.91561
11.69730,11.69000,3.35723,11.69000,-6.01526,11.69000,-0.80230
11.70731,11.70000,3.37425,11.70000,-6.07842,11.70000,-0.72127
11.71731,11.71000,3.39207,11.71000,-6.07740,11.71000,-0.67234
11.72732,11.72000,3.40675,11.72000,-6.00456,11.72000,-0.65365
11.73733,11.73000,3.41192,11.73000,-5.85384,11.73000,-0.66161
11.74733,11.74000,3.39907,11.74000,-5.62118,11.74000,-0.69095
11.75734,11.75000,3.35811,11.75000,-5.30492,11.75000,-0.73492
11.76735,11.76000,3.27830,11.76000,-4.90639,11.76000,-0.78576
11.77735,11.77000,3.14947,11.77000,-4.43040,11.77000,-0.83531
11.78736,11.78000,2.96342,11.78000,-3.88565,11.78000,-0.87578
11.79736,11.79000,2.71546,11.79000,-3.28490,11.79000,-0.90058
11.80737,11.80000,2.40583,11.80000,-2.64487,11.80000,-0.90511
11.81738,11.81000,2.04073,11.81000,-1.98573,11.81000,-0.88724
11.82738,11.82000,1.63281,11.82000,-1.33016,11.82000,-0.84759
11.83739,11.83000,1.20082,11.83000,-0.70211,11.83000,-0.78929
11.84740,11.84000,0.76833,11.84000,-0.12535,11.84000,-0.71744
11.85740,11.85000,0.36166,11.85000,0.37811,11.85000,-0.63834
11.86741,11.86000,0.00727,11.86000,0.78946,11.86000,-0.55858
11.87741,11.87000,-0.27084,11.87000,1.09429,11.87000,-0.48420
11.88742,11.88000,-0.45336,11.88000,1.28341,11.88000,-0.41993
11.89743,11.89000,-0.52722,11.89000,1.35323,11.89000,-0.36866
11.90743,11.90000,-0.48648,11.90000,1.30575,11.90000,-0.33134
11.91744,11.91000,-0.33248,11.91000,1.14813,11.91000,-0.30707
11.92745,11.92000,-0.07344,11.92000,0.89209,11.92000,-0.29353
11.93745,11.93000,0.27646,11.93000,0.55298,11.93000,-0.28755
11.94746,11.94000,0.69849,11.94000,0.14873,11.94000,-0.28563
11.95746,11.95000,1.17104,11.95000,-0.30135,11.95000,-0.28446
11.96747,11.96000,1.67127,11.96000,-0.77766,11.96000,-0.28123
11.97748,11.97000,2.17685,11.97000,-1.26147,11.97000,-0.27386
11.98748,11.98000,2.66723,11.98000,-1.73576,11.98000,-0.26113
11.99749,11.99000,3.12473,11.99000,-2.18589,11.99000,-0.24272
12.00750,12.00000,3.53507,12.00000,-2.60000,12.00000,-0.21914
12.01750,12.01000,3.88766,12.01000,-2.96923,12.01000,-0.19165
12.02751,12.02000,4.17550,12.02000,-3.28770,12.02000,-0.16206
12.03751,12.03000,4.39490,12.03000,-3.55238,12.03000,-0.13259
12.04752,12.04000,4.54507,12.04000,-3.76284,12.04000,-0.10550
12.05753,12.05000,4.62768,12.05000,-3.92093,12.05000,-0.08289
12.06753,12.06000,4.64644,12.06000,-4.03047,12.06000,-0.06638
12.07754,12.07000,4.60682,12.07000,-4.09695,12.07000,-0.05687
12.08755,12.08000,4.51578,12.08000,-4.12720,12.08000,-0.05435
12.09755,12.09000,4.38171,12.09000,-4.12921,12.09000,-0.05780
12.10756,12.10000,4.21439,12.10000,-4.11199,12.10000,-0.06520
12.11756,12.11000,4.02483,12.11000,-4.08550,12.11000,-0.07372
12.12757,12.12000,3.82511,12.12000,-4.06065,12.12000,-0.07993
12.13758,12.13000,3.62791,12.13000,-4.04923,12.13000,-0.08025
12.14758,12.14000,3.44582,12.14000,-4.06376,12.14000,-0.07136
12.15759,12.15000,3.29044,12.15000,-4.11712,12.15000,-0.05075
12.16760,12.16000,3.17135,12.16000,-4.22196,12.16000,-0.01722
12.17760,12.17000,3.09503,12.17000,-4.38982,12.17000,0.02873
12.18761,12.18000,3.06406,12.18000,-4.63007,12.18000,0.08461
12.19761,12.19000,3.07670,12.19000,-4.94875,12.19000,0.14599
12.20762,12.20000,3.12712,12.20000,-5.34739,12.20000,0.20666
12.21763,12.21000,3.20622,12.21000,-5.82205,12.21000,0.25918
12.22763,12.22000,3.30310,12.22000,-6.36259,12.22000,0.29570
12.23764,12.23000,3.40695,12.23000,-6.95246,12.23000,0.30896
12.24765,12.24000,3.50877,12.24000,-7.56904,12.24000,0.29350
12.25765,12.25000,3.60279,12.25000,-8.18466,12.25000,0.24655
12.26766,12.26000,3.68699,12.26000,-8.76839,12.26000,0.16872
12.27766,12.27000,3.76279,12.27000,-9.28834,12.27000,0.06395
12.28767,12.28000,3.83398,12.28000,-9.71444,12.28000,-0.06096
12.29768,12.29000,3.90543,12.29000,-10.02119,12.29000,-0.19727
12.30768,12.30000,3.98179,12.30000,-10.19019,12.30000,-0.33545
12.31769,12.31000,4.06658,12.31000,-10.21201,12.31000,-0.46625
12.32770,12.32000,4.16179,12.32000,-10.08712,12.32000,-0.58167
12.33770,12.33000,4.26788,12.33000,-9.82586,12.33000,-0.67547
12.34771,12.34000,4.38410,12.34000,-9.44742,12.34000,-0.74349
12.35771,12.35000,4.50902,12.35000,-8.97798,12.35000,-0.78349
12.36772,12.36000,4.64100,12.36000,-8.44824,12.36000,-0.79487
12.37773,12.37000,4.77859,12.37000,-7.89081,12.37000,-0.77818
12.38773,12.38000,4.92062,12.38000,-7.33746,12.38000,-0.73473
12.39774,12.39000,5.06620,12.39000,-6.81684,12.39000,-0.66622
12.40775,12.40000,5.21434,12.40000,-6.35261,12.40000,-0.57451
12.41775,12.41000,5.36366,12.41000,-5.96221,12.41000,-0.46157
12.42776,12.42000,5.51201,12.42000,-5.65638,12.42000,-0.32950
12.43776,12.43000,5.65633,12.43000,-5.43925,12.43000,-0.18064
12.44777,12.44000,5.79261,12.44000,-5.30899,12.44000,-0.01770
12.45778,12.45000,5.91619,12.45000,-5.25881,12.45000,0.15621
12.46778,12.46000,6.02219,12.46000,-5.27820,12.46000,0.33743
12.47779,12.47000,6.10607,12.47000,-5.35419,12.47000,0.52183
12.48780,12.48000,6.16431,12.48000,-5.47256,12.48000,0.70484
12.49780,12.49000,6.19493,12.49000,-5.61880,12.49000,0.88158
12.50781,12.50000,6.19799,12.50000,-5.77892,12.50000,1.04711
12.51781,12.51000,6.17579,12.51000,-5.93988,12.51000,1.19663
12.52782,12.52000,6.13288,12.52000,-6.08992,12.52000,1.32574
12.53783,12.53000,6.07580,12.53000,-6.21859,12.53000,1.43074
12.54783,12.54000,6.01246,12.54000,-6.31671,12.54000,1.50882
12.55784,12.55000,5.95137,12.55000,-6.37637,12.55000,1.55836
12.56785,12.56000,5.90055,12.56000,-6.39080,12.56000,1.57906
12.57785,12.57000,5.86648,12.57000,-6.35444,12.57000,1.57211
12.58786,12.58000,5.85299,12.58000,-6.26302,12.58000,1.54021
12.59786,12.59000,5.86048,12.59000,-6.11379,12.59000,1.48747
12.60787,12.60000,5.88548,12.60000,-5.90583,12.60000,1.41928
12.61788,12.61000,5.92079,12.61000,-5.64049,12.61000,1.34190
12.62788,12.62000,5.95630,12.62000,-5.32182,12.62000,1.26208
12.63789,12.63000,5.98029,12.63000,-4.95699,12.63000,1.18654
12.64790,12.64000,5.98137,12.64000,-4.55649,12.64000,1.12138
12.65790,12.65000,5.95056,12.65000,-4.13413,12.65000,1.07150
12.66791,12.66000,5.88332,12.66000,-3.70660,12.66000,1.04012
12.67791,12.67000,5.78113,12.67000,-3.29264,12.67000,1.02844
12.68792,12.68000,5.65220,12.68000,-2.91188,12.68000,1.03551
12.69793,12.69000,5.51106,12.69000,-2.58344,12.69000,1.05842
12.70793,12.70000,5.37699,12.70000,-2.32449,12.70000,1.09273
12.71794,12.71000,5.27147,12.71000,-2.14894,12.71000,1.13306
12.72795,12.72000,5.21529,12.72000,-2.06646,12.72000,1.17371
12.73795,12.73000,5.22578,12.73000,-2.08176,12.73000,1.20925
12.74796,12.74000,5.31478,12.74000,-2.19446,12.74000,1.23508
12.75796,12.75000,5.48737,12.75000,-2.39927,12.75000,1.24769
12.76797,12.76000,5.74160,12.76000,-2.68652,12.76000,1.24485
12.77798,12.77000,6.06882,12.77000,-3.04302,12.77000,1.22551
12.78798,12.78000,6.45478,12.78000,-3.45306,12.78000,1.18965
12.79799,12.79000,6.88115,12.79000,-3.89948,12.79000,1.13800
12.80800,12.80000,7.32728,12.80000,-4.36484,12.80000,1.07174
12.81800,12.81000,7.77207,12.81000,-4.83247,12.81000,0.99227
12.82801,12.82000,8.19571,12.82000,-5.28732,12.82000,0.90098
12.83801,12.83000,8.58105,12.83000,-5.71664,12.83000,0.79912
12.84802,12.84000,8.91462,12.84000,-6.11035,12.84000,0.68767
12.85803,12.85000,9.18714,12.85000,-6.46119,12.85000,0.56728
12.86803,12.86000,9.39361,12.86000,-6.76461,12.86000,0.43827
12.87804,12.87000,9.53309,12.87000,-7.01850,12.87000,0.30072
12.88805,12.88000,9.60817,12.88000,-7.22282,12.88000,0.15457
12.89805,12.89000,9.62434,12.89000,-7.37918,12.89000,-0.00016
12.90806,12.90000,9.58922,12.90000,-7.49045,12.90000,-0.16318
12.91806,12.91000,9.51195,12.91000,-7.56037,12.91000,-0.33373
12.92807,12.92000,9.40256,12.92000,-7.59324,12.92000,-0.51031
12.93808,12.93000,9.27156,12.93000,-7.59369,12.93000,-0.69057
12.94808,12.94000,9.12967,12.94000,-7.56664,12.94000,-0.87123
12.95809,12.95000,8.98763,12.95000,-7.51726,12.95000,-1.04806
12.96810,12.96000,8.85599,12.96000,-7.45116,12.96000,-1.21599
12.97810,12.97000,8.74492,12.97000,-7.37451,12.97000,-1.36931
12.98811,12.98000,8.66378,12.98000,-7.29432,12.98000,-1.50204
12.99811,12.99000,8.62057,12.99000,-7.21857,12.99000,-1.60829
13.00812,13.00000,8.62124,13.00000,-7.15622,13.00000,-1.68279
13.01813,13.01000,8.66892,13.01000,-7.11716,13.01000,-1.72137
13.02813,13.02000,8.76322,13.02000,-7.11183,13.02000,-1.72143
13.03814,13.03000,8.89967,13.03000,-7.15076,13.03000,-1.68243
13.04815,13.04000,9.06945,13.04000,-7.24382,13.04000,-1.60614
13.05815,13.05000,9.25965,13.05000,-7.39934,13.05000,-1.49686
13.06816,13.06000,9.45391,13.06000,-7.62311,13.06000,-1.36141
13.07816,13.07000,9.63368,13.07000,-7.91742,13.07000,-1.20891
13.08817,13.08000,9.77997,13.08000,-8.28008,13.08000,-1.05026
13.09818,13.09000,9.87538,13.09000,-8.70375,13.09000,-0.89733
13.10818,13.10000,9.90620,13.10000,-9.17547,13.10000,-0.76195
13.11819,13.11000,9.86422,13.11000,-9.67671,13.11000,-0.65467
13.12820,13.12000,9.74779,13.12000,-10.18408,13.12000,-0.58372
13.13820,13.13000,9.56199,13.13000,-10.67061,13.13000,-0.55418
13.14821,13.14000,9.31778,13.14000,-11.10780,13.14000,-0.56764
13.15821,13.15000,9.03033,13.15000,-11.46805,13.15000,-0.62227
13.16822,13.16000,8.71698,13.16000,-11.72729,13.16000,-0.71328
13.17823,13.17000,8.39518,13.17000,-11.86741,13.17000,-0.83373
13.18823,13.18000,8.08081,13.18000,-11.87814,13.18000,-0.97535
13.19824,13.19000,7.78696,13.19000,-11.75818,13.19000,-1.12941
13.20825,13.20000,7.52339,13.20000,-11.51531,13.20000,-1.28738
13.21825,13.21000,7.29652,13.21000,-11.16555,13.21000,-1.44144
13.22826,13.22000,7.10985,13.22000,-10.73152,13.22000,-1.58476
13.23826,13.23000,6.96469,13.23000,-10.24017,13.23000,-1.71157
13.24827,13.24000,6.86077,13.24000,-9.72029,13.24000,-1.81712
13.25828,13.25000,6.79688,13.25000,-9.19995,13.25000,-1.89770
13.26828,13.26000,6.77109,13.26000,-8.70432,13.26000,-1.95054
13.27829,13.27000,6.78086,13.27000,-8.25404,13.27000,-1.97394
13.28830,13.28000,6.82283,13.28000,-7.86418,13.28000,-1.96731
13.29830,13.29000,6.89264,13.29000,-7.54388,13.29000,-1.93133
13.30831,13.30000,6.98481,13.30000,-7.29663,13.30000,-1.86808
13.31831,13.31000,7.09268,13.31000,-7.12102,13.31000,-1.78104
13.32832,13.32000,7.20877,13.32000,-7.01182,13.32000,-1.67503
13.33833,13.33000,7.32521,13.33000,-6.96113,13.33000,-1.55608
13.34833,13.34000,7.43447,13.34000,-6.95959,13.34000,-1.43103
13.35834,13.35000,7.53016,13.35000,-6.99741,13.35000,-1.30724
13.36835,13.36000,7.60770,13.36000,-7.06510,13.36000,-1.19209
13.37835,13.37000,7.66496,13.37000,-7.15391,13.37000,-1.09258
13.38836,13.38000,7.70260,13.38000,-7.25603,13.38000,-1.01484
13.39836,13.39000,7.72405,13.39000,-7.36447,13.39000,-0.96380
13.40837,13.40000,7.73528,13.40000,-7.47284,13.40000,-0.94286
13.41838,13.41000,7.74415,13.41000,-7.57500,13.41000,-0.95370
13.42838,13.42000,7.75955,13.42000,-7.66476,13.42000,-0.99626
13.43839,13.43000,7.79029,13.43000,-7.73569,13.43000,-1.06877
13.44840,13.44000,7.84395,13.44000,-7.78097,13.44000,-1.16804
13.45840,13.45000,7.92574,13.45000,-7.79353,13.45000,-1.28978
13.46841,13.46000,8.03752,13.46000,-7.76625,13.46000,-1.42909
13.47841,13.47000,8.17721,13.47000,-7.69237,13.47000,-1.58103
13.48842,13.48000,8.33862,13.48000,-7.56601,13.48000,-1.74107
13.49843,13.49000,8.51187,13.49000,-7.38291,13.49000,-1.90558
13.50843,13.50000,8.68444,13.50000,-7.14117,13.50000,-2.07199
13.51844,13.51000,8.84275,13.51000,-6.84208,13.51000,-2.23894
13.52845,13.52000,8.97406,13.52000,-6.49078,13.52000,-2.40607
13.53845,13.53000,9.06847,13.53000,-6.09660,13.53000,-2.57383
13.54846,13.54000,9.12082,13.54000,-5.67305,13.54000,-2.74314
13.55846,13.55000,9.13198,13.55000,-5.23723,13.55000,-2.91504
13.56847,13.56000,9.10944,13.56000,-4.80882,13.56000,-3.09033
13.57848,13.57000,9.06680,13.57000,-4.40861,13.57000,-3.26927
13.58848,13.58000,9.02234,13.58000,-4.05697,13.58000,-3.45132
13.59849,13.59000,8.99656,13.59000,-3.77217,13.59000,-3.63506
13.60850,13.60000,9.00940,13.60000,-3.56902,13.60000,-3.81828
13.61850,13.61000,9.07742,13.61000,-3.45792,13.61000,-3.99821
13.62851,13.62000,9.21183,13.62000,-3.44433,13.62000,-4.17177
13.63851,13.63000,9.41741,13.63000,-3.52880,13.63000,-4.33595
13.64852,13.64000,9.69242,13.64000,-3.70732,13.64000,-4.48811
13.65853,13.65000,10.02925,13.65000,-3.97195,13.65000,-4.62634
13.66853,13.66000,10.41558,13.66000,-4.31161,13.66000,-4.74982
13.67854,13.67000,10.83586,13.67000,-4.71288,13.67000,-4.85902
13.68855,13.68000,11.27305,13.68000,-5.16089,13.68000,-4.95583
13.69855,13.69000,11.71022,13.69000,-5.64027,13.69000,-5.04339
13.70856,13.70000,12.13199,13.70000,-6.13603,13.70000,-5.12574
13.71856,13.71000,12.52575,13.71000,-6.63438,13.71000,-5.20738
13.72857,13.72000,12.88230,13.72000,-7.12335,13.72000,-5.29273
13.73858,13.73000,13.19618,13.73000,-7.59330,13.73000,-5.38566
13.74858,13.74000,13.46551,13.74000,-8.03708,13.74000,-5.48918
13.75859,13.75000,13.69146,13.75000,-8.45001,13.75000,-5.60529
13.76860,13.76000,13.87757,13.76000,-8.82965,13.76000,-5.73494
13.77860,13.77000,14.02887,13.77000,-9.17541,13.77000,-5.87818
13.78861,13.78000,14.15119,13.78000,-9.48806,13.78000,-6.03435
13.79861,13.79000,14.25044,13.79000,-9.76924,13.79000,-6.20232
13.80862,13.80000,14.33224,13.80000,-10.02097,13.80000,-6.38073
13.81863,13.81000,14.40164,13.81000,-10.24526,13.81000,-6.56815
13.82863,13.82000,14.46315,13.82000,-10.44382,13.82000,-6.76320
13.83864,13.83000,14.52078,13.83000,-10.61796,13.83000,-6.96453
13.84865,13.84000,14.57827,13.84000,-10.76856,13.84000,-7.17081
13.85865,13.85000,14.63924,13.85000,-10.89630,13.85000,-7.38048
13.86866,13.86000,14.70732,13.86000,-11.00181,13.86000,-7.59168
13.87866,13.87000,14.78618,13.87000,-11.08607,13.87000,-7.80208
13.88867,13.88000,14.87942,13.88000,-11.15073,13.88000,-8.00880
13.89868,13.89000,14.99032,13.89000,-11.19845,13.89000,-8.20846
13.90868,13.90000,15.12157,13.90000,-11.23323,13.90000,-8.39729
13.91869,13.91000,15.27488,13.91000,-11.26067,13.91000,-8.57120
13.92870,13.92000,15.45074,13.92000,-11.28808,13.92000,-8.72610
13.93870,13.93000,15.64811,13.93000,-11.32432,13.93000,-8.85806
13.94871,13.94000,15.86436,13.94000,-11.37946,13.94000,-8.96361
13.95871,13.95000,16.09531,13.95000,-11.46415,13.95000,-9.03999
13.96872,13.96000,16.33552,13.96000,-11.58877,13.96000,-9.08540
13.97873,13.97000,16.57881,13.97000,-11.76239,13.97000,-9.09919
13.98873,13.98000,16.81901,13.98000,-11.99170,13.98000,-9.08195
13.99874,13.99000,17.05089,13.99000,-12.27994,13.99000,-9.03552
14.00875,14.00000,17.27117,14.00000,-12.62603,14.00000,-8.96281
14.01875,14.01000,17.47936,14.01000,-13.02410,14.01000,-8.86761
14.02876,14.02000,17.67826,14.02000,-13.46341,14.02000,-8.75415
14.03876,14.03000,17.87373,14.03000,-13.92900,14.03000,-8.62688
14.04877,14.04000,18.07396,14.04000,-14.40277,14.04000,-8.49010
14.05878,14.05000,18.28802,14.05000,-14.86515,14.05000,-8.34781
14.06878,14.06000,18.52427,14.06000,-15.29697,14.06000,-8.20358
14.07879,14.07000,18.78875,14.07000,-15.68136,14.07000,-8.06057
14.08880,14.08000,19.08405,14.08000,-16.00542,14.08000,-7.92152
14.09880,14.09000,19.40872,14.09000,-16.26142,14.09000,-7.78882
14.10881,14.10000,19.75747,14.10000,-16.44729,14.10000,-7.66445
14.11881,14.11000,20.12193,14.11000,-16.56659,14.11000,-7.54993
14.12882,14.12000,20.49198,14.12000,-16.62779,14.12000,-7.44612
14.13883,14.13000,20.85736,14.13000,-16.64314,14.13000,-7.35309
14.14883,14.14000,21.20912,14.14000,-16.62723,14.14000,-7.26990
14.15884,14.15000,21.54094,14.15000,-16.59541,14.15000,-7.19459
14.16884,14.16000,21.84976,14.16000,-16.56239,14.16000,-7.12423
14.17885,14.17000,22.13591,14.17000,-16.54101,14.17000,-7.05521
14.18886,14.18000,22.40262,14.18000,-16.54147,14.18000,-6.98369
14.19886,14.19000,22.65518,14.19000,-16.57083,14.19000,-6.90614
14.20887,14.20000,22.89996,14.20000,-16.63300,14.20000,-6.81996
14.21888,14.21000,23.14341,14.21000,-16.72898,14.21000,-6.72391
14.22888,14.22000,23.39125,14.22000,-16.85733,14.22000,-6.61848
14.23889,14.23000,23.64787,14.23000,-17.01471,14.23000,-6.50595
14.24889,14.24000,23.91595,14.24000,-17.19652,14.24000,-6.39034
14.25890,14.25000,24.19631,14.25000,-17.39733,14.25000,-6.27718
14.26891,14.26000,24.48794,14.26000,-17.61133,14.26000,-6.17317
14.27891,14.27000,24.78820,14.27000,-17.83251,14.27000,-6.08575
14.28892,14.28000,25.09310,14.28000,-18.05491,14.28000,-6.02263
14.29893,14.29000,25.39771,14.29000,-18.27257,14.29000,-5.99140
14.30893,14.30000,25.69648,14.30000,-18.47962,14.30000,-5.99908
14.31894,14.31000,25.98366,14.31000,-18.67021,14.31000,-6.05191
14.32894,14.32000,26.25349,14.32000,-18.83850,14.32000,-6.15508
14.33895,14.33000,26.50038,14.33000,-18.97868,14.33000,-6.31270
14.34896,14.34000,26.71907,14.34000,-19.08502,14.34000,-6.52779
14.35896,14.35000,26.90464,14.35000,-19.15206,14.35000,-6.80234
14.36897,14.36000,27.05256,14.36000,-19.17477,14.36000,-7.13739
14.37898,14.37000,27.15876,14.37000,-19.14892,14.37000,-7.53316
14.38898,14.38000,27.21969,14.38000,-19.07140,14.38000,-7.98913
14.39899,14.39000,27.23250,14.39000,-18.94064,14.39000,-8.50417
14.40899,14.40000,27.19521,14.40000,-18.75698,14.40000,-9.07659
14.41900,14.41000,27.10708,14.41000,-18.52307,14.41000,-9.70425
14.42901,14.42000,26.96886,14.42000,-18.24421,14.42000,-10.38458
14.43901,14.43000,26.78322,14.43000,-17.92851,14.43000,-11.11468
14.44902,14.44000,26.55498,14.44000,-17.58685,14.44000,-11.89140
14.45903,14.45000,26.29121,14.45000,-17.23264,14.45000,-12.71149
14.46903,14.46000,26.00131,14.46000,-16.88125,14.46000,-13.57163
14.47904,14.47000,25.69665,14.47000,-16.54913,14.47000,-14.46838
14.48904,14.48000,25.39004,14.48000,-16.25276,14.48000,-15.39795
14.49905,14.49000,25.09471,14.49000,-16.00745,14.49000,-16.35576
14.50906,14.50000,24.82314,14.50000,-15.82612,14.50000,-17.33602
14.51906,14.51000,24.58592,14.51000,-15.71836,14.51000,-18.33148
14.52907,14.52000,24.39105,14.52000,-15.68975,14.52000,-19.33340
14.53908,14.53000,24.24361,14.53000,-15.74161,14.53000,-20.33165
14.54908,14.54000,24.14592,14.54000,-15.87102,14.54000,-21.31506
14.55909,14.55000,24.09792,14.55000,-16.07107,14.55000,-22.27177
14.56909,14.56000,24.09763,14.56000,-16.33142,14.56000,-23.18963
14.57910,14.57000,24.14166,14.57000,-16.63896,14.57000,-24.05664
14.58911,14.58000,24.22565,14.58000,-16.97870,14.58000,-24.86140
14.59911,14.59000,24.34454,14.59000,-17.33470,14.59000,-25.59357
14.60912,14.60000,24.49287,14.60000,-17.69107,14.60000,-26.24431
14.61913,14.61000,24.66493,14.61000,-18.03287,14.61000,-26.80672
14.62913,14.62000,24.85493,14.62000,-18.34700,14.62000,-27.27620
14.63914,14.63000,25.05716,14.63000,-18.62276,14.63000,-27.65072
14.64914,14.64000,25.26608,14.64000,-18.85229,14.64000,-27.93105
14.65915,14.65000,25.47644,14.65000,-19.03069,14.65000,-28.12066
14.66916,14.66000,25.68341,14.66000,-19.15596,14.66000,-28.22559
14.67916,14.67000,25.88262,14.67000,-19.22875,14.67000,-28.25412
14.68917,14.68000,26.07029,14.68000,-19.25197,14.68000,-28.21620
14.69918,14.69000,26.24324,14.69000,-19.23027,14.69000,-28.12295
14.70918,14.70000,26.39894,14.70000,-19.16959,14.70000,-27.98605
14.71919,14.71000,26.53554,14.71000,-19.07661,14.71000,-27.81715
14.72919,14.72000,26.65190,14.72000,-18.95833,14.72000,-27.62738
14.73920,14.73000,26.74766,14.73000,-18.82170,14.73000,-27.42697
14.74921,14.74000,26.82324,14.74000,-18.67334,14.74000,-27.22494
14.75921,14.75000,26.87993,14.75000,-18.51938,14.75000,-27.02898
14.76922,14.76000,26.91991,14.76000,-18.36535,14.76000,-26.84528
14.77923,14.77000,26.94618,14.77000,-18.21620,14.77000,-26.67854
14.78923,14.78000,26.96249,14.78000,-18.07634,14.78000,-26.53189
14.79924,14.79000,26.97312,14.79000,-17.94978,14.79000,-26.40679
14.80924,14.80000,26.98262,14.80000,-17.84023,14.80000,-26.30304
14.81925,14.81000,26.99543,14.81000,-17.75124,14.81000,-26.21872
14.82926,14.82000,27.01560,14.82000,-17.68625,14.82000,-26.15020
14.83926,14.83000,27.04640,14.83000,-17.64862,14.83000,-26.09222
14.84927,14.84000,27.09010,14.84000,-17.64145,14.84000,-26.03811
14.85928,14.85000,27.14783,14.85000,-17.66735,14.85000,-25.98001
14.86928,14.86000,27.21953,14.86000,-17.72802,14.86000,-25.90930
14.87929,14.87000,27.30413,14.87000,-17.82380,14.87000,-25.81711
14.88929,14.88000,27.39974,14.88000,-17.95314,14.88000,-25.69495
14.89930,14.89000,27.50408,14.89000,-18.11223,14.89000,-25.53535
14.90931,14.90000,27.61474,14.90000,-18.29483,14.90000,-25.33250
14.91931,14.91000,27.72948,14.91000,-18.49238,14.91000,-25.08279
14.92932,14.92000,27.84629,14.92000,-18.69454,14.92000,-24.78512
14.93933,14.93000,27.96317,14.93000,-18.88991,14.93000,-24.44107
14.94933,14.94000,28.07772,14.94000,-19.06703,14.94000,-24.05485
14.95934,14.95000,28.18663,14.95000,-19.21535,14.95000,-23.63311
14.96934,14.96000,28.28537,14.96000,-19.32605,14.96000,-23.18462
14.97935,14.97000,28.36802,14.97000,-19.39262,14.97000,-22.71973
14.98936,14.98000,28.42755,14.98000,-19.41119,14.98000,-22.24975
14.99936,14.99000,28.45640,14.99000,-19.38049,14.99000,-21.78618
15.00937,15.00000,28.44725,15.00000,-19.30167,15.00000,-21.33994
15.01938,15.01000,28.39402,15.01000,-19.17796,15.01000,-20.92064
15.02938,15.02000,28.29264,15.02000,-19.01425,15.02000,-20.53594
15.03939,15.03000,28.14176,15.03000,-18.81667,15.03000,-20.19118
15.04939,15.04000,27.94295,15.04000,-18.59214,15.04000,-19.88911
15.05940,15.05000,27.70074,15.05000,-18.34798,15.05000,-19.62997
15.06941,15.06000,27.42211,15.06000,-18.09143,15.06000,-19.41160
15.07941,15.07000,27.11595,15.07000,-17.82933,15.07000,-19.22990
15.08942,15.08000,26.79214,15.08000,-17.56768,15.08000,-19.07926
15.09943,15.09000,26.46078,15.09000,-17.31141,15.09000,-18.95312
15.10943,15.10000,26.13129,15.10000,-17.06412,15.10000,-18.84452
15.11944,15.11000,25.81183,15.11000,-16.82802,15.11000,-18.74661
15.12944,15.12000,25.50876,15.12000,-16.60389,15.12000,-18.65302
15.13945,15.13000,25.22645,15.13000,-16.39123,15.13000,-18.55821
15.14946,15.14000,24.96726,15.14000,-16.18840,15.14000,-18.45760
15.15946,15.15000,24.73163,15.15000,-15.99296,15.15000,-18.34759
15.16947,15.16000,24.51837,15.16000,-15.80187,15.16000,-18.22557
15.17948,15.17000,24.32494,15.17000,-15.61180,15.17000,-18.08983
15.18948,15.18000,24.14778,15.18000,-15.41932,15.18000,-17.93945
15.19949,15.19000,23.98262,15.19000,-15.22105,15.19000,-17.77423
15.20949,15.20000,23.82473,15.20000,-15.01372,15.20000,-17.59465
15.21950,15.21000,23.66920,15.21000,-14.79413,15.21000,-17.40185
15.22951,15.22000,23.51112,15.22000,-14.55915,15.22000,-17.19757
15.23951,15.23000,23.34582,15.23000,-14.30556,15.23000,-16.98414
15.24952,15.24000,23.16902,15.24000,-14.03007,15.24000,-16.76436
15.25953,15.25000,22.97701,15.25000,-13.72921,15.25000,-16.54131
15.26953,15.26000,22.76677,15.26000,-13.39931,15.26000,-16.31816
15.27954,15.27000,22.53610,15.27000,-13.03652,15.27000,-16.09787
15.28954,15.28000,22.28361,15.28000,-12.63685,15.28000,-15.88289
15.29955,15.29000,22.00880,15.29000,-12.19630,15.29000,-15.67486
15.30956,15.30000,21.71198,15.30000,-11.71106,15.30000,-15.47433
15.31956,15.31000,21.39425,15.31000,-11.17783,15.31000,-15.28053
15.32957,15.32000,21.05738,15.32000,-10.59427,15.32000,-15.09111
15.33958,15.33000,20.70365,15.33000,-9.95945,15.33000,-14.90200
15.34958,15.34000,20.33578,15.34000,-9.27438,15.34000,-14.70720
15.35959,15.35000,19.95674,15.35000,-8.54240,15.35000,-14.49869
15.36959,15.36000,19.56954,15.36000,-7.76949,15.36000,-14.26631
15.37960,15.37000,19.17715,15.37000,-6.96433,15.37000,-13.99780
15.38961,15.38000,18.78222,15.38000,-6.13802,15.38000,-13.67896
15.39961,15.39000,18.38694,15.39000,-5.30366,15.39000,-13.29398
15.40962,15.40000,17.99277,15.40000,-4.47551,15.40000,-12.82590
15.41963,15.41000,17.60021,15.41000,-3.66807,15.41000,-12.25728
15.42963,15.42000,17.20852,15.42000,-2.89508,15.42000,-11.57085
15.43964,15.43000,16.81548,15.43000,-2.16851,15.43000,-10.75042
15.44964,15.44000,16.41732,15.44000,-1.49781,15.44000,-9.78171
15.45965,15.45000,16.00886,15.45000,-0.88935,15.45000,-8.65328
15.46966,15.46000,15.58388,15.46000,-0.34623,15.46000,-7.35755
15.47966,15.47000,15.13574,15.47000,0.13163,15.47000,-5.89167
15.48967,15.48000,14.65815,15.48000,0.54710,15.48000,-4.25826
15.49968,15.49000,14.14591,15.49000,0.90530,15.49000,-2.46590
15.50968,15.50000,13.59564,15.50000,1.21293,15.50000,-0.52919
15.51969,15.51000,13.00630,15.51000,1.47761,15.51000,1.53158
15.52969,15.52000,12.37958,15.52000,1.70722,15.52000,3.69113
15.53970,15.53000,11.72004,15.53000,1.90925,15.53000,5.92028
15.54971,15.54000,11.03495,15.54000,2.09016,15.54000,8.18724
15.55971,15.55000,10.33397,15.55000,2.25492,15.55000,10.45896
15.56972,15.56000,9.62851,15.56000,2.40662,15.56000,12.70249
15.57973,15.57000,8.93087,15.57000,2.54637,15.57000,14.88627
15.58973,15.58000,8.25328,15.58000,2.67341,15.58000,16.98115
15.59974,15.59000,7.60694,15.59000,2.78547,15.59000,18.96136
15.60974,15.60000,7.00113,15.60000,2.87933,15.60000,20.80527
15.61975,15.61000,6.44257,15.61000,2.95141,15.61000,22.49599
15.62976,15.62000,5.93517,15.62000,2.99850,15.62000,24.02181
15.63976,15.63000,5.48003,15.63000,3.01825,15.63000,25.37644
15.64977,15.64000,5.07581,15.64000,3.00967,15.64000,26.55904
15.65978,15.65000,4.71920,15.65000,2.97339,15.65000,27.57395
15.66978,15.66000,4.40562,15.66000,2.91172,15.66000,28.43020
15.67979,15.67000,4.12977,15.67000,2.82858,15.67000,29.14079
15.68979,15.68000,3.88621,15.68000,2.72916,15.68000,29.72179
15.69980,15.69000,3.66977,15.69000,2.61954,15.69000,30.19138
15.70981,15.70000,3.47574,15.70000,2.50613,15.70000,30.56870
15.71981,15.71000,3.30008,15.71000,2.39516,15.71000,30.87294
15.72982,15.72000,3.13930,15.72000,2.29218,15.72000,31.12236
15.73983,15.73000,2.99045,15.73000,2.20161,15.73000,31.33363
15.74983,15.74000,2.85103,15.74000,2.12642,15.74000,31.52125
15.75984,15.75000,2.71885,15.75000,2.06795,15.75000,31.69721
15.76984,15.76000,2.59208,15.76000,2.02584,15.76000,31.87079
15.77985,15.77000,2.46920,15.77000,1.99808,15.77000,32.04853
15.78986,15.78000,2.34903,15.78000,1.98123,15.78000,32.23430
15.79986,15.79000,2.23083,15.79000,1.97075,15.79000,32.42950
15.80987,15.80000,2.11425,15.80000,1.96137,15.80000,32.63329
15.81988,15.81000,1.99934,15.81000,1.94761,15.81000,32.84307
15.82988,15.82000,1.88646,15.82000,1.92423,15.82000,33.05484
15.83989,15.83000,1.77616,15.83000,1.88676,15.83000,33.26381
15.84989,15.84000,1.66906,15.84000,1.83188,15.84000,33.46488
15.85990,15.85000,1.56573,15.85000,1.75775,15.85000,33.65320
15.86991,15.86000,1.46664,15.86000,1.66417,15.86000,33.82459
15.87991,15.87000,1.37224,15.87000,1.55262,15.87000,33.97587
15.88992,15.88000,1.28301,15.88000,1.42620,15.88000,34.10503
15.89993,15.89000,1.19951,15.89000,1.28933,15.89000,34.21133
15.90993,15.90000,1.12250,15.90000,1.14748,15.90000,34.29519
15.91994,15.91000,1.05284,15.91000,1.00673,15.91000,34.35804
15.92994,15.92000,0.99147,15.92000,0.87323,15.92000,34.40220
15.93995,15.93000,0.93920,15.93000,0.75264,15.93000,34.43060
15.94996,15.94000,0.89661,15.94000,0.64958,15.94000,34.44654
15.95996,15.95000,0.86379,15.95000,0.56708,15.95000,34.45348
15.96997,15.96000,0.84029,15.96000,0.50620,15.96000,34.45475
15.97998,15.97000,0.82508,15.97000,0.46580,15.97000,34.45322
15.98998,15.98000,0.81654,15.98000,0.44271,15.98000,34.45110
15.99999,15.99000,0.81270,15.99000,0.43218,15.99000,34.44960
16.00999,16.00000,0.81150,16.00000,0.42887,16.00000,34.44899
16.02000,16.01000,0.81132,16.01000,0.42836,16.01000,34.44888
