Tiempo,Flexo-extensión torso_X,Flexo-extensión torso_Y,Flexión lateral torso_X,Flexión lateral torso_Y,Rotación torso_X,Rotación torso_Y,Inclinación torso_X,Inclinación torso_Y
0.00000,0.00000,1.26338,0.00000,-0.04201,0.00000,0.06386,0.00000,1.26413
0.01001,0.01000,1.26211,0.01000,-0.04241,0.01000,0.06529,0.01000,1.26287
0.02002,0.02000,1.26023,0.02000,-0.04305,0.02000,0.06672,0.02000,1.26102
0.03002,0.03000,1.25774,0.03000,-0.04393,0.03000,0.06806,0.03000,1.25857
0.04003,0.04000,1.25471,0.04000,-0.04503,0.04000,0.06925,0.04000,1.25559
0.05004,0.05000,1.25125,0.05000,-0.04633,0.05000,0.07022,0.05000,1.25219
0.06005,0.06000,1.24759,0.06000,-0.04774,0.06000,0.07094,0.06000,1.24859
0.07005,0.07000,1.24399,0.07000,-0.04919,0.07000,0.07137,0.07000,1.24505
0.08006,0.08000,1.24077,0.08000,-0.05057,0.08000,0.07151,0.08000,1.24190
0.09007,0.09000,1.23827,0.09000,-0.05180,0.09000,0.07138,0.09000,1.23946
0.10008,0.10000,1.23682,0.10000,-0.05278,0.10000,0.07101,0.10000,1.23804
0.11009,0.11000,1.23667,0.11000,-0.05346,0.11000,0.07046,0.11000,1.23792
0.12009,0.12000,1.23802,0.12000,-0.05381,0.12000,0.06979,0.12000,1.23928
0.13010,0.13000,1.24095,0.13000,-0.05383,0.13000,0.06908,0.13000,1.24221
0.14011,0.14000,1.24544,0.14000,-0.05359,0.14000,0.06841,0.14000,1.24669
0.15012,0.15000,1.25134,0.15000,-0.05317,0.15000,0.06788,0.15000,1.25257
0.16013,0.16000,1.25839,0.16000,-0.05267,0.16000,0.06757,0.16000,1.25958
0.17013,0.17000,1.26621,0.17000,-0.05219,0.17000,0.06757,0.17000,1.26736
0.18014,0.18000,1.27436,0.18000,-0.05183,0.18000,0.06797,0.18000,1.27548
0.19015,0.19000,1.28238,0.19000,-0.05162,0.19000,0.06886,0.19000,1.28348
0.20016,0.20000,1.28982,0.20000,-0.05156,0.20000,0.07031,0.20000,1.29091
0.21016,0.21000,1.29630,0.21000,-0.05160,0.21000,0.07238,0.21000,1.29738
0.22017,0.22000,1.30154,0.22000,-0.05162,0.22000,0.07511,0.22000,1.30261
0.23018,0.23000,1.30540,0.23000,-0.05149,0.23000,0.07850,0.23000,1.30646
0.24019,0.24000,1.30787,0.24000,-0.05105,0.24000,0.08251,0.24000,1.30892
0.25020,0.25000,1.30911,0.25000,-0.05017,0.25000,0.08707,0.25000,1.31014
0.26020,0.26000,1.30936,0.26000,-0.04871,0.26000,0.09206,0.26000,1.31036
0.27021,0.27000,1.30901,0.27000,-0.04660,0.27000,0.09734,0.27000,1.30995
0.28022,0.28000,1.30845,0.28000,-0.04383,0.28000,0.10272,0.28000,1.30932
0.29023,0.29000,1.30813,0.29000,-0.04044,0.29000,0.10803,0.29000,1.30892
0.30023,0.30000,1.30844,0.30000,-0.03655,0.30000,0.11311,0.30000,1.30913
0.31024,0.31000,1.30972,0.31000,-0.03231,0.31000,0.11778,0.31000,1.31031
0.32025,0.32000,1.31219,0.32000,-0.02792,0.32000,0.12189,0.32000,1.31267
0.33026,0.33000,1.31593,0.33000,-0.02357,0.33000,0.12529,0.33000,1.31631
0.34027,0.34000,1.32085,0.34000,-0.01945,0.34000,0.12784,0.34000,1.32114
0.35027,0.35000,1.32672,0.35000,-0.01570,0.35000,0.12942,0.35000,1.32692
0.36028,0.36000,1.33312,0.36000,-0.01243,0.36000,0.12990,0.36000,1.33325
0.37029,0.37000,1.33955,0.37000,-0.00968,0.37000,0.12922,0.37000,1.33964
0.38030,0.38000,1.34545,0.38000,-0.00744,0.38000,0.12735,0.38000,1.34549
0.39030,0.39000,1.35023,0.39000,-0.00566,0.39000,0.12429,0.39000,1.35025
0.40031,0.40000,1.35336,0.40000,-0.00422,0.40000,0.12017,0.40000,1.35337
0.41032,0.41000,1.35442,0.41000,-0.00301,0.41000,0.11513,0.41000,1.35443
0.42033,0.42000,1.35314,0.42000,-0.00192,0.42000,0.10941,0.42000,1.35314
0.43034,0.43000,1.34942,0.43000,-0.00086,0.43000,0.10327,0.43000,1.34943
0.44034,0.44000,1.34337,0.44000,0.00025,0.44000,0.09701,0.44000,1.34338
0.45035,0.45000,1.33530,0.45000,0.00140,0.45000,0.09091,0.45000,1.33531
0.46036,0.46000,1.32568,0.46000,0.00256,0.46000,0.08525,0.46000,1.32568
0.47037,0.47000,1.31509,0.47000,0.00367,0.47000,0.08026,0.47000,1.31509
0.48037,0.48000,1.30419,0.48000,0.00461,0.48000,0.07615,0.48000,1.30417
0.49038,0.49000,1.29357,0.49000,0.00529,0.49000,0.07306,0.49000,1.29353
0.50039,0.50000,1.28374,0.50000,0.00557,0.50000,0.07107,0.50000,1.28368
0.51040,0.51000,1.27506,0.51000,0.00534,0.51000,0.07022,0.51000,1.27498
0.52041,0.52000,1.26770,0.52000,0.00447,0.52000,0.07045,0.52000,1.26761
0.53041,0.53000,1.26165,0.53000,0.00284,0.53000,0.07167,0.53000,1.26156
0.54042,0.54000,1.25677,0.54000,0.00034,0.54000,0.07371,0.54000,1.25670
0.55043,0.55000,1.25280,0.55000,-0.00307,0.55000,0.07637,0.55000,1.25277
0.56044,0.56000,1.24942,0.56000,-0.00744,0.56000,0.07940,0.56000,1.24947
0.57044,0.57000,1.24630,0.57000,-0.01272,0.57000,0.08253,0.57000,1.24646
0.58045,0.58000,1.24316,0.58000,-0.01883,0.58000,0.08546,0.58000,1.24347
0.59046,0.59000,1.23971,0.59000,-0.02567,0.59000,0.08789,0.59000,1.24022
0.60047,0.60000,1.23574,0.60000,-0.03307,0.60000,0.08953,0.60000,1.23649
0.61048,0.61000,1.23104,0.61000,-0.04085,0.61000,0.09013,0.61000,1.23208
0.62048,0.62000,1.22544,0.62000,-0.04882,0.62000,0.08946,0.62000,1.22679
0.63049,0.63000,1.21874,0.63000,-0.05678,0.63000,0.08737,0.63000,1.22044
0.64050,0.64000,1.21081,0.64000,-0.06452,0.64000,0.08376,0.64000,1.21288
0.65051,0.65000,1.20152,0.65000,-0.07183,0.65000,0.07861,0.65000,1.20396
0.66051,0.66000,1.19079,0.66000,-0.07855,0.66000,0.07195,0.66000,1.19360
0.67052,0.67000,1.17864,0.67000,-0.08455,0.67000,0.06391,0.67000,1.18180
0.68053,0.68000,1.16517,0.68000,-0.08973,0.68000,0.05466,0.68000,1.16866
0.69054,0.69000,1.15061,0.69000,-0.09407,0.69000,0.04442,0.69000,1.15440
0.70055,0.70000,1.13529,0.70000,-0.09762,0.70000,0.03348,0.70000,1.13936
0.71055,0.71000,1.11966,0.71000,-0.10050,0.71000,0.02211,0.71000,1.12398
0.72056,0.72000,1.10422,0.72000,-0.10289,0.72000,0.01060,0.72000,1.10878
0.73057,0.73000,1.08949,0.73000,-0.10503,0.73000,-0.00079,0.73000,1.09430
0.74058,0.74000,1.07597,0.74000,-0.10720,0.74000,-0.01182,0.74000,1.08107
0.75058,0.75000,1.06405,0.75000,-0.10968,0.75000,-0.02230,0.75000,1.06949
0.76059,0.76000,1.05400,0.76000,-0.11271,0.76000,-0.03209,0.76000,1.05987
0.77060,0.77000,1.04595,0.77000,-0.11648,0.77000,-0.04111,0.77000,1.05235
0.78061,0.78000,1.03988,0.78000,-0.12110,0.78000,-0.04933,0.78000,1.04692
0.79062,0.79000,1.03569,0.79000,-0.12656,0.79000,-0.05679,0.79000,1.04347
0.80062,0.80000,1.03313,0.80000,-0.13279,0.80000,-0.06355,0.80000,1.04177
0.81063,0.81000,1.03195,0.81000,-0.13959,0.81000,-0.06975,0.81000,1.04151
0.82064,0.82000,1.03181,0.82000,-0.14676,0.82000,-0.07553,0.82000,1.04235
0.83065,0.83000,1.03240,0.83000,-0.15402,0.83000,-0.08103,0.83000,1.04394
0.84065,0.84000,1.03338,0.84000,-0.16115,0.84000,-0.08637,0.84000,1.04592
0.85066,0.85000,1.03445,0.85000,-0.16793,0.85000,-0.09164,0.85000,1.04795
0.86067,0.86000,1.03535,0.86000,-0.17419,0.86000,-0.09687,0.86000,1.04976
0.87068,0.87000,1.03584,0.87000,-0.17981,0.87000,-0.10208,0.87000,1.05109
0.88069,0.88000,1.03575,0.88000,-0.18472,0.88000,-0.10726,0.88000,1.05176
0.89069,0.89000,1.03496,0.89000,-0.18890,0.89000,-0.11238,0.89000,1.05164
0.90070,0.90000,1.03342,0.90000,-0.19237,0.90000,-0.11743,0.90000,1.05070
0.91071,0.91000,1.03116,0.91000,-0.19519,0.91000,-0.12237,0.91000,1.04895
0.92072,0.92000,1.02828,0.92000,-0.19742,0.92000,-0.12721,0.92000,1.04651
0.93072,0.93000,1.02492,0.93000,-0.19919,0.93000,-0.13192,0.93000,1.04353
0.94073,0.94000,1.02128,0.94000,-0.20061,0.94000,-0.13649,0.94000,1.04023
0.95074,0.95000,1.01756,0.95000,-0.20180,0.95000,-0.14088,0.95000,1.03682
0.96075,0.96000,1.01394,0.96000,-0.20287,0.96000,-0.14501,0.96000,1.03349
0.97076,0.97000,1.01055,0.97000,-0.20389,0.97000,-0.14880,0.97000,1.03038
0.98076,0.98000,1.00743,0.98000,-0.20490,0.98000,-0.15213,0.98000,1.02753
0.99077,0.99000,1.00457,0.99000,-0.20590,0.99000,-0.15485,0.99000,1.02494
1.00078,1.00000,1.00188,1.00000,-0.20685,1.00000,-0.15680,1.00000,1.02251
1.01079,1.01000,0.99927,1.01000,-0.20768,1.01000,-0.15784,1.01000,1.02013
1.02079,1.02000,0.99661,1.02000,-0.20832,1.02000,-0.15786,1.02000,1.01766
1.03080,1.03000,0.99383,1.03000,-0.20873,1.03000,-0.15682,1.03000,1.01503
1.04081,1.04000,0.99086,1.04000,-0.20888,1.04000,-0.15473,1.04000,1.01216
1.05082,1.05000,0.98769,1.05000,-0.20877,1.05000,-0.15173,1.05000,1.00904
1.06083,1.06000,0.98433,1.06000,-0.20842,1.06000,-0.14803,1.06000,1.00568
1.07083,1.07000,0.98080,1.07000,-0.20788,1.07000,-0.14395,1.07000,1.00213
1.08084,1.08000,0.97714,1.08000,-0.20719,1.08000,-0.13988,1.08000,0.99841
1.09085,1.09000,0.97338,1.09000,-0.20642,1.09000,-0.13626,1.09000,0.99457
1.10086,1.10000,0.96954,1.10000,-0.20562,1.10000,-0.13352,1.10000,0.99064
1.11086,1.11000,0.96562,1.11000,-0.20487,1.11000,-0.13207,1.11000,0.98664
1.12087,1.12000,0.96162,1.12000,-0.20424,1.12000,-0.13222,1.12000,0.98257
1.13088,1.13000,0.95751,1.13000,-0.20380,1.13000,-0.13420,1.13000,0.97844
1.14089,1.14000,0.95325,1.14000,-0.20365,1.14000,-0.13809,1.14000,0.97423
1.15090,1.15000,0.94883,1.15000,-0.20385,1.15000,-0.14385,1.15000,0.96991
1.16090,1.16000,0.94421,1.16000,-0.20444,1.16000,-0.15131,1.16000,0.96550
1.17091,1.17000,0.93940,1.17000,-0.20549,1.17000,-0.16018,1.17000,0.96101
1.18092,1.18000,0.93443,1.18000,-0.20704,1.18000,-0.17010,1.18000,0.95647
1.19093,1.19000,0.92934,1.19000,-0.20910,1.19000,-0.18065,1.19000,0.95194
1.20093,1.20000,0.92416,1.20000,-0.21170,1.20000,-0.19141,1.20000,0.94746
1.21094,1.21000,0.91891,1.21000,-0.21479,1.21000,-0.20196,1.21000,0.94305
1.22095,1.22000,0.91359,1.22000,-0.21833,1.22000,-0.21192,1.22000,0.93868
1.23096,1.23000,0.90816,1.23000,-0.22217,1.23000,-0.22099,1.23000,0.93429
1.24097,1.24000,0.90253,1.24000,-0.22616,1.24000,-0.22893,1.24000,0.92977
1.25097,1.25000,0.89662,1.25000,-0.23007,1.25000,-0.23560,1.25000,0.92497
1.26098,1.26000,0.89033,1.26000,-0.23368,1.26000,-0.24090,1.26000,0.91974
1.27099,1.27000,0.88359,1.27000,-0.23677,1.27000,-0.24485,1.27000,0.91397
1.28100,1.28000,0.87639,1.28000,-0.23914,1.28000,-0.24749,1.28000,0.90759
1.29100,1.29000,0.86880,1.29000,-0.24063,1.29000,-0.24888,1.29000,0.90061
1.30101,1.30000,0.86093,1.30000,-0.24115,1.30000,-0.24914,1.30000,0.89313
1.31102,1.31000,0.85298,1.31000,-0.24068,1.31000,-0.24838,1.31000,0.88532
1.32103,1.32000,0.84515,1.32000,-0.23925,1.32000,-0.24671,1.32000,0.87738
1.33104,1.33000,0.83762,1.33000,-0.23699,1.33000,-0.24425,1.33000,0.86952
1.34104,1.34000,0.83053,1.34000,-0.23404,1.34000,-0.24111,1.34000,0.86192
1.35105,1.35000,0.82396,1.35000,-0.23059,1.35000,-0.23741,1.35000,0.85468
1.36106,1.36000,0.81788,1.36000,-0.22680,1.36000,-0.23325,1.36000,0.84783
1.37107,1.37000,0.81222,1.37000,-0.22286,1.37000,-0.22874,1.37000,0.84135
1.38107,1.38000,0.80688,1.38000,-0.21886,1.38000,-0.22395,1.38000,0.83516
1.39108,1.39000,0.80172,1.39000,-0.21490,1.39000,-0.21895,1.39000,0.82918
1.40109,1.40000,0.79667,1.40000,-0.21099,1.40000,-0.21375,1.40000,0.82332
1.41110,1.41000,0.79165,1.41000,-0.20713,1.41000,-0.20832,1.41000,0.81754
1.42111,1.42000,0.78668,1.42000,-0.20332,1.42000,-0.20259,1.42000,0.81182
1.43111,1.43000,0.78179,1.43000,-0.19954,1.43000,-0.19647,1.43000,0.80622
1.44112,1.44000,0.77710,1.44000,-0.19578,1.44000,-0.18984,1.44000,0.80085
1.45113,1.45000,0.77274,1.45000,-0.19206,1.45000,-0.18263,1.45000,0.79583
1.46114,1.46000,0.76886,1.46000,-0.18841,1.46000,-0.17479,1.46000,0.79133
1.47114,1.47000,0.76562,1.47000,-0.18488,1.47000,-0.16629,1.47000,0.78748
1.48115,1.48000,0.76313,1.48000,-0.18152,1.48000,-0.15714,1.48000,0.78441
1.49116,1.49000,0.76149,1.49000,-0.17839,1.49000,-0.14740,1.49000,0.78221
1.50117,1.50000,0.76074,1.50000,-0.17551,1.50000,-0.13710,1.50000,0.78091
1.51118,1.51000,0.76089,1.51000,-0.17291,1.51000,-0.12627,1.51000,0.78050
1.52118,1.52000,0.76191,1.52000,-0.17059,1.52000,-0.11491,1.52000,0.78097
1.53119,1.53000,0.76379,1.53000,-0.16855,1.53000,-0.10304,1.53000,0.78224
1.54120,1.54000,0.76647,1.54000,-0.16673,1.54000,-0.09063,1.54000,0.78428
1.55121,1.55000,0.76992,1.55000,-0.16509,1.55000,-0.07769,1.55000,0.78703
1.56121,1.56000,0.77412,1.56000,-0.16353,1.56000,-0.06425,1.56000,0.79044
1.57122,1.57000,0.77899,1.57000,-0.16193,1.57000,-0.05041,1.57000,0.79445
1.58123,1.58000,0.78448,1.58000,-0.16011,1.58000,-0.03632,1.58000,0.79899
1.59124,1.59000,0.79045,1.59000,-0.15781,1.59000,-0.02224,1.59000,0.80394
1.60125,1.60000,0.79672,1.60000,-0.15473,1.60000,-0.00848,1.60000,0.80914
1.61125,1.61000,0.80306,1.61000,-0.15048,1.61000,0.00454,1.61000,0.81435
1.62126,1.62000,0.80915,1.62000,-0.14464,1.62000,0.01639,1.62000,0.81930
1.63127,1.63000,0.81462,1.63000,-0.13680,1.63000,0.02659,1.63000,0.82365
1.64128,1.64000,0.81904,1.64000,-0.12656,1.64000,0.03469,1.64000,0.82703
1.65128,1.65000,0.82196,1.65000,-0.11359,1.65000,0.04032,1.65000,0.82902
1.66129,1.66000,0.82291,1.66000,-0.09769,1.66000,0.04323,1.66000,0.82925
1.67130,1.67000,0.82152,1.67000,-0.07883,1.67000,0.04330,1.67000,0.82738
1.68131,1.68000,0.81751,1.68000,-0.05717,1.68000,0.04063,1.68000,0.82319
1.69132,1.69000,0.81077,1.69000,-0.03311,1.69000,0.03549,1.69000,0.81661
1.70132,1.70000,0.80144,1.70000,-0.00729,1.70000,0.02827,1.70000,0.80777
1.71133,1.71000,0.78987,1.71000,0.01941,1.71000,0.01949,1.71000,0.79703
1.72134,1.72000,0.77666,1.72000,0.04596,1.72000,0.00965,1.72000,0.78490
1.73135,1.73000,0.76255,1.73000,0.07123,1.73000,-0.00082,1.73000,0.77207
1.74135,1.74000,0.74839,1.74000,0.09411,1.74000,-0.01159,1.74000,0.75926
1.75136,1.75000,0.73500,1.75000,0.11363,1.75000,-0.02253,1.75000,0.74719
1.76137,1.76000,0.72311,1.76000,0.12903,1.76000,-0.03364,1.76000,0.73646
1.77138,1.77000,0.71324,1.77000,0.13985,1.77000,-0.04509,1.77000,0.72749
1.78139,1.78000,0.70563,1.78000,0.14593,1.78000,-0.05714,1.78000,0.72047
1.79139,1.79000,0.70027,1.79000,0.14739,1.79000,-0.07006,1.79000,0.71533
1.80140,1.80000,0.69690,1.80000,0.14462,1.80000,-0.08416,1.80000,0.71180
1.81141,1.81000,0.69505,1.81000,0.13819,1.81000,-0.09967,1.81000,0.70945
1.82142,1.82000,0.69415,1.82000,0.12878,1.82000,-0.11674,1.82000,0.70772
1.83142,1.83000,0.69356,1.83000,0.11711,1.83000,-0.13545,1.83000,0.70601
1.84143,1.84000,0.69262,1.84000,0.10383,1.84000,-0.15573,1.84000,0.70367
1.85144,1.85000,0.69070,1.85000,0.08953,1.85000,-0.17743,1.85000,0.70008
1.86145,1.86000,0.68721,1.86000,0.07466,1.86000,-0.20027,1.86000,0.69464
1.87146,1.87000,0.68168,1.87000,0.05948,1.87000,-0.22390,1.87000,0.68687
1.88146,1.88000,0.67381,1.88000,0.04413,1.88000,-0.24792,1.88000,0.67646
1.89147,1.89000,0.66348,1.89000,0.02862,1.89000,-0.27183,1.89000,0.66330
1.90148,1.90000,0.65075,1.90000,0.01293,1.90000,-0.29507,1.90000,0.64750
1.91149,1.91000,0.63574,1.91000,-0.00295,1.91000,-0.31700,1.91000,0.62929
1.92149,1.92000,0.61852,1.92000,-0.01893,1.92000,-0.33682,1.92000,0.60895
1.93150,1.93000,0.59901,1.93000,-0.03471,1.93000,-0.35359,1.93000,0.58667
1.94151,1.94000,0.57688,1.94000,-0.04983,1.94000,-0.36616,1.94000,0.56253
1.95152,1.95000,0.55150,1.95000,-0.06360,1.95000,-0.37329,1.95000,0.53642
1.96153,1.96000,0.52205,1.96000,-0.07522,1.96000,-0.37363,1.96000,0.50812
1.97153,1.97000,0.48763,1.97000,-0.08388,1.97000,-0.36591,1.97000,0.47740
1.98154,1.98000,0.44747,1.98000,-0.08883,1.98000,-0.34904,1.98000,0.44418
1.99155,1.99000,0.40114,1.99000,-0.08954,1.99000,-0.32229,1.99000,0.40866
2.00156,2.00000,0.34872,2.00000,-0.08581,2.00000,-0.28544,2.00000,0.37145
2.01156,2.01000,0.29094,2.01000,-0.07778,2.01000,-0.23888,2.01000,0.33360
2.02157,2.02000,0.22921,2.02000,-0.06597,2.02000,-0.18364,2.02000,0.29645
2.03158,2.03000,0.16546,2.03000,-0.05125,2.03000,-0.12144,2.03000,0.26149
2.04159,2.04000,0.10201,2.04000,-0.03474,2.04000,-0.05454,2.04000,0.23012
2.05160,2.05000,0.04135,2.05000,-0.01772,2.05000,0.01436,2.05000,0.20336
2.06160,2.06000,-0.01417,2.06000,-0.00151,2.06000,0.08231,2.06000,0.18174
2.07161,2.07000,-0.06248,2.07000,0.01268,2.07000,0.14632,2.07000,0.16520
2.08162,2.08000,-0.10206,2.08000,0.02376,2.08000,0.20360,2.08000,0.15320
2.09163,2.09000,-0.13203,2.09000,0.03097,2.09000,0.25174,2.09000,0.14487
2.10163,2.10000,-0.15215,2.10000,0.03382,2.10000,0.28895,2.10000,0.13921
2.11164,2.11000,-0.16283,2.11000,0.03222,2.11000,0.31416,2.11000,0.13522
2.12165,2.12000,-0.16494,2.12000,0.02649,2.12000,0.32712,2.12000,0.13200
2.13166,2.13000,-0.15972,2.13000,0.01728,2.13000,0.32843,2.13000,0.12884
2.14167,2.14000,-0.14860,2.14000,0.00562,2.14000,0.31958,2.14000,0.12519
2.15167,2.15000,-0.13308,2.15000,-0.00720,2.15000,0.30277,2.15000,0.12074
2.16168,2.16000,-0.11468,2.16000,-0.01978,2.16000,0.28083,2.16000,0.11540
2.17169,2.17000,-0.09481,2.17000,-0.03066,2.17000,0.25701,2.17000,0.10924
2.18170,2.18000,-0.07475,2.18000,-0.03859,2.18000,0.23464,2.18000,0.10252
2.19170,2.19000,-0.05553,2.19000,-0.04256,2.19000,0.21695,2.19000,0.09565
2.20171,2.20000,-0.03795,2.20000,-0.04201,2.20000,0.20669,2.20000,0.08910
2.21172,2.21000,-0.02250,2.21000,-0.03680,2.21000,0.20589,2.21000,0.08338
2.22173,2.22000,-0.00942,2.22000,-0.02722,2.22000,0.21570,2.22000,0.07900
2.23174,2.23000,0.00128,2.23000,-0.01396,2.23000,0.23630,2.23000,0.07635
2.24174,2.24000,0.00976,2.24000,0.00208,2.24000,0.26684,2.24000,0.07568
2.25175,2.25000,0.01622,2.25000,0.01985,2.25000,0.30564,2.25000,0.07704
2.26176,2.26000,0.02091,2.26000,0.03830,2.26000,0.35031,2.26000,0.08031
2.27177,2.27000,0.02400,2.27000,0.05654,2.27000,0.39803,2.27000,0.08522
2.28177,2.28000,0.02560,2.28000,0.07389,2.28000,0.44583,2.28000,0.09144
2.29178,2.29000,0.02572,2.29000,0.08992,2.29000,0.49086,2.29000,0.09865
2.30179,2.30000,0.02434,2.30000,0.10448,2.30000,0.53060,2.30000,0.10656
2.31180,2.31000,0.02149,2.31000,0.11765,2.31000,0.56307,2.31000,0.11496
2.32181,2.32000,0.01727,2.32000,0.12969,2.32000,0.58694,2.32000,0.12375
2.33181,2.33000,0.01195,2.33000,0.14099,2.33000,0.60153,2.33000,0.13293
2.34182,2.34000,0.00594,2.34000,0.15199,2.34000,0.60680,2.34000,0.14260
2.35183,2.35000,-0.00017,2.35000,0.16315,2.35000,0.60325,2.35000,0.15295
2.36184,2.36000,-0.00564,2.36000,0.17494,2.36000,0.59178,2.36000,0.16425
2.37184,2.37000,-0.00964,2.37000,0.18777,2.37000,0.57357,2.37000,0.17686
2.38185,2.38000,-0.01124,2.38000,0.20201,2.38000,0.54990,2.38000,0.19123
2.39186,2.39000,-0.00953,2.39000,0.21792,2.39000,0.52212,2.39000,0.20780
2.40187,2.40000,-0.00361,2.40000,0.23565,2.40000,0.49153,2.40000,0.22702
2.41188,2.41000,0.00726,2.41000,0.25519,2.41000,0.45934,2.41000,0.24924
2.42188,2.42000,0.02364,2.42000,0.27636,2.42000,0.42670,2.42000,0.27471
2.43189,2.43000,0.04581,2.43000,0.29875,2.43000,0.39459,2.43000,0.30344
2.44190,2.44000,0.07375,2.44000,0.32177,2.44000,0.36391,2.44000,0.33520
2.45191,2.45000,0.10708,2.45000,0.34463,2.45000,0.33536,2.45000,0.36945
2.46191,2.46000,0.14508,2.46000,0.36637,2.46000,0.30954,2.46000,0.40539
2.47192,2.47000,0.18669,2.47000,0.38598,2.47000,0.28683,2.47000,0.44193
2.48193,2.48000,0.23057,2.48000,0.40245,2.48000,0.26747,2.48000,0.47780
2.49194,2.49000,0.27517,2.49000,0.41490,2.49000,0.25152,2.49000,0.51165
2.50195,2.50000,0.31890,2.50000,0.42271,2.50000,0.23885,2.50000,0.54226
2.51195,2.51000,0.36028,2.51000,0.42558,2.51000,0.22920,2.51000,0.56861
2.52196,2.52000,0.39807,2.52000,0.42362,2.52000,0.22210,2.52000,0.59008
2.53197,2.53000,0.43144,2.53000,0.41734,2.53000,0.21696,2.53000,0.60654
2.54198,2.54000,0.46002,2.54000,0.40764,2.54000,0.21308,2.54000,0.61836
2.55198,2.55000,0.48397,2.55000,0.39566,2.55000,0.20970,2.55000,0.62637
2.56199,2.56000,0.50386,2.56000,0.38264,2.56000,0.20605,2.56000,0.63177
2.57200,2.57000,0.52064,2.57000,0.36980,2.57000,0.20146,2.57000,0.63595
2.58201,2.58000,0.53542,2.58000,0.35818,2.58000,0.19541,2.58000,0.64027
2.59202,2.59000,0.54936,2.59000,0.34853,2.59000,0.18756,2.59000,0.64597
2.60202,2.60000,0.56346,2.60000,0.34130,2.60000,0.17785,2.60000,0.65394
2.61203,2.61000,0.57845,2.61000,0.33664,2.61000,0.16641,2.61000,0.66467
2.62204,2.62000,0.59469,2.62000,0.33442,2.62000,0.15362,2.62000,0.67821
2.63205,2.63000,0.61215,2.63000,0.33434,2.63000,0.13996,2.63000,0.69420
2.64205,2.64000,0.63041,2.64000,0.33603,2.64000,0.12600,2.64000,0.71192
2.65206,2.65000,0.64881,2.65000,0.33905,2.65000,0.11231,2.65000,0.73043
2.66207,2.66000,0.66651,2.66000,0.34303,2.66000,0.09941,2.66000,0.74873
2.67208,2.67000,0.68265,2.67000,0.34761,2.67000,0.08770,2.67000,0.76582
2.68209,2.68000,0.69649,2.68000,0.35248,2.68000,0.07746,2.68000,0.78086
2.69209,2.69000,0.70749,2.69000,0.35737,2.69000,0.06884,2.69000,0.79323
2.70210,2.70000,0.71535,2.70000,0.36199,2.70000,0.06189,2.70000,0.80254
2.71211,2.71000,0.72003,2.71000,0.36608,2.71000,0.05658,2.71000,0.80866
2.72212,2.72000,0.72172,2.72000,0.36931,2.72000,0.05283,2.72000,0.81162
2.73213,2.73000,0.72077,2.73000,0.37137,2.73000,0.05051,2.73000,0.81163
2.74213,2.74000,0.71762,2.74000,0.37197,2.74000,0.04946,2.74000,0.80898
2.75214,2.75000,0.71276,2.75000,0.37086,2.75000,0.04949,2.75000,0.80401
2.76215,2.76000,0.70665,2.76000,0.36786,2.76000,0.05037,2.76000,0.79708
2.77216,2.77000,0.69970,2.77000,0.36293,2.77000,0.05181,2.77000,0.78857
2.78216,2.78000,0.69226,2.78000,0.35614,2.78000,0.05350,2.78000,0.77882
2.79217,2.79000,0.68461,2.79000,0.34774,2.79000,0.05514,2.79000,0.76818
2.80218,2.80000,0.67692,2.80000,0.33806,2.80000,0.05644,2.80000,0.75699
2.81219,2.81000,0.66934,2.81000,0.32755,2.81000,0.05720,2.81000,0.74555
2.82220,2.82000,0.66195,2.82000,0.31671,2.82000,0.05736,2.82000,0.73417
2.83220,2.83000,0.65482,2.83000,0.30605,2.83000,0.05695,2.83000,0.72312
2.84221,2.84000,0.64801,2.84000,0.29601,2.84000,0.05614,2.84000,0.71265
2.85222,2.85000,0.64161,2.85000,0.28696,2.85000,0.05521,2.85000,0.70298
2.86223,2.86000,0.63570,2.86000,0.27915,2.86000,0.05449,2.86000,0.69429
2.87223,2.87000,0.63040,2.87000,0.27266,2.87000,0.05428,2.87000,0.68672
2.88224,2.88000,0.62583,2.88000,0.26745,2.88000,0.05484,2.88000,0.68037
2.89225,2.89000,0.62210,2.89000,0.26335,2.89000,0.05631,2.89000,0.67525
2.90226,2.90000,0.61931,2.90000,0.26009,2.90000,0.05870,2.90000,0.67135
2.91227,2.91000,0.61752,2.91000,0.25734,2.91000,0.06190,2.91000,0.66858
2.92227,2.92000,0.61671,2.92000,0.25474,2.92000,0.06566,2.92000,0.66678
2.93228,2.93000,0.61677,2.93000,0.25193,2.93000,0.06966,2.93000,0.66572
2.94229,2.94000,0.61751,2.94000,0.24856,2.94000,0.07353,2.94000,0.66509
2.95230,2.95000,0.61864,2.95000,0.24437,2.95000,0.07690,2.95000,0.66452
2.96230,2.96000,0.61981,2.96000,0.23913,2.96000,0.07945,2.96000,0.66362
2.97231,2.97000,0.62062,2.97000,0.23270,2.97000,0.08092,2.97000,0.66200
2.98232,2.98000,0.62074,2.98000,0.22506,2.98000,0.08116,2.98000,0.65936
2.99233,2.99000,0.61989,2.99000,0.21624,2.99000,0.08014,2.99000,0.65549
3.00234,3.00000,0.61791,3.00000,0.20638,3.00000,0.07793,3.00000,0.65035
3.01234,3.01000,0.61481,3.01000,0.19565,3.01000,0.07468,3.01000,0.64406
3.02235,3.02000,0.61072,3.02000,0.18427,3.02000,0.07059,3.02000,0.63687
3.03236,3.03000,0.60591,3.03000,0.17242,3.03000,0.06590,3.03000,0.62917
3.04237,3.04000,0.60073,3.04000,0.16033,3.04000,0.06084,3.04000,0.62140
3.05237,3.05000,0.59557,3.05000,0.14817,3.05000,0.05561,3.05000,0.61400
3.06238,3.06000,0.59075,3.06000,0.13614,3.06000,0.05042,3.06000,0.60738
3.07239,3.07000,0.58653,3.07000,0.12442,3.07000,0.04547,3.07000,0.60178
3.08240,3.08000,0.58304,3.08000,0.11320,3.08000,0.04097,3.08000,0.59731
3.09241,3.09000,0.58026,3.09000,0.10267,3.09000,0.03717,3.09000,0.59391
3.10241,3.10000,0.57806,3.10000,0.09303,3.10000,0.03438,3.10000,0.59136
3.11242,3.11000,0.57625,3.11000,0.08447,3.11000,0.03298,3.11000,0.58930
3.12243,3.12000,0.57461,3.12000,0.07719,3.12000,0.03338,3.12000,0.58735
3.13244,3.13000,0.57295,3.13000,0.07139,3.13000,0.03603,3.13000,0.58511
3.14244,3.14000,0.57117,3.14000,0.06724,3.14000,0.04132,3.14000,0.58227
3.15245,3.15000,0.56927,3.15000,0.06495,3.15000,0.04953,3.15000,0.57863
3.16246,3.16000,0.56735,3.16000,0.06469,3.16000,0.06075,3.16000,0.57413
3.17247,3.17000,0.56554,3.17000,0.06665,3.17000,0.07476,3.17000,0.56884
3.18248,3.18000,0.56394,3.18000,0.07101,3.18000,0.09097,3.18000,0.56291
3.19248,3.19000,0.56248,3.19000,0.07797,3.19000,0.10836,3.19000,0.55655
3.20249,3.20000,0.56087,3.20000,0.08775,3.20000,0.12547,3.20000,0.54991
3.21250,3.21000,0.55847,3.21000,0.10060,3.21000,0.14043,3.21000,0.54310
3.22251,3.22000,0.55435,3.22000,0.11675,3.22000,0.15109,3.22000,0.53621
3.23251,3.23000,0.54725,3.23000,0.13645,3.23000,0.15513,3.23000,0.52930
3.24252,3.24000,0.53572,3.24000,0.15987,3.24000,0.15025,3.24000,0.52249
3.25253,3.25000,0.51823,3.25000,0.18711,3.25000,0.13441,3.25000,0.51605
3.26254,3.26000,0.49330,3.26000,0.21814,3.26000,0.10598,3.26000,0.51040
3.27255,3.27000,0.45965,3.27000,0.25272,3.27000,0.06402,3.27000,0.50617
3.28255,3.28000,0.41633,3.28000,0.29041,3.28000,0.00837,3.28000,0.50417
3.29256,3.29000,0.36285,3.29000,0.33051,3.29000,-0.06022,3.29000,0.50536
3.30257,3.30000,0.29930,3.30000,0.37205,3.30000,-0.14007,3.30000,0.51073
3.31258,3.31000,0.22632,3.31000,0.41380,3.31000,-0.22863,3.31000,0.52122
3.32258,3.32000,0.14509,3.32000,0.45431,3.32000,-0.32257,3.32000,0.53758
3.33259,3.33000,0.05724,3.33000,0.49200,3.33000,-0.41807,3.33000,0.56020
3.34260,3.34000,-0.03535,3.34000,0.52524,3.34000,-0.51099,3.34000,0.58910
3.35261,3.35000,-0.13064,3.35000,0.55249,3.35000,-0.59725,3.35000,0.62381
3.36262,3.36000,-0.22666,3.36000,0.57242,3.36000,-0.67304,3.36000,0.66344
3.37262,3.37000,-0.32155,3.37000,0.58397,3.37000,-0.73515,3.37000,0.70672
3.38263,3.38000,-0.41369,3.38000,0.58644,3.38000,-0.78108,3.38000,0.75203
3.39264,3.39000,-0.50177,3.39000,0.57945,3.39000,-0.80924,3.39000,0.79746
3.40265,3.40000,-0.58473,3.40000,0.56292,3.40000,-0.81888,3.40000,0.84091
3.41265,3.41000,-0.66183,3.41000,0.53710,3.41000,-0.81009,3.41000,0.88009
3.42266,3.42000,-0.73249,3.42000,0.50244,3.42000,-0.78364,3.42000,0.91265
3.43267,3.43000,-0.79630,3.43000,0.45968,3.43000,-0.74083,3.43000,0.93628
3.44268,3.44000,-0.85287,3.44000,0.40987,3.44000,-0.68323,3.44000,0.94893
3.45269,3.45000,-0.90185,3.45000,0.35454,3.45000,-0.61257,3.45000,0.94909
3.46269,3.46000,-0.94290,3.46000,0.29581,3.46000,-0.53051,3.46000,0.93617
3.47270,3.47000,-0.97570,3.47000,0.23665,3.47000,-0.43857,3.47000,0.91085
3.48271,3.48000,-0.99996,3.48000,0.18095,3.48000,-0.33805,3.48000,0.87544
3.49272,3.49000,-1.01529,3.49000,0.13366,3.49000,-0.23007,3.49000,0.83403
3.50272,3.50000,-1.02110,3.50000,0.10067,3.50000,-0.11564,3.50000,0.79252
3.51273,3.51000,-1.01638,3.51000,0.08863,3.51000,0.00422,3.51000,0.75832
3.52274,3.52000,-0.99952,3.52000,0.10454,3.52000,0.12828,3.52000,0.73995
3.53275,3.53000,-0.96818,3.53000,0.15525,3.53000,0.25492,3.53000,0.74639
3.54276,3.54000,-0.91933,3.54000,0.24685,3.54000,0.38189,3.54000,0.78632
3.55276,3.55000,-0.84949,3.55000,0.38402,3.55000,0.50619,3.55000,0.86730
3.56277,3.56000,-0.75509,3.56000,0.56938,3.56000,0.62393,3.56000,0.99503
3.57278,3.57000,-0.63324,3.57000,0.80299,3.57000,0.73036,3.57000,1.17257
3.58279,3.58000,-0.48241,3.58000,1.08193,3.58000,0.82009,3.58000,1.39984
3.59279,3.59000,-0.30327,3.59000,1.40008,3.59000,0.88751,3.59000,1.67319
3.60280,3.60000,-0.09935,3.60000,1.74820,3.60000,0.92728,3.60000,1.98530
3.61281,3.61000,0.12268,3.61000,2.11418,3.61000,0.93504,3.61000,2.32519
3.62282,3.62000,0.35307,3.62000,2.48360,3.62000,0.90792,3.62000,2.67870
3.63283,3.63000,0.57966,3.63000,2.84061,3.63000,0.84500,3.63000,3.02915
3.64283,3.64000,0.78890,3.64000,3.16895,3.64000,0.74748,3.64000,3.35848
3.65284,3.65000,0.96721,3.65000,3.45318,3.65000,0.61858,3.65000,3.64858
3.66285,3.66000,1.10235,3.66000,3.67993,3.66000,0.46317,3.66000,3.88286
3.67286,3.67000,1.18473,3.67000,3.83894,3.67000,0.28728,3.67000,4.04770
3.68286,3.68000,1.20850,3.68000,3.92392,3.68000,0.09748,3.68000,4.13364
3.69287,3.69000,1.17231,3.69000,3.93291,3.69000,-0.09969,3.69000,4.13618
3.70288,3.70000,1.07962,3.70000,3.86824,3.70000,-0.29817,3.70000,4.05604
3.71289,3.71000,0.93847,3.71000,3.73609,3.71000,-0.49265,3.71000,3.89884
3.72290,3.72000,0.76080,3.72000,3.54576,3.72000,-0.67874,3.72000,3.67446
3.73290,3.73000,0.56137,3.73000,3.30869,3.73000,-0.85292,3.73000,3.39603
3.74291,3.74000,0.35645,3.74000,3.03746,3.74000,-1.01251,3.74000,3.07891
3.75292,3.75000,0.16253,3.75000,2.74480,3.75000,-1.15562,3.75000,2.73960
3.76293,3.76000,-0.00481,3.76000,2.44272,3.76000,-1.28101,3.76000,2.39493
3.77293,3.77000,-0.13190,3.77000,2.14186,3.77000,-1.38818,3.77000,2.06137
3.78294,3.78000,-0.20768,3.78000,1.85102,3.78000,-1.47731,3.78000,1.75465
3.79295,3.79000,-0.22404,3.79000,1.57697,3.79000,-1.54934,3.79000,1.48943
3.80296,3.80000,-0.17578,3.80000,1.32447,3.80000,-1.60603,3.80000,1.27913
3.81297,3.81000,-0.06030,3.81000,1.09636,3.81000,-1.65000,3.81000,1.13570
3.82297,3.82000,0.12306,3.82000,0.89378,3.82000,-1.68464,3.82000,1.06937
3.83298,3.83000,0.37370,3.83000,0.71641,3.83000,-1.71410,3.83000,1.08830
3.84299,3.84000,0.69031,3.84000,0.56270,3.84000,-1.74304,3.84000,1.19827
3.85300,3.85000,1.07108,3.85000,0.43012,3.85000,-1.77649,3.85000,1.40234
3.86300,3.86000,1.51352,3.86000,0.31539,3.86000,-1.81954,3.86000,1.70041
3.87301,3.87000,2.01396,3.87000,0.21466,3.87000,-1.87706,3.87000,2.08886
3.88302,3.88000,2.56686,3.88000,0.12372,3.88000,-1.95342,3.88000,2.56020
3.89303,3.89000,3.16419,3.89000,0.03806,3.89000,-2.05216,3.89000,3.10296
3.90304,3.90000,3.79498,3.90000,-0.04702,3.90000,-2.17576,3.90000,3.70178
3.91304,3.91000,4.44514,3.91000,-0.13631,3.91000,-2.32525,3.91000,4.33776
3.92305,3.92000,5.09766,3.92000,-0.23455,3.92000,-2.50006,3.92000,4.98918
3.93306,3.93000,5.73305,3.93000,-0.34624,3.93000,-2.69774,3.93000,5.63236
3.94307,3.94000,6.33018,3.94000,-0.47536,3.94000,-2.91399,3.94000,6.24277
3.95307,3.95000,6.86739,3.95000,-0.62501,3.95000,-3.14283,3.95000,6.79642
3.96308,3.96000,7.32383,3.96000,-0.79712,3.96000,-3.37695,3.96000,7.27127
3.97309,3.97000,7.68095,3.97000,-0.99206,3.97000,-3.60833,3.97000,7.64872
3.98310,3.98000,7.92387,3.98000,-1.20851,3.98000,-3.82884,3.98000,7.91498
3.99311,3.99000,8.04247,3.99000,-1.44329,3.99000,-4.03080,3.99000,8.06205
4.00311,4.00000,8.03208,4.00000,-1.69149,4.00000,-4.20738,4.00000,8.08823
4.01312,4.01000,7.89352,4.01000,-1.94668,4.01000,-4.35278,4.01000,7.99804
4.02313,4.02000,7.63271,4.02000,-2.20143,4.02000,-4.46226,4.02000,7.80165
4.03314,4.03000,7.25999,4.03000,-2.44802,4.03000,-4.53205,4.03000,7.51404
4.04314,4.04000,6.78912,4.04000,-2.67928,4.04000,-4.55923,4.04000,7.15390
4.05315,4.05000,6.23634,4.05000,-2.88945,4.05000,-4.54173,4.05000,6.74242
4.06316,4.06000,5.61919,4.06000,-3.07480,4.06000,-4.47837,4.06000,6.30201
4.07317,4.07000,4.95537,4.07000,-3.23375,4.07000,-4.36887,4.07000,5.85470
4.08318,4.08000,4.26181,4.08000,-3.36677,4.08000,-4.21384,4.08000,5.42086
4.09318,4.09000,3.55411,4.09000,-3.47586,4.09000,-4.01461,4.09000,5.01799
4.10319,4.10000,2.84647,4.10000,-3.56392,4.10000,-3.77324,4.10000,4.66011
4.11320,4.11000,2.15185,4.11000,-3.63399,4.11000,-3.49255,4.11000,4.35743
4.12321,4.12000,1.48197,4.12000,-3.68852,4.12000,-3.17624,4.12000,4.11607
4.13321,4.13000,0.84693,4.13000,-3.72871,4.13000,-2.82894,4.13000,3.93798
4.14322,4.14000,0.25443,4.14000,-3.75400,4.14000,-2.45635,4.14000,3.82090
4.15323,4.15000,-0.29102,4.15000,-3.76195,4.15000,-2.06527,4.15000,3.75870
4.16324,4.16000,-0.78855,4.16000,-3.74836,4.16000,-1.66355,4.16000,3.74217
4.17325,4.17000,-1.24088,4.17000,-3.70786,4.17000,-1.26001,4.17000,3.76013
4.18325,4.18000,-1.65342,4.18000,-3.63478,4.18000,-0.86421,4.18000,3.80070
4.19326,4.19000,-2.03302,4.19000,-3.52413,4.19000,-0.48622,4.19000,3.85241
4.20327,4.20000,-2.38621,4.20000,-3.37258,4.20000,-0.13623,4.20000,3.90516
4.21328,4.21000,-2.71760,4.21000,-3.17924,4.21000,0.17589,4.21000,3.95072
4.22328,4.22000,-3.02833,4.22000,-2.94628,4.22000,0.44110,4.22000,3.98295
4.23329,4.23000,-3.31483,4.23000,-2.67920,4.23000,0.65174,4.23000,3.99775
4.24330,4.24000,-3.56816,4.24000,-2.38680,4.24000,0.80217,4.24000,3.99278
4.25331,4.25000,-3.77383,4.25000,-2.08101,4.25000,0.88934,4.25000,3.96727
4.26332,4.26000,-3.91257,4.26000,-1.77635,4.26000,0.91329,4.26000,3.92194
4.27332,4.27000,-3.96200,4.27000,-1.48920,4.27000,0.87764,4.27000,3.85925
4.28333,4.28000,-3.89921,4.28000,-1.23663,4.28000,0.78974,4.28000,3.78384
4.29334,4.29000,-3.70387,4.29000,-1.03499,4.29000,0.66069,4.29000,3.70292
4.30335,4.30000,-3.36153,4.30000,-0.89808,4.30000,0.50491,4.30000,3.62634
4.31335,4.31000,-2.86645,4.31000,-0.83541,4.31000,0.33947,4.31000,3.56606
4.32336,4.32000,-2.22377,4.32000,-0.85037,4.32000,0.18290,4.32000,3.53471
4.33337,4.33000,-1.45054,4.33000,-0.93904,4.33000,0.05379,4.33000,3.54364
4.34338,4.34000,-0.57565,4.34000,-1.08947,4.34000,-0.03081,4.34000,3.60043
4.35339,4.35000,0.36156,4.35000,-1.28199,4.35000,-0.05703,4.35000,3.70671
4.36339,4.36000,1.31396,4.36000,-1.49039,4.36000,-0.01562,4.36000,3.85683
4.37340,4.37000,2.23057,4.37000,-1.68411,4.37000,0.09693,4.37000,4.03807
4.38341,4.38000,3.06143,4.38000,-1.83107,4.38000,0.27784,4.38000,4.23306
4.39342,4.39000,3.76291,4.39000,-1.90090,4.39000,0.51785,4.39000,4.42371
4.40342,4.40000,4.30252,4.40000,-1.86777,4.40000,0.80152,4.40000,4.59584
4.41343,4.41000,4.66209,4.41000,-1.71272,4.41000,1.10781,4.41000,4.74268
4.42344,4.42000,4.83867,4.42000,-1.42487,4.42000,1.41117,4.42000,4.86624
4.43345,4.43000,4.84312,4.43000,-1.00180,4.43000,1.68310,4.43000,4.97619
4.44346,4.44000,4.69730,4.44000,-0.44922,4.44000,1.89412,4.44000,5.08714
4.45346,4.45000,4.43083,4.45000,0.21976,4.45000,2.01598,4.45000,5.21519
4.46347,4.46000,4.07827,4.46000,0.98549,4.46000,2.02414,4.46000,5.37510
4.47348,4.47000,3.67660,4.47000,1.82266,4.47000,1.90017,4.47000,5.57807
4.48349,4.48000,3.26229,4.48000,2.70150,4.48000,1.63430,4.48000,5.82999
4.49349,4.49000,2.86742,4.49000,3.58943,4.49000,1.22758,4.49000,6.13004
4.50350,4.50000,2.51491,4.50000,4.45306,4.50000,0.69316,4.50000,6.46956
4.51351,4.51000,2.21407,4.51000,5.26045,4.51000,0.05615,4.51000,6.83214
4.52352,4.52000,1.95849,4.52000,5.98306,4.52000,-0.64823,4.52000,7.19476
4.53353,4.53000,1.72737,4.53000,6.59704,4.53000,-1.37758,4.53000,7.52998
4.54353,4.54000,1.49074,4.54000,7.08382,4.54000,-2.08578,4.54000,7.80848
4.55354,4.55000,1.21721,4.55000,7.43021,4.55000,-2.72644,4.55000,8.00211
4.56355,4.56000,0.88227,4.56000,7.62828,4.56000,-3.25656,4.56000,8.08710
4.57356,4.57000,0.47481,4.57000,7.67545,4.57000,-3.64008,4.57000,8.04705
4.58356,4.58000,0.00039,4.58000,7.57480,4.58000,-3.85136,4.58000,7.87512
4.59357,4.59000,-0.51929,4.59000,7.33548,4.59000,-3.87808,4.59000,7.57522
4.60358,4.60000,-1.04984,4.60000,6.97281,4.60000,-3.72303,4.60000,7.16198
4.61359,4.61000,-1.54926,4.61000,6.50801,4.61000,-3.40462,4.61000,6.66006
4.62360,4.62000,-1.97310,4.62000,5.96701,4.62000,-2.95575,4.62000,6.10245
4.63360,4.63000,-2.27882,4.63000,5.37859,4.63000,-2.42120,4.63000,5.52811
4.64361,4.64000,-2.42912,4.64000,4.77197,4.64000,-1.85371,4.64000,4.97890
4.65362,4.65000,-2.39435,4.65000,4.17438,4.65000,-1.30927,4.65000,4.49616
4.66363,4.66000,-2.15462,4.66000,3.60889,4.66000,-0.84195,4.66000,4.11723
4.67363,4.67000,-1.70158,4.67000,3.09296,4.67000,-0.49902,4.67000,3.87231
4.68364,4.68000,-1.04001,4.68000,2.63773,4.68000,-0.31679,4.68000,3.78153
4.69365,4.69000,-0.18901,4.69000,2.24806,4.69000,-0.31773,4.69000,3.85261
4.70366,4.70000,0.81759,4.70000,1.92328,4.70000,-0.50895,4.70000,4.07893
4.71367,4.71000,1.93181,4.71000,1.65836,4.71000,-0.88223,4.71000,4.43870
4.72367,4.72000,3.09345,4.72000,1.44530,4.72000,-1.41528,4.72000,4.89534
4.73368,4.73000,4.23340,4.73000,1.27453,4.73000,-2.07397,4.73000,5.39974
4.74369,4.74000,5.27842,4.74000,1.13602,4.74000,-2.81525,4.74000,5.89455
4.75370,4.75000,6.15708,4.75000,1.01988,4.75000,-3.59056,4.75000,6.32031
4.76370,4.76000,6.80647,4.76000,0.91653,4.76000,-4.34947,4.76000,6.62296
4.77371,4.77000,7.17900,4.77000,0.81645,4.77000,-5.04361,4.77000,6.76167
4.78372,4.78000,7.24826,4.78000,0.70964,4.78000,-5.63033,4.78000,6.71569
4.79373,4.79000,7.01244,4.79000,0.58538,4.79000,-6.07582,4.79000,6.48857
4.80374,4.80000,6.49431,4.80000,0.43238,4.80000,-6.35711,4.80000,6.10838
4.81374,4.81000,5.73702,4.81000,0.23975,4.81000,-6.46279,4.81000,5.62337
4.82375,4.82000,4.79693,4.82000,-0.00141,4.82000,-6.39245,4.82000,5.09403
4.83376,4.83000,3.73521,4.83000,-0.29625,4.83000,-6.15516,4.83000,4.58352
4.84377,4.84000,2.61052,4.84000,-0.64465,4.84000,-5.76744,4.84000,4.14902
4.85377,4.85000,1.47390,4.85000,-1.04025,4.85000,-5.25130,4.85000,3.83537
4.86378,4.86000,0.36599,4.86000,-1.47022,4.86000,-4.63274,4.86000,3.67173
4.87379,4.87000,-0.68449,4.87000,-1.91541,4.87000,-3.94074,4.87000,3.67097
4.88380,4.88000,-1.66159,4.88000,-2.35097,4.88000,-3.20646,4.88000,3.83122
4.89381,4.89000,-2.56243,4.89000,-2.74761,4.89000,-2.46206,4.89000,4.13906
4.90381,4.90000,-3.39576,4.90000,-3.07381,4.90000,-1.73900,4.90000,4.57331
4.91382,4.91000,-4.17819,4.91000,-3.29908,4.91000,-1.06614,4.91000,5.10815
4.92383,4.92000,-4.92802,4.92000,-3.39776,4.92000,-0.46815,4.92000,5.71502
4.93384,4.93000,-5.65827,4.93000,-3.35274,4.93000,0.03558,4.93000,6.36326
4.94384,4.94000,-6.37090,4.94000,-3.15809,4.94000,0.43163,4.94000,7.02029
4.95385,4.95000,-7.05421,4.95000,-2.82015,4.95000,0.71295,4.95000,7.65202
4.96386,4.96000,-7.68388,4.96000,-2.35690,4.96000,0.87897,4.96000,8.22402
4.97387,4.97000,-8.22686,4.97000,-1.79596,4.97000,0.93525,4.97000,8.70346
4.98388,4.98000,-8.64656,4.98000,-1.17184,4.98000,0.89286,4.98000,9.06157
4.99388,4.99000,-8.90823,4.99000,-0.52291,4.99000,0.76732,4.99000,9.27609
5.00389,5.00000,-8.98329,5.00000,0.11168,5.00000,0.57760,5.00000,9.33295
5.01390,5.01000,-8.85272,5.01000,0.69468,5.01000,0.34499,5.01000,9.22738
5.02391,5.02000,-8.50928,5.02000,1.19327,5.02000,0.09207,5.02000,8.96412
5.03391,5.03000,-7.95877,5.03000,1.58123,5.03000,-0.15825,5.03000,8.55717
5.04392,5.04000,-7.22056,5.04000,1.84072,5.04000,-0.38373,5.04000,8.02899
5.05393,5.05000,-6.32720,5.05000,1.96367,5.05000,-0.56377,5.05000,7.40923
5.06394,5.06000,-5.32300,5.06000,1.95254,5.06000,-0.68068,5.06000,6.73274
5.07395,5.07000,-4.26153,5.07000,1.82042,5.07000,-0.72093,5.07000,6.03704
5.08395,5.08000,-3.20185,5.08000,1.59037,5.08000,-0.67655,5.08000,5.35920
5.09396,5.09000,-2.20379,5.09000,1.29379,5.09000,-0.54632,5.09000,4.73260
5.10397,5.10000,-1.32240,5.10000,0.96806,5.10000,-0.33671,5.10000,4.18404
5.11398,5.11000,-0.60189,5.11000,0.65351,5.11000,-0.06231,5.11000,3.73203
5.12398,5.12000,-0.07001,5.12000,0.39025,5.12000,0.25451,5.12000,3.38677
5.13399,5.13000,0.26617,5.13000,0.21507,5.13000,0.58458,5.13000,3.15193
5.14400,5.14000,0.42148,5.14000,0.15877,5.14000,0.89402,5.14000,3.02710
5.15401,5.15000,0.42981,5.15000,0.24411,5.15000,1.14701,5.15000,3.00980
5.16402,5.16000,0.33721,5.16000,0.48442,5.16000,1.30913,5.16000,3.09624
5.17402,5.17000,0.19236,5.17000,0.88290,5.17000,1.35080,5.17000,3.28176
5.18403,5.18000,0.03678,5.18000,1.43249,5.18000,1.25044,5.18000,3.56114
5.19404,5.19000,-0.10248,5.19000,2.11623,5.19000,0.99685,5.19000,3.92881
5.20405,5.20000,-0.21611,5.20000,2.90779,5.20000,0.59081,5.20000,4.37799
5.21405,5.21000,-0.31154,5.21000,3.77250,5.21000,0.04594,5.21000,4.89894
5.22406,5.22000,-0.40909,5.22000,4.66880,5.22000,-0.61137,5.22000,5.47724
5.23407,5.23000,-0.53724,5.23000,5.55069,5.23000,-1.34306,5.23000,6.09335
5.24408,5.24000,-0.72813,5.24000,6.37107,5.24000,-2.10194,5.24000,6.72368
5.25409,5.25000,-1.01326,5.25000,7.08541,5.25000,-2.83564,5.25000,7.34292
5.26409,5.26000,-1.41892,5.26000,7.65536,5.26000,-3.49142,5.26000,7.92644
5.27410,5.27000,-1.96116,5.27000,8.05137,5.27000,-4.02125,5.27000,8.45223
5.28411,5.28000,-2.64118,5.28000,8.25453,5.28000,-4.38664,5.28000,8.90209
5.29412,5.29000,-3.44234,5.29000,8.25739,5.29000,-4.56266,5.29000,9.26208
5.30413,5.30000,-4.33001,5.30000,8.06383,5.30000,-4.54081,5.30000,9.52233
5.31413,5.31000,-5.25419,5.31000,7.68825,5.31000,-4.33038,5.31000,9.67669
5.32414,5.32000,-6.15405,5.32000,7.15398,5.32000,-3.95806,5.32000,9.72238
5.33415,5.33000,-6.96347,5.33000,6.49110,5.33000,-3.46588,5.33000,9.65981
5.34416,5.34000,-7.61642,5.34000,5.73382,5.34000,-2.90752,5.34000,9.49258
5.35416,5.35000,-8.05204,5.35000,4.91775,5.35000,-2.34343,5.35000,9.22774
5.36417,5.36000,-8.21929,5.36000,4.07740,5.36000,-1.83528,5.36000,8.87625
5.37418,5.37000,-8.08138,5.37000,3.24414,5.37000,-1.44029,5.37000,8.45375
5.38419,5.38000,-7.61974,5.38000,2.44482,5.38000,-1.20584,5.38000,7.98112
5.39420,5.39000,-6.83711,5.39000,1.70101,5.39000,-1.16509,5.39000,7.48439
5.40420,5.40000,-5.75917,5.40000,1.02890,5.40000,-1.33371,5.40000,6.99341
5.41421,5.41000,-4.43442,5.41000,0.43939,5.41000,-1.70836,5.41000,6.53894
5.42422,5.42000,-2.93197,5.42000,-0.06152,5.42000,-2.26678,5.42000,6.14845
5.43423,5.43000,-1.33755,5.43000,-0.47241,5.43000,-2.96961,5.43000,5.84152
5.44423,5.44000,0.25206,5.44000,-0.79631,5.44000,-3.76361,5.44000,5.62579
5.45424,5.45000,1.73593,5.45000,-1.04072,5.45000,-4.58627,5.45000,5.49495
5.46425,5.46000,3.01704,5.46000,-1.21771,5.46000,-5.37147,5.46000,5.42979
5.47426,5.47000,4.01109,5.47000,-1.34402,5.47000,-6.05577,5.47000,5.40274
5.48427,5.48000,4.65570,5.48000,-1.44084,5.48000,-6.58459,5.48000,5.38539
5.49427,5.49000,4.91833,5.49000,-1.53318,5.49000,-6.91728,5.49000,5.35700
5.50428,5.50000,4.80102,5.50000,-1.64851,5.50000,-7.03023,5.50000,5.31123
5.51429,5.51000,4.33969,5.51000,-1.81441,5.51000,-6.91749,5.51000,5.25842
5.52430,5.52000,3.59749,5.52000,-2.05551,5.52000,-6.58933,5.52000,5.22266
5.53430,5.53000,2.65367,5.53000,-2.38991,5.53000,-6.06923,5.53000,5.23482
5.54431,5.54000,1.59107,5.54000,-2.82616,5.54000,-5.39019,5.54000,5.32480
5.55432,5.55000,0.48551,5.55000,-3.36118,5.55000,-4.59097,5.55000,5.51513
5.56433,5.56000,-0.60133,5.56000,-3.97955,5.56000,-3.71290,5.56000,5.81699
5.57434,5.57000,-1.62549,5.57000,-4.65418,5.57000,-2.79712,5.57000,6.22874
5.58434,5.58000,-2.56207,5.58000,-5.34797,5.58000,-1.88246,5.58000,6.73670
5.59435,5.59000,-3.40487,5.59000,-6.01650,5.59000,-1.00326,5.59000,7.31786
5.60436,5.60000,-4.16425,5.60000,-6.61160,5.60000,-0.18740,5.60000,7.94345
5.61437,5.61000,-4.86229,5.61000,-7.08599,5.61000,0.54524,5.61000,8.58247
5.62437,5.62000,-5.52538,5.62000,-7.39843,5.62000,1.18303,5.62000,9.20436
5.63438,5.63000,-6.17565,5.63000,-7.51869,5.63000,1.72167,5.63000,9.78052
5.64439,5.64000,-6.82367,5.64000,-7.43142,5.64000,2.16249,5.64000,10.28530
5.65440,5.65000,-7.46463,5.65000,-7.13808,5.65000,2.51070,5.65000,10.69643
5.66441,5.66000,-8.07877,5.66000,-6.65686,5.66000,2.77392,5.66000,10.99543
5.67441,5.67000,-8.63519,5.67000,-6.02055,5.67000,2.96129,5.67000,11.16813
5.68442,5.68000,-9.09767,5.68000,-5.27323,5.68000,3.08281,5.68000,11.20535
5.69443,5.69000,-9.43057,5.69000,-4.46600,5.69000,3.14915,5.69000,11.10369
5.70444,5.70000,-9.60392,5.70000,-3.65260,5.70000,3.17159,5.70000,10.86594
5.71444,5.71000,-9.59692,5.71000,-2.88491,5.71000,3.16204,5.71000,10.50109
5.72445,5.72000,-9.39994,5.72000,-2.20889,5.72000,3.13295,5.72000,10.02368
5.73446,5.73000,-9.01527,5.73000,-1.66088,5.73000,3.09712,5.73000,9.45304
5.74447,5.74000,-8.45687,5.74000,-1.26477,5.74000,3.06729,5.74000,8.81210
5.75448,5.75000,-7.74934,5.75000,-1.03011,5.75000,3.05553,5.75000,8.12626
5.76448,5.76000,-6.92625,5.76000,-0.95140,5.76000,3.07234,5.76000,7.42199
5.77449,5.77000,-6.02802,5.77000,-1.00864,5.77000,3.12551,5.77000,6.72535
5.78450,5.78000,-5.09924,5.78000,-1.16915,5.78000,3.21868,5.78000,6.06053
5.79451,5.79000,-4.18561,5.79000,-1.39051,5.79000,3.35003,5.79000,5.44845
5.80451,5.80000,-3.33050,5.80000,-1.62443,5.80000,3.51118,5.80000,4.90565
5.81452,5.81000,-2.57097,5.81000,-1.82120,5.81000,3.68669,5.81000,4.44366
5.82453,5.82000,-1.93366,5.82000,-1.93425,5.82000,3.85445,5.82000,4.06905
5.83454,5.83000,-1.43117,5.83000,-1.92433,5.83000,3.98715,5.83000,3.78425
5.84455,5.84000,-1.06029,5.84000,-1.76285,5.84000,4.05477,5.84000,3.58919
5.85455,5.85000,-0.80324,5.85000,-1.43396,5.85000,4.02793,5.85000,3.48279
5.86456,5.86000,-0.63258,5.86000,-0.93513,5.86000,3.88154,5.86000,3.46424
5.87457,5.87000,-0.51882,5.87000,-0.27636,5.87000,3.59820,5.87000,3.53354
5.88458,5.88000,-0.43842,5.88000,0.52152,5.88000,3.17073,5.88000,3.69182
5.89458,5.89000,-0.37985,5.89000,1.42901,5.89000,2.60369,5.89000,3.94083
5.90459,5.90000,-0.34587,5.90000,2.40992,5.90000,1.91374,5.90000,4.28138
5.91460,5.91000,-0.35222,5.91000,3.42334,5.91000,1.12913,5.91000,4.71107
5.92461,5.92000,-0.42389,5.92000,4.42570,5.92000,0.28814,5.92000,5.22238
5.93462,5.93000,-0.59042,5.93000,5.37327,5.93000,-0.56353,5.93000,5.80213
5.94462,5.94000,-0.88104,5.94000,6.22482,5.94000,-1.37630,5.94000,6.43227
5.95463,5.95000,-1.31965,5.95000,6.94430,5.95000,-2.10111,5.95000,7.09148
5.96464,5.96000,-1.91965,5.96000,7.50317,5.96000,-2.69401,5.96000,7.75675
5.97465,5.97000,-2.67932,5.97000,7.88199,5.97000,-3.12068,5.97000,8.40473
5.98465,5.98000,-3.57852,5.98000,8.07132,5.98000,-3.36020,5.98000,9.01232
5.99466,5.99000,-4.57775,5.99000,8.07171,5.99000,-3.40776,5.99000,9.55689
6.00467,6.00000,-5.61991,6.00000,7.89291,6.00000,-3.27594,6.00000,10.01611
6.01468,6.01000,-6.63452,6.01000,7.55244,6.01000,-2.99418,6.01000,10.36808
6.02469,6.02000,-7.54372,6.02000,7.07376,6.02000,-2.60662,6.02000,10.59209
6.03469,6.03000,-8.26931,6.03000,6.48434,6.03000,-2.16827,6.03000,10.67021
6.04470,6.04000,-8.74017,6.04000,5.81376,6.04000,-1.73984,6.04000,10.58967
6.05471,6.05000,-8.89962,6.05000,5.09210,6.05000,-1.38194,6.05000,10.34573
6.06472,6.06000,-8.71191,6.06000,4.34863,6.06000,-1.14913,6.06000,9.94439
6.07472,6.07000,-8.16739,6.07000,3.61081,6.07000,-1.08464,6.07000,9.40429
6.08473,6.08000,-7.28533,6.08000,2.90358,6.08000,-1.21620,6.08000,8.75679
6.09474,6.09000,-6.11383,6.09000,2.24872,6.09000,-1.55332,6.09000,8.04372
6.10475,6.10000,-4.72648,6.10000,1.66431,6.10000,-2.08640,6.10000,7.31272
6.11476,6.11000,-3.21610,6.11000,1.16406,6.11000,-2.78745,6.11000,6.61075
6.12476,6.12000,-1.68641,6.12000,0.75650,6.12000,-3.61261,6.12000,5.97724
6.13477,6.13000,-0.24254,6.13000,0.44399,6.13000,-4.50589,6.13000,5.43858
6.14478,6.14000,1.01840,6.14000,0.22179,6.14000,-5.40421,6.14000,5.00552
6.15479,6.15000,2.01624,6.15000,0.07725,6.15000,-6.24283,6.15000,4.67441
6.16479,6.16000,2.69525,6.16000,-0.01031,6.16000,-6.96104,6.16000,4.43189
6.17480,6.17000,3.02964,6.17000,-0.06894,6.17000,-7.50718,6.17000,4.26150
6.18481,6.18000,3.02566,6.18000,-0.13223,6.18000,-7.84263,6.18000,4.14994
6.19482,6.19000,2.71930,6.19000,-0.23608,6.19000,-7.94426,6.19000,4.09086
6.20483,6.20000,2.16915,6.20000,-0.41438,6.20000,-7.80541,6.20000,4.08540
6.21483,6.21000,1.44563,6.21000,-0.69408,6.21000,-7.43521,6.21000,4.14012
6.22484,6.22000,0.61940,6.22000,-1.09058,6.22000,-6.85683,6.22000,4.26397
6.23485,6.23000,-0.24824,6.23000,-1.60458,6.23000,-6.10484,6.23000,4.46537
6.24486,6.24000,-1.11059,6.24000,-2.22093,6.24000,-5.22224,6.24000,4.74935
6.25486,6.25000,-1.93662,6.25000,-2.90980,6.25000,-4.25744,6.25000,5.11498
6.26487,6.26000,-2.70932,6.26000,-3.62954,6.26000,-3.26127,6.26000,5.55383
6.27488,6.27000,-3.42338,6.27000,-4.33068,6.27000,-2.28384,6.27000,6.05034
6.28489,6.28000,-4.08303,6.28000,-4.96057,6.28000,-1.37112,6.28000,6.58386
6.29490,6.29000,-4.69940,6.29000,-5.46832,6.29000,-0.56183,6.29000,7.13167
6.30490,6.30000,-5.28681,6.30000,-5.80977,6.30000,0.11511,6.30000,7.67142
6.31491,6.31000,-5.85780,6.31000,-5.95205,6.31000,0.64178,6.31000,8.18270
6.32492,6.32000,-6.41838,6.32000,-5.87690,6.32000,1.01133,6.32000,8.64747
6.33493,6.33000,-6.96483,6.33000,-5.58242,6.33000,1.22717,6.33000,9.04991
6.34493,6.34000,-7.48306,6.34000,-5.08306,6.34000,1.30168,6.34000,9.37605
6.35494,6.35000,-7.95020,6.35000,-4.40796,6.35000,1.25448,6.35000,9.61352
6.36495,6.36000,-8.33791,6.36000,-3.59811,6.36000,1.11067,6.36000,9.75164
6.37496,6.37000,-8.61631,6.37000,-2.70278,6.37000,0.89890,6.37000,9.78181
6.38497,6.38000,-8.75800,6.38000,-1.77554,6.38000,0.64953,6.38000,9.69827
6.39497,6.39000,-8.74170,6.39000,-0.87014,6.39000,0.39299,6.39000,9.49900
6.40498,6.40000,-8.55516,6.40000,-0.03650,6.40000,0.15812,6.40000,9.18676
6.41499,6.41000,-8.19731,6.41000,0.68292,6.41000,-0.02925,6.41000,8.77000
6.42500,6.42000,-7.67935,6.42000,1.25620,6.42000,-0.14760,6.42000,8.26357
6.43500,6.43000,-7.02492,6.43000,1.66433,6.43000,-0.18084,6.43000,7.68902
6.44501,6.44000,-6.26914,6.44000,1.90260,6.44000,-0.11922,6.44000,7.07428
6.45502,6.45000,-5.45657,6.45000,1.98110,6.45000,0.04002,6.45000,6.45260
6.46503,6.46000,-4.63804,6.46000,1.92401,6.46000,0.29206,6.46000,5.86059
6.47504,6.47000,-3.86620,6.47000,1.76773,6.47000,0.62419,6.47000,5.33528
6.48504,6.48000,-3.19012,6.48000,1.55778,6.48000,1.01579,6.48000,4.91051
6.49505,6.49000,-2.64908,6.49000,1.34473,6.49000,1.43865,6.49000,4.61303
6.50506,6.50000,-2.26627,6.50000,1.17930,6.50000,1.85794,6.50000,4.45920
6.51507,6.51000,-2.04370,6.51000,1.10739,6.51000,2.23400,6.51000,4.45323
6.52507,6.52000,-1.95994,6.52000,1.16537,6.52000,2.52507,6.52000,4.58729
6.53508,6.53000,-1.97239,6.53000,1.37648,6.53000,2.69056,6.53000,4.84303
6.54509,6.54000,-2.02475,6.54000,1.74879,6.54000,2.69476,6.54000,5.19420
6.55510,6.55000,-2.05858,6.55000,2.27509,6.55000,2.51049,6.55000,5.61037
6.56511,6.56000,-2.02599,6.56000,2.93460,6.56000,2.12251,6.56000,6.06161
6.57511,6.57000,-1.89993,6.57000,3.69585,6.57000,1.53028,6.57000,6.52275
6.58512,6.58000,-1.67932,6.58000,4.52005,6.58000,0.74965,6.58000,6.97537
6.59513,6.59000,-1.38828,6.59000,5.36433,6.59000,-0.18666,6.59000,7.40721
6.60514,6.60000,-1.07088,6.60000,6.18481,6.60000,-1.23017,6.60000,7.80993
6.61514,6.61000,-0.78376,6.61000,6.93963,6.61000,-2.31971,6.61000,8.17733
6.62515,6.62000,-0.58794,6.62000,7.59180,6.62000,-3.38638,6.62000,8.50458
6.63516,6.63000,-0.54058,6.63000,8.11158,6.63000,-4.35997,6.63000,8.78846
6.64517,6.64000,-0.68682,6.64000,8.47778,6.64000,-5.17579,6.64000,9.02770
6.65518,6.65000,-1.05259,6.65000,8.67808,6.65000,-5.78075,6.65000,9.22294
6.66518,6.66000,-1.63975,6.66000,8.70863,6.66000,-6.13807,6.66000,9.37626
6.67519,6.67000,-2.42461,6.67000,8.57329,6.67000,-6.23016,6.67000,9.49019
6.68520,6.68000,-3.36001,6.68000,8.28279,6.68000,-6.05974,6.68000,9.56655
6.69521,6.69000,-4.38010,6.69000,7.85372,6.69000,-5.64941,6.69000,9.60537
6.70521,6.70000,-5.40672,6.70000,7.30721,6.70000,-5.03983,6.70000,9.60422
6.71522,6.71000,-6.35626,6.71000,6.66748,6.71000,-4.28658,6.71000,9.55824
6.72523,6.72000,-7.14641,6.72000,5.96019,6.72000,-3.45591,6.72000,9.46082
6.73524,6.73000,-7.70264,6.73000,5.21112,6.73000,-2.61962,6.73000,9.30524
6.74525,6.74000,-7.96425,6.74000,4.44504,6.74000,-1.84950,6.74000,9.08677
6.75525,6.75000,-7.89013,6.75000,3.68501,6.75000,-1.21162,6.75000,8.80524
6.76526,6.76000,-7.46354,6.76000,2.95200,6.76000,-0.76092,6.76000,8.46720
6.77527,6.77000,-6.69543,6.77000,2.26460,6.77000,-0.53655,6.77000,8.08699
6.78528,6.78000,-5.62567,6.78000,1.63880,6.78000,-0.55846,6.78000,7.68607
6.79528,6.79000,-4.32143,6.79000,1.08772,6.79000,-0.82565,6.79000,7.29037
6.80529,6.80000,-2.87265,6.80000,0.62110,6.80000,-1.31617,6.80000,6.92580
6.81530,6.81000,-1.38460,6.81000,0.24460,6.81000,-1.98907,6.81000,6.61296
6.82531,6.82000,0.03177,6.82000,-0.04116,6.82000,-2.78818,6.82000,6.36243
6.83532,6.83000,1.27094,6.83000,-0.24172,6.83000,-3.64732,6.83000,6.17247
6.84532,6.84000,2.24414,6.84000,-0.36980,6.84000,-4.49661,6.84000,6.03027
6.85533,6.85000,2.88948,6.85000,-0.44589,6.85000,-5.26912,6.85000,5.91687
6.86534,6.86000,3.17949,6.86000,-0.49781,6.86000,-5.90693,6.86000,5.81388
6.87535,6.87000,3.12391,6.87000,-0.55899,6.87000,-6.36579,6.87000,5.70961
6.88535,6.88000,2.76642,6.88000,-0.66507,6.88000,-6.61782,6.88000,5.60236
6.89536,6.89000,2.17497,6.89000,-0.84914,6.89000,-6.65230,6.89000,5.50003
6.90537,6.90000,1.42785,6.90000,-1.13616,6.90000,-6.47480,6.90000,5.41751
6.91538,6.91000,0.59918,6.91000,-1.53804,6.91000,-6.10520,6.91000,5.37348
6.92539,6.92000,-0.25189,6.92000,-2.05032,6.92000,-5.57487,6.92000,5.38725
6.93539,6.93000,-1.08597,6.93000,-2.65148,6.93000,-4.92350,6.93000,5.47539
6.94540,6.94000,-1.88241,6.94000,-3.30490,6.94000,-4.19581,6.94000,5.64807
6.95541,6.95000,-2.63491,6.95000,-3.96275,6.95000,-3.43838,6.95000,5.90657
6.96542,6.96000,-3.34646,6.96000,-4.57114,6.96000,-2.69632,6.96000,6.24273
6.97542,6.97000,-4.02519,6.97000,-5.07576,6.97000,-2.00992,6.97000,6.64058
6.98543,6.98000,-4.68097,6.98000,-5.42750,6.98000,-1.41168,6.98000,7.07928
6.99544,6.99000,-5.32212,6.99000,-5.58744,6.99000,-0.92421,6.99000,7.53602
7.00545,7.00000,-5.95190,7.00000,-5.53092,7.00000,-0.55943,7.00000,7.98822
7.01546,7.01000,-6.56581,7.01000,-5.24985,7.01000,-0.31897,7.01000,8.41479
7.02546,7.02000,-7.15027,7.02000,-4.75330,7.02000,-0.19554,7.02000,8.79654
7.03547,7.03000,-7.68359,7.03000,-4.06610,7.03000,-0.17484,7.03000,9.11633
7.04548,7.04000,-8.13862,7.04000,-3.22611,7.04000,-0.23763,7.04000,9.35928
7.05549,7.05000,-8.48641,7.05000,-2.28054,7.05000,-0.36168,7.05000,9.51301
7.06549,7.06000,-8.69994,7.06000,-1.28194,7.06000,-0.52348,7.06000,9.56812
7.07550,7.07000,-8.75736,7.07000,-0.28434,7.07000,-0.69950,7.07000,9.51858
7.08551,7.08000,-8.64447,7.08000,0.66048,7.08000,-0.86715,7.08000,9.36209
7.09552,7.09000,-8.35639,7.09000,1.50633,7.09000,-1.00544,7.09000,9.10038
7.10553,7.10000,-7.89858,7.10000,2.21547,7.10000,-1.09562,7.10000,8.73962
7.11553,7.11000,-7.28731,7.11000,2.76104,7.11000,-1.12183,7.11000,8.29089
7.12554,7.12000,-6.54964,7.12000,3.12888,7.12000,-1.07191,7.12000,7.77075
7.13555,7.13000,-5.72273,7.13000,3.31857,7.13000,-0.93829,7.13000,7.20146
7.14556,7.14000,-4.85235,7.14000,3.34373,7.14000,-0.71897,7.14000,6.61081
7.15556,7.15000,-3.99019,7.15000,3.23116,7.15000,-0.41839,7.15000,6.03100
7.16557,7.16000,-3.18985,7.16000,3.01897,7.16000,-0.04805,7.16000,5.49655
7.17558,7.17000,-2.50149,7.17000,2.75349,7.17000,0.37328,7.17000,5.04120
7.18559,7.18000,-1.96547,7.18000,2.48517,7.18000,0.81977,7.18000,4.69435
7.19560,7.19000,-1.60584,7.19000,2.26395,7.19000,1.25952,7.19000,4.47792
7.20560,7.20000,-1.42501,7.20000,2.13454,7.20000,1.65630,7.20000,4.40432
7.21561,7.21000,-1.40137,7.21000,2.13230,7.21000,1.97232,7.21000,4.47574
7.22562,7.22000,-1.49141,7.22000,2.28030,7.22000,2.17159,7.22000,4.68449
7.23563,7.23000,-1.63671,7.23000,2.58785,7.23000,2.22349,7.23000,5.01408
7.24563,7.24000,-1.77471,7.24000,3.05066,7.24000,2.10605,7.24000,5.44156
7.25564,7.25000,-1.85087,7.25000,3.65241,7.25000,1.80868,7.25000,5.94112
7.26565,7.26000,-1.82908,7.26000,4.36711,7.26000,1.33390,7.26000,6.48791
7.27566,7.27000,-1.69791,7.27000,5.16172,7.27000,0.69810,7.27000,7.06055
7.28567,7.28000,-1.47185,7.28000,5.99861,7.28000,-0.06870,7.28000,7.64145
7.29567,7.29000,-1.18825,7.29000,6.83799,7.29000,-0.92422,7.29000,8.21580
7.30568,7.30000,-0.90170,7.30000,7.64040,7.30000,-1.81651,7.30000,8.77053
7.31569,7.31000,-0.67687,7.31000,8.36938,7.31000,-2.68801,7.31000,9.29417
7.32570,7.32000,-0.58032,7.32000,8.99382,7.32000,-3.48072,7.32000,9.77728
7.33570,7.33000,-0.67106,7.33000,9.48954,7.33000,-4.14183,7.33000,10.21300
7.34571,7.34000,-0.99104,7.34000,9.83979,7.34000,-4.62883,7.34000,10.59705
7.35572,7.35000,-1.55728,7.35000,10.03507,7.35000,-4.91348,7.35000,10.92727
7.36573,7.36000,-2.35783,7.36000,10.07265,7.36000,-4.98422,7.36000,11.20261
7.37574,7.37000,-3.35232,7.37000,9.95620,7.37000,-4.84712,7.37000,11.42188
7.38574,7.38000,-4.47648,7.38000,9.69540,7.38000,-4.52547,7.38000,11.58273
7.39575,7.39000,-5.64923,7.39000,9.30543,7.39000,-4.05818,7.39000,11.68099
7.40576,7.40000,-6.78052,7.40000,8.80595,7.40000,-3.49686,7.40000,11.71075
7.41577,7.41000,-7.77897,7.41000,8.21982,7.41000,-2.90174,7.41000,11.66491
7.42577,7.42000,-8.55890,7.42000,7.57151,7.42000,-2.33679,7.42000,11.53641
7.43578,7.43000,-9.04673,7.43000,6.88544,7.43000,-1.86430,7.43000,11.31986
7.44579,7.44000,-9.18704,7.44000,6.18461,7.44000,-1.53940,7.44000,11.01368
7.45580,7.45000,-8.94791,7.45000,5.48957,7.45000,-1.40495,7.45000,10.62233
7.46581,7.46000,-8.32525,7.46000,4.81769,7.46000,-1.48740,7.46000,10.15790
7.47581,7.47000,-7.34523,7.47000,4.18294,7.47000,-1.79387,7.47000,9.64040
7.48582,7.48000,-6.06415,7.48000,3.59583,7.48000,-2.31100,7.48000,9.09617
7.49583,7.49000,-4.56533,7.49000,3.06331,7.49000,-3.00546,7.49000,8.55432
7.50584,7.50000,-2.95310,7.50000,2.58875,7.50000,-3.82643,7.50000,8.04182
7.51584,7.51000,-1.34399,7.51000,2.17167,7.51000,-4.70986,7.51000,7.57834
7.52585,7.52000,0.14399,7.52000,1.80741,7.52000,-5.58442,7.52000,7.17242
7.53586,7.53000,1.40317,7.53000,1.48668,7.53000,-6.37857,7.53000,6.82062
7.54587,7.54000,2.34816,7.54000,1.19538,7.54000,-7.02786,7.54000,6.51049
7.55588,7.55000,2.92605,7.55000,0.91471,7.55000,-7.48134,7.55000,6.22683
7.56588,7.56000,3.12271,7.56000,0.62231,7.56000,-7.70589,7.56000,5.95885
7.57589,7.57000,2.96258,7.57000,0.29463,7.57000,-7.68793,7.57000,5.70500
7.58590,7.58000,2.50111,7.58000,-0.08929,7.58000,-7.43253,7.58000,5.47400
7.59591,7.59000,1.81149,7.59000,-0.54343,7.59000,-6.96091,7.59000,5.28254
7.60591,7.60000,0.96965,7.60000,-1.07085,7.60000,-6.30679,7.60000,5.15185
7.61592,7.61000,0.04186,7.61000,-1.66148,7.61000,-5.51260,7.61000,5.10423
7.62593,7.62000,-0.92205,7.62000,-2.29205,7.62000,-4.62588,7.62000,5.15956
7.63594,7.63000,-1.88971,7.63000,-2.92810,7.63000,-3.69601,7.63000,5.33160
7.64595,7.64000,-2.84327,7.64000,-3.52772,7.64000,-2.77128,7.64000,5.62516
7.65595,7.65000,-3.77505,7.65000,-4.04604,7.65000,-1.89586,7.65000,6.03487
7.66596,7.66000,-4.68320,7.66000,-4.44011,7.66000,-1.10701,7.66000,6.54583
7.67597,7.67000,-5.56778,7.67000,-4.67365,7.67000,-0.43277,7.67000,7.13541
7.68598,7.68000,-6.42670,7.68000,-4.72124,7.68000,0.10933,7.68000,7.77513
7.69598,7.69000,-7.25223,7.69000,-4.57149,7.69000,0.51227,7.69000,8.43229
7.70599,7.70000,-8.02857,7.70000,-4.22861,7.70000,0.77850,7.70000,9.07123
7.71600,7.71000,-8.73171,7.71000,-3.71227,7.71000,0.91821,7.71000,9.65472
7.72601,7.72000,-9.33137,7.72000,-3.05566,7.72000,0.94727,7.72000,10.14574
7.73602,7.73000,-9.79492,7.73000,-2.30236,7.73000,0.88522,7.73000,10.50988
7.74602,7.74000,-10.09200,7.74000,-1.50247,7.74000,0.75360,7.74000,10.71815
7.75603,7.75000,-10.19924,7.75000,-0.70840,7.75000,0.57490,7.75000,10.74981
7.76604,7.76000,-10.10384,7.76000,0.02928,7.76000,0.37180,7.76000,10.59473
7.77605,7.77000,-9.80591,7.77000,0.66563,7.77000,0.16676,7.77000,10.25467
7.78605,7.78000,-9.31897,7.78000,1.16488,7.78000,-0.01844,7.78000,9.74353
7.79606,7.79000,-8.66914,7.79000,1.50308,7.79000,-0.16335,7.79000,9.08649
7.80607,7.80000,-7.89311,7.80000,1.67014,7.80000,-0.24987,7.80000,8.31842
7.81608,7.81000,-7.03533,7.81000,1.67068,7.81000,-0.26352,7.81000,7.48156
7.82609,7.82000,-6.14459,7.82000,1.52393,7.82000,-0.19493,7.82000,6.62279
7.83609,7.83000,-5.27031,7.83000,1.26234,7.83000,-0.04129,7.83000,5.79042
7.84610,7.84000,-4.45860,7.84000,0.92892,7.84000,0.19269,7.84000,5.03087
7.85611,7.85000,-3.74830,7.85000,0.57355,7.85000,0.49420,7.85000,4.38512
7.86612,7.86000,-3.16703,7.86000,0.24838,7.86000,0.84234,7.86000,3.88553
7.87613,7.87000,-2.72748,7.87000,0.00306,7.87000,1.20873,7.87000,3.55308
7.88613,7.88000,-2.42480,7.88000,-0.11978,7.88000,1.55888,7.88000,3.39591
7.89614,7.89000,-2.23605,7.89000,-0.08827,7.89000,1.85448,7.89000,3.40933
7.90615,7.90000,-2.12293,7.90000,0.11618,7.90000,2.05666,7.90000,3.57724
7.91616,7.91000,-2.03820,7.91000,0.49765,7.91000,2.12994,7.91000,3.87484
7.92616,7.92000,-1.93486,7.92000,1.04599,7.92000,2.04642,7.92000,4.27213
7.93617,7.93000,-1.77603,7.93000,1.73820,7.93000,1.78976,7.93000,4.73795
7.94618,7.94000,-1.54291,7.94000,2.54078,7.94000,1.35819,7.94000,5.24337
7.95619,7.95000,-1.23910,7.95000,3.41251,7.95000,0.76633,7.95000,5.76359
7.96620,7.96000,-0.89067,7.96000,4.30755,7.96000,0.04529,7.96000,6.27813
7.97620,7.97000,-0.54244,7.97000,5.17860,7.97000,-0.75896,7.97000,6.77027
7.98621,7.98000,-0.25156,7.98000,5.98030,7.98000,-1.58938,7.98000,7.22665
7.99622,7.99000,-0.07906,7.99000,6.67221,7.99000,-2.38317,7.99000,7.63732
8.00623,8.00000,-0.08040,8.00000,7.22120,8.00000,-3.07815,8.00000,7.99617
8.01623,8.01000,-0.29617,8.01000,7.60276,8.01000,-3.61916,8.01000,8.30117
8.02624,8.02000,-0.74472,8.02000,7.80148,8.02000,-3.96363,8.02000,8.55409
8.03625,8.03000,-1.41826,8.03000,7.81098,8.03000,-4.08575,8.03000,8.75943
8.04626,8.04000,-2.28298,8.04000,7.63365,8.04000,-3.97899,8.04000,8.92275
8.05627,8.05000,-3.28262,8.05000,7.28018,8.05000,-3.65685,8.05000,9.04868
8.06627,8.06000,-4.34421,8.06000,6.76874,8.06000,-3.15201,8.06000,9.13911
8.07628,8.07000,-5.38467,8.07000,6.12375,8.07000,-2.51377,8.07000,9.19199
8.08629,8.08000,-6.31759,8.08000,5.37428,8.08000,-1.80397,8.08000,9.20101
8.09630,8.09000,-7.06002,8.09000,4.55233,8.09000,-1.09165,8.09000,9.15639
8.10630,8.10000,-7.53942,8.10000,3.69104,8.10000,-0.44681,8.10000,9.04699
8.11631,8.11000,-7.70060,8.11000,2.82309,8.11000,0.06621,8.11000,8.86349
8.12632,8.12000,-7.51210,8.12000,1.97923,8.12000,0.39510,8.12000,8.60194
8.13633,8.13000,-6.97111,8.13000,1.18696,8.13000,0.50500,8.13000,8.26677
8.14634,8.14000,-6.10585,8.14000,0.46921,8.14000,0.38238,8.14000,7.87197
8.15634,8.15000,-4.97462,8.15000,-0.15688,8.15000,0.03683,8.15000,7.44009
8.16635,8.16000,-3.66121,8.16000,-0.68122,8.16000,-0.49953,8.16000,6.99878
8.17636,8.17000,-2.26712,8.17000,-1.10178,8.17000,-1.17501,8.17000,6.57607
8.18637,8.18000,-0.90133,8.18000,-1.42533,8.18000,-1.92362,8.18000,6.19563
8.19637,8.19000,0.33097,8.19000,-1.66771,8.19000,-2.67193,8.19000,5.87382
8.20638,8.20000,1.33955,8.20000,-1.85330,8.20000,-3.34697,8.20000,5.61938
8.21639,8.21000,2.05873,8.21000,-2.01356,8.21000,-3.88414,8.21000,5.43574
8.22640,8.22000,2.45406,8.22000,-2.18432,8.22000,-4.23393,8.22000,5.32469
8.23641,8.23000,2.52470,8.23000,-2.40200,8.23000,-4.36635,8.23000,5.28956
8.24641,8.24000,2.30033,8.24000,-2.69875,8.24000,-4.27233,8.24000,5.33621
8.25642,8.25000,1.83266,8.25000,-3.09728,8.25000,-3.96219,8.25000,5.47150
8.26643,8.26000,1.18352,8.26000,-3.60621,8.26000,-3.46214,8.26000,5.70057
8.27644,8.27000,0.41298,8.27000,-4.21698,8.27000,-2.80985,8.27000,6.02428
8.28644,8.28000,-0.42920,8.28000,-4.90322,8.28000,-2.04999,8.28000,6.43758
8.29645,8.29000,-1.30690,8.29000,-5.62280,8.29000,-1.23034,8.29000,6.92861
8.30646,8.30000,-2.19659,8.30000,-6.32230,8.30000,-0.39858,8.30000,7.47868
8.31647,8.31000,-3.08399,8.31000,-6.94311,8.31000,0.40051,8.31000,8.06337
8.32648,8.32000,-3.96059,8.32000,-7.42807,8.32000,1.12774,8.32000,8.65486
8.33648,8.33000,-4.82075,8.33000,-7.72784,8.33000,1.75216,8.33000,9.22486
8.34649,8.34000,-5.65894,8.34000,-7.80641,8.34000,2.25314,8.34000,9.74711
8.35650,8.35000,-6.46674,8.35000,-7.64514,8.35000,2.62132,8.35000,10.19904
8.36651,8.36000,-7.23009,8.36000,-7.24493,8.36000,2.85828,8.36000,10.56219
8.37651,8.37000,-7.92790,8.37000,-6.62619,8.37000,2.97497,8.37000,10.82183
8.38652,8.38000,-8.53257,8.38000,-5.82664,8.38000,2.98929,8.38000,10.96620
8.39653,8.39000,-9.01273,8.39000,-4.89739,8.39000,2.92348,8.39000,10.98609
8.40654,8.40000,-9.33728,8.40000,-3.89795,8.40000,2.80162,8.40000,10.87510
8.41655,8.41000,-9.47990,8.41000,-2.89089,8.41000,2.64767,8.41000,10.63051
8.42655,8.42000,-9.42316,8.42000,-1.93656,8.42000,2.48411,8.42000,10.25446
8.43656,8.43000,-9.16146,8.43000,-1.08838,8.43000,2.33118,8.43000,9.75512
8.44657,8.44000,-8.70268,8.44000,-0.38884,8.44000,2.20642,8.44000,9.14742
8.45658,8.45000,-8.06847,8.45000,0.13353,8.45000,2.12456,8.45000,8.45315
8.46658,8.46000,-7.29331,8.46000,0.46599,8.46000,2.09737,8.46000,7.70060
8.47659,8.47000,-6.42236,8.47000,0.61220,8.47000,2.13343,8.47000,6.92322
8.48660,8.48000,-5.50820,8.48000,0.59149,8.48000,2.23757,8.48000,6.15758
8.49661,8.49000,-4.60663,8.49000,0.43687,8.49000,2.41005,8.49000,5.44050
8.50662,8.50000,-3.77170,8.50000,0.19174,8.50000,2.64555,8.50000,4.80568
8.51662,8.51000,-3.05040,8.51000,-0.09424,8.51000,2.93231,8.51000,4.28050
8.52663,8.52000,-2.47730,8.52000,-0.36991,8.52000,3.25155,8.52000,3.88331
8.53664,8.53000,-2.06978,8.53000,-0.58725,8.53000,3.57761,8.53000,3.62205
8.54665,8.54000,-1.82479,8.54000,-0.70537,8.54000,3.87894,8.54000,3.49433
8.55665,8.55000,-1.71837,8.55000,-0.69352,8.55000,4.12032,8.55000,3.48883
8.56666,8.56000,-1.70909,8.56000,-0.53279,8.56000,4.26621,8.56000,3.58759
8.57667,8.57000,-1.74533,8.57000,-0.21674,8.57000,4.28475,8.57000,3.76856
8.58668,8.58000,-1.77520,8.58000,0.24905,8.58000,4.15190,8.58000,4.00885
8.59669,8.59000,-1.75670,8.59000,0.84822,8.59000,3.85491,8.59000,4.28798
8.60669,8.60000,-1.66570,8.60000,1.55529,8.60000,3.39465,8.60000,4.59042
8.61670,8.61000,-1.49990,8.61000,2.33757,8.61000,2.78656,8.61000,4.90624
8.62671,8.62000,-1.27857,8.62000,3.15714,8.62000,2.06032,8.62000,5.22987
8.63672,8.63000,-1.03885,8.63000,3.97311,8.63000,1.25809,8.63000,5.55803
8.64672,8.64000,-0.82984,8.64000,4.74420,8.64000,0.43142,8.64000,5.88798
8.65673,8.65000,-0.70553,8.65000,5.43151,8.65000,-0.36319,8.65000,6.21688
8.66674,8.66000,-0.71702,8.66000,6.00113,8.66000,-1.06969,8.66000,6.54187
8.67675,8.67000,-0.90476,8.67000,6.42616,8.67000,-1.63810,8.67000,6.86052
8.68676,8.68000,-1.29193,8.68000,6.68793,8.68000,-2.02951,8.68000,7.17101
8.69676,8.69000,-1.88015,8.69000,6.77667,8.69000,-2.22002,8.69000,7.47193
8.70677,8.70000,-2.64834,8.70000,6.69164,8.70000,-2.20301,8.70000,7.76161
8.71678,8.71000,-3.55448,8.71000,6.44077,8.71000,-1.99001,8.71000,8.03708
8.72679,8.72000,-4.53945,8.72000,6.03975,8.72000,-1.60992,8.72000,8.29301
8.73679,8.73000,-5.53197,8.73000,5.51054,8.73000,-1.10684,8.73000,8.52080
8.74680,8.74000,-6.45398,8.74000,4.87951,8.74000,-0.53659,8.74000,8.70830
8.75681,8.75000,-7.22648,8.75000,4.17545,8.75000,0.03805,8.75000,8.84038
8.76682,8.76000,-7.77572,8.76000,3.42770,8.76000,0.55293,8.76000,8.90073
8.77683,8.77000,-8.03999,8.77000,2.66450,8.77000,0.94849,8.77000,8.87474
8.78683,8.78000,-7.97632,8.78000,1.91172,8.78000,1.17564,8.78000,8.75309
8.79684,8.79000,-7.56647,8.79000,1.19189,8.79000,1.20076,8.79000,8.53504
8.80685,8.80000,-6.82096,8.80000,0.52341,8.80000,1.00944,8.80000,8.23041
8.81686,8.81000,-5.78041,8.81000,-0.08006,8.81000,0.60832,8.81000,7.85942
8.82686,8.82000,-4.51342,8.82000,-0.61019,8.82000,0.02499,8.82000,7.45020
8.83687,8.83000,-3.11121,8.83000,-1.06452,8.83000,-0.69430,8.83000,7.03444
8.84688,8.84000,-1.67930,8.84000,-1.44700,8.84000,-1.48902,8.84000,6.64233
8.85689,8.85000,-0.32711,8.85000,-1.76824,8.85000,-2.29029,8.85000,6.29817
8.86690,8.86000,0.84332,8.86000,-2.04539,8.86000,-3.02793,8.86000,6.01825
8.87690,8.87000,1.74844,8.87000,-2.30134,8.87000,-3.63768,8.87000,5.81149
8.88691,8.88000,2.33243,8.88000,-2.56307,8.88000,-4.06747,8.88000,5.68256
8.89692,8.89000,2.57308,8.89000,-2.85899,8.89000,-4.28183,8.89000,5.63553
8.90693,8.90000,2.48240,8.90000,-3.21539,8.90000,-4.26388,8.90000,5.67622
8.91693,8.91000,2.10123,8.91000,-3.65240,8.91000,-4.01491,8.91000,5.81164
8.92694,8.92000,1.48892,8.92000,-4.17994,8.92000,-3.55235,8.92000,6.04746
8.93695,8.93000,0.71090,8.93000,-4.79461,8.93000,-2.90665,8.93000,6.38490
8.94696,8.94000,-0.17202,8.94000,-5.47838,8.94000,-2.11792,8.94000,6.81878
8.95697,8.95000,-1.11010,8.95000,-6.19937,8.95000,-1.23239,8.95000,7.33669
8.96697,8.96000,-2.06648,8.96000,-6.91475,8.96000,-0.29914,8.96000,7.91915
8.97698,8.97000,-3.01580,8.97000,-7.57514,8.97000,0.63325,8.97000,8.54064
8.98699,8.98000,-3.94195,8.98000,-8.12977,8.98000,1.52034,8.98000,9.17174
8.99700,8.99000,-4.83578,8.99000,-8.53174,8.99000,2.32539,8.99000,9.78194
9.00700,9.00000,-5.69257,9.00000,-8.74305,9.00000,3.02235,9.00000,10.34237
9.01701,9.01000,-6.50870,9.01000,-8.73881,9.01000,3.59742,9.01000,10.82790
9.02702,9.02000,-7.27762,9.02000,-8.51030,9.02000,4.04877,9.02000,11.21808
9.03703,9.03000,-7.98649,9.03000,-8.06627,9.03000,4.38484,9.03000,11.49720
9.04704,9.04000,-8.61501,9.04000,-7.43206,9.04000,4.62169,9.04000,11.65365
9.05704,9.05000,-9.13683,9.05000,-6.64692,9.05000,4.78005,9.05000,11.67943
9.06705,9.06000,-9.52317,9.06000,-5.75983,9.06000,4.88260,9.06000,11.57003
9.07706,9.07000,-9.74746,9.07000,-4.82487,9.07000,4.95169,9.07000,11.32500
9.08707,9.08000,-9.78986,9.08000,-3.89646,9.08000,5.00782,9.08000,10.94875
9.09707,9.09000,-9.64059,9.09000,-3.02526,9.09000,5.06868,9.09000,10.45120
9.10708,9.10000,-9.30185,9.10000,-2.25458,9.10000,5.14873,9.10000,9.84808
9.11709,9.11000,-8.78823,9.11000,-1.61769,9.11000,5.25910,9.11000,9.16058
9.12710,9.12000,-8.12603,9.12000,-1.13590,9.12000,5.40758,9.12000,8.41470
9.13711,9.13000,-7.35169,9.13000,-0.81733,9.13000,5.59842,9.13000,7.64026
9.14711,9.14000,-6.50954,9.14000,-0.65658,9.14000,5.83198,9.14000,6.86963
9.15712,9.15000,-5.64881,9.15000,-0.63513,9.15000,6.10419,9.15000,6.13612
9.16713,9.16000,-4.81993,9.16000,-0.72287,9.16000,6.40620,9.16000,5.47184
9.17714,9.17000,-4.07011,9.17000,-0.88060,9.17000,6.72431,9.17000,4.90520
9.18714,9.18000,-3.43819,9.18000,-1.06347,9.18000,7.04021,9.18000,4.45819
9.19715,9.19000,-2.94937,9.19000,-1.22504,9.19000,7.33144,9.19000,4.14395
9.20716,9.20000,-2.61062,9.20000,-1.32134,9.20000,7.57205,9.20000,3.96541
9.21717,9.21000,-2.40824,9.21000,-1.31473,9.21000,7.73380,9.21000,3.91524
9.22718,9.22000,-2.30905,9.22000,-1.17714,9.22000,7.78808,9.22000,3.97725
9.23718,9.23000,-2.26574,9.23000,-0.89244,9.23000,7.70879,9.23000,4.12868
9.24719,9.24000,-2.22572,9.24000,-0.45776,9.24000,7.47576,9.24000,4.34316
9.25720,9.25000,-2.14151,9.25000,0.11635,9.25000,7.07825,9.25000,4.59423
9.26721,9.26000,-1.98022,9.26000,0.80681,9.26000,6.51785,9.26000,4.85860
9.27721,9.27000,-1.72999,9.27000,1.57977,9.27000,5.81039,9.27000,5.11813
9.28722,9.28000,-1.40230,9.28000,2.39301,9.28000,4.98643,9.28000,5.36013
9.29723,9.29000,-1.03013,9.29000,3.19895,9.29000,4.09026,9.29000,5.57625
9.30724,9.30000,-0.66308,9.30000,3.94837,9.30000,3.17706,9.30000,5.76143
9.31725,9.31000,-0.36028,9.31000,4.59446,9.31000,2.30833,9.31000,5.91355
9.32725,9.32000,-0.18185,9.32000,5.09679,9.32000,1.54584,9.32000,6.03393
9.33726,9.33000,-0.17966,9.33000,5.42443,9.33000,0.94487,9.33000,6.12810
9.34727,9.34000,-0.38877,9.34000,5.55774,9.34000,0.54799,9.34000,6.20599
9.35728,9.35000,-0.82126,9.35000,5.48890,9.35000,0.38031,9.35000,6.28116
9.36728,9.36000,-1.46375,9.36000,5.22167,9.36000,0.44675,9.36000,6.36885
9.37729,9.37000,-2.27857,9.37000,4.77058,9.37000,0.73136,9.37000,6.48325
9.38730,9.38000,-3.20759,9.38000,4.15957,9.38000,1.19860,9.38000,6.63445
9.39731,9.39000,-4.17747,9.39000,3.42025,9.39000,1.79625,9.39000,6.82586
9.40732,9.40000,-5.10548,9.40000,2.58957,9.40000,2.45992,9.40000,7.05223
9.41732,9.41000,-5.90590,9.41000,1.70737,9.41000,3.11866,9.41000,7.29929
9.42733,9.42000,-6.49712,9.42000,0.81386,9.42000,3.70138,9.42000,7.54509
9.43734,9.43000,-6.80968,9.43000,-0.05253,9.43000,4.14356,9.43000,7.76351
9.44735,9.44000,-6.79455,9.44000,-0.85714,9.44000,4.39358,9.44000,7.92917
9.45735,9.45000,-6.43049,9.45000,-1.57055,9.45000,4.41797,9.45000,8.02235
9.46736,9.46000,-5.72883,9.46000,-2.16994,9.46000,4.20515,9.46000,8.03257
9.47737,9.47000,-4.73441,9.47000,-2.64019,9.47000,3.76697,9.47000,7.95963
9.48738,9.48000,-3.52227,9.48000,-2.97483,9.48000,3.13792,9.48000,7.81203
9.49739,9.49000,-2.19013,9.49000,-3.17665,9.49000,2.37191,9.49000,7.60361
9.50739,9.50000,-0.84773,9.50000,-3.25812,9.50000,1.53683,9.50000,7.34989
9.51740,9.51000,0.39569,9.51000,-3.24130,9.51000,0.70744,9.51000,7.06553
9.52741,9.52000,1.44418,9.52000,-3.15725,9.52000,-0.04274,9.52000,6.76407
9.53742,9.53000,2.22633,9.53000,-3.04447,9.53000,-0.64918,9.53000,6.45964
9.54742,9.54000,2.70311,9.54000,-2.94627,9.54000,-1.06289,9.54000,6.16938
9.55743,9.55000,2.87050,9.55000,-2.90689,9.55000,-1.25436,9.55000,5.91481
9.56744,9.56000,2.75612,9.56000,-2.96653,9.56000,-1.21484,9.56000,5.72063
9.57745,9.57000,2.41020,9.57000,-3.15589,9.57000,-0.95484,9.57000,5.61106
9.58746,9.58000,1.89335,9.58000,-3.49112,9.58000,-0.50096,9.58000,5.60523
9.59746,9.59000,1.26463,9.59000,-3.97014,9.59000,0.10848,9.59000,5.71339
9.60747,9.60000,0.57296,9.60000,-4.57146,9.60000,0.82792,9.60000,5.93489
9.61748,9.61000,-0.14646,9.61000,-5.25581,9.61000,1.60883,9.61000,6.25771
9.62749,9.62000,-0.87135,9.62000,-5.97022,9.62000,2.40337,9.62000,6.65963
9.63749,9.63000,-1.58941,9.63000,-6.65386,9.63000,3.16745,9.63000,7.11086
9.64750,9.64000,-2.29511,9.64000,-7.24450,9.64000,3.86343,9.64000,7.57786
9.65751,9.65000,-2.98713,9.65000,-7.68492,9.65000,4.46249,9.65000,8.02751
9.66752,9.66000,-3.66610,9.66000,-7.92851,9.66000,4.94640,9.66000,8.43086
9.67753,9.67000,-4.33209,9.67000,-7.94368,9.67000,5.30806,9.67000,8.76579
9.68753,9.68000,-4.98166,9.68000,-7.71664,9.68000,5.55085,9.68000,9.01814
9.69754,9.69000,-5.60555,9.69000,-7.25225,9.69000,5.68663,9.69000,9.18138
9.70755,9.70000,-6.18759,9.70000,-6.57303,9.70000,5.73308,9.70000,9.25513
9.71756,9.71000,-6.70552,9.71000,-5.71658,9.71000,5.71087,9.71000,9.24311
9.72756,9.72000,-7.13312,9.72000,-4.73190,9.72000,5.64120,9.72000,9.15122
9.73757,9.73000,-7.44339,9.73000,-3.67534,9.73000,5.54410,9.73000,8.98619
9.74758,9.74000,-7.61170,9.74000,-2.60627,9.74000,5.43762,9.74000,8.75476
9.75759,9.75000,-7.61876,9.75000,-1.58296,9.75000,5.33750,9.75000,8.46342
9.76760,9.76000,-7.45281,9.76000,-0.65866,9.76000,5.25733,9.76000,8.11852
9.77760,9.77000,-7.11125,9.77000,0.12196,9.77000,5.20865,9.77000,7.72668
9.78761,9.78000,-6.60175,9.78000,0.72584,9.78000,5.20092,9.78000,7.29557
9.79762,9.79000,-5.94289,9.79000,1.13379,9.79000,5.24131,9.79000,6.83476
9.80763,9.80000,-5.16420,9.80000,1.34205,9.80000,5.33414,9.80000,6.35658
9.81763,9.81000,-4.30518,9.81000,1.36274,9.81000,5.48030,9.81000,5.87635
9.82764,9.82000,-3.41311,9.82000,1.22325,9.82000,5.67662,9.82000,5.41172
9.83765,9.83000,-2.53932,9.83000,0.96429,9.83000,5.91520,9.83000,4.98113
9.84766,9.84000,-1.73393,9.84000,0.63656,9.84000,6.18299,9.84000,4.60145
9.85767,9.85000,-1.03958,9.85000,0.29627,9.85000,6.46153,9.85000,4.28575
9.86767,9.86000,-0.48489,9.86000,-0.00014,9.86000,6.72700,9.86000,4.04223
9.87768,9.87000,-0.07936,9.87000,-0.20134,9.87000,6.95106,9.87000,3.87466
9.88769,9.88000,0.18872,9.88000,-0.26599,9.88000,7.10269,9.88000,3.78392
9.89770,9.89000,0.35003,9.89000,-0.16638,9.89000,7.15103,9.89000,3.76924
9.90770,9.90000,0.44742,9.90000,0.10946,9.90000,7.06910,9.90000,3.82840
9.91771,9.91000,0.52609,9.91000,0.55718,9.91000,6.83752,9.91000,3.95738
9.92772,9.92000,0.62339,9.92000,1.15715,9.92000,6.44775,9.92000,4.14999
9.93773,9.93000,0.76094,9.93000,1.87651,9.93000,5.90424,9.93000,4.39766
9.94774,9.94000,0.94097,9.94000,2.67210,9.94000,5.22532,9.94000,4.68896
9.95774,9.95000,1.14713,9.95000,3.49381,9.95000,4.44299,9.95000,5.00904
9.96775,9.96000,1.34833,9.96000,4.28855,9.96000,3.60130,9.96000,5.33988
9.97776,9.97000,1.50399,9.97000,5.00468,9.97000,2.75352,9.97000,5.66193
9.98777,9.98000,1.56975,9.98000,5.59653,9.98000,1.95768,9.98000,5.95705
9.99777,9.99000,1.50326,9.99000,6.02816,9.99000,1.27110,9.99000,6.21163
10.00778,10.00000,1.27025,10.00000,6.27584,10.00000,0.74443,10.00000,6.41901
10.01779,10.01000,0.85017,10.01000,6.32877,10.01000,0.41647,10.01000,6.58033
10.02780,10.02000,0.24044,10.02000,6.18851,10.02000,0.31013,10.02000,6.70352
10.03781,10.03000,-0.54176,10.03000,5.86753,10.03000,0.43015,10.03000,6.80082
10.04781,10.04000,-1.46019,10.04000,5.38724,10.04000,0.76239,10.04000,6.88523
10.05782,10.05000,-2.46246,10.05000,4.77596,10.05000,1.27453,10.05000,6.96680
10.06783,10.06000,-3.48435,10.06000,4.06671,10.06000,1.91833,10.06000,7.04955
10.07784,10.07000,-4.45486,10.07000,3.29512,10.07000,2.63309,10.07000,7.12968
10.08784,10.08000,-5.30174,10.08000,2.49735,10.08000,3.35045,10.08000,7.19542
10.09785,10.09000,-5.95744,10.09000,1.70812,10.09000,4.00005,10.09000,7.22866
10.10786,10.10000,-6.36527,10.10000,0.95892,10.10000,4.51596,10.10000,7.20829
10.11787,10.11000,-6.48543,10.11000,0.27648,10.11000,4.84308,10.11000,7.11465
10.12788,10.12000,-6.30025,10.12000,-0.31846,10.12000,4.94289,10.12000,6.93415
10.13788,10.13000,-5.81744,10.13000,-0.81200,10.13000,4.79783,10.13000,6.66287
10.14789,10.14000,-5.07076,10.14000,-1.19756,10.14000,4.41349,10.14000,6.30807
10.15790,10.15000,-4.11730,10.15000,-1.47610,10.15000,3.81832,10.15000,5.88726
10.16791,10.16000,-3.03184,10.16000,-1.65592,10.16000,3.06097,10.16000,5.42516
10.17791,10.17000,-1.89883,10.17000,-1.75231,10.17000,2.20538,10.17000,4.94963
10.18792,10.18000,-0.80341,10.18000,-1.78682,10.18000,1.32441,10.18000,4.48791
10.19793,10.19000,0.17744,10.19000,-1.78622,10.19000,0.49261,10.19000,4.06442
10.20794,10.20000,0.98227,10.20000,-1.78097,10.20000,-0.22115,10.20000,3.70014
10.21795,10.21000,1.57038,10.21000,-1.80308,10.21000,-0.76035,10.21000,3.41330
10.22795,10.22000,1.92402,10.22000,-1.88349,10.22000,-1.08584,10.22000,3.22024
10.23796,10.23000,2.04760,10.23000,-2.04898,10.23000,-1.17857,10.23000,3.13552
10.24797,10.24000,1.96367,10.24000,-2.31914,10.24000,-1.03967,10.24000,3.17063
10.25798,10.25000,1.70676,10.25000,-2.70350,10.25000,-0.68825,10.25000,3.33178
10.26798,10.26000,1.31655,10.26000,-3.19944,10.26000,-0.15785,10.26000,3.61755
10.27799,10.27000,0.83194,10.27000,-3.79122,10.27000,0.50786,10.27000,4.01748
10.28800,10.28000,0.28728,10.28000,-4.45046,10.28000,1.25932,10.28000,4.51196
10.29801,10.29000,-0.28954,10.29000,-5.13809,10.29000,2.04521,10.29000,5.07370
10.30802,10.30000,-0.87782,10.30000,-5.80745,10.30000,2.81635,10.30000,5.67018
10.31802,10.31000,-1.46451,10.31000,-6.40828,10.31000,3.52928,10.31000,6.26709
10.32803,10.32000,-2.04408,10.32000,-6.89118,10.32000,4.14935,10.32000,6.83192
10.33804,10.33000,-2.61735,10.33000,-7.21222,10.33000,4.65292,10.33000,7.33721
10.34805,10.34000,-3.18864,10.34000,-7.33721,10.34000,5.02820,10.34000,7.76291
10.35805,10.35000,-3.76160,10.35000,-7.24511,10.35000,5.27467,10.35000,8.09727
10.36806,10.36000,-4.33517,10.36000,-6.93017,10.36000,5.40119,10.36000,8.33645
10.37807,10.37000,-4.90094,10.37000,-6.40244,10.37000,5.42367,10.37000,8.48285
10.38808,10.38000,-5.44263,10.38000,-5.68679,10.38000,5.36258,10.38000,8.54286
10.39809,10.39000,-5.93764,10.39000,-4.82072,10.39000,5.24094,10.39000,8.52452
10.40809,10.40000,-6.35977,10.40000,-3.85133,10.40000,5.08273,10.40000,8.43557
10.41810,10.41000,-6.68246,10.41000,-2.83183,10.41000,4.91167,10.41000,8.28217
10.42811,10.42000,-6.88155,10.42000,-1.81778,10.42000,4.75034,10.42000,8.06823
10.43812,10.43000,-6.93769,10.43000,-0.86334,10.43000,4.61927,10.43000,7.79538
10.44813,10.44000,-6.83800,10.44000,-0.01755,10.44000,4.53617,10.44000,7.46359
10.45813,10.45000,-6.57748,10.45000,0.67900,10.45000,4.51501,10.45000,7.07252
10.46814,10.46000,-6.16011,10.46000,1.19714,10.46000,4.56516,10.46000,6.62338
10.47815,10.47000,-5.59967,10.47000,1.52134,10.47000,4.69068,10.47000,6.12104
10.48816,10.48000,-4.91982,10.48000,1.65106,10.48000,4.88986,10.48000,5.57572
10.49816,10.49000,-4.15344,10.49000,1.60093,10.49000,5.15512,10.49000,5.00374
10.50817,10.50000,-3.34059,10.50000,1.39961,10.50000,5.47328,10.50000,4.42689
10.51818,10.51000,-2.52535,10.51000,1.08745,10.51000,5.82622,10.51000,3.87045
10.52819,10.52000,-1.75157,10.52000,0.71292,10.52000,6.19161,10.52000,3.36019
10.53820,10.53000,-1.05812,10.53000,0.32854,10.53000,6.54396,10.53000,2.91933
10.54820,10.54000,-0.47424,10.54000,-0.01362,10.54000,6.85568,10.54000,2.56630
10.55821,10.55000,-0.01582,10.55000,-0.26609,10.55000,7.09859,10.55000,2.31401
10.56822,10.56000,0.31671,10.56000,-0.38980,10.56000,7.24562,10.56000,2.17038
10.57823,10.57000,0.53811,10.57000,-0.35701,10.57000,7.27282,10.57000,2.13929
10.58823,10.58000,0.67552,10.58000,-0.15345,10.58000,7.16154,10.58000,2.22109
10.59824,10.59000,0.76321,10.59000,0.22069,10.59000,6.90037,10.59000,2.41216
10.60825,10.60000,0.83606,10.60000,0.75088,10.60000,6.48695,10.60000,2.70404
10.61826,10.61000,0.92288,10.61000,1.40948,10.61000,5.92905,10.61000,3.08265
10.62827,10.62000,1.04128,10.62000,2.15807,10.62000,5.24501,10.62000,3.52802
10.63827,10.63000,1.19480,10.63000,2.95059,10.63000,4.46336,10.63000,4.01489
10.64828,10.64000,1.37257,10.64000,3.73710,10.64000,3.62147,10.64000,4.51414
10.65829,10.65000,1.55107,10.65000,4.46801,10.65000,2.76324,10.65000,4.99518
10.66830,10.66000,1.69755,10.66000,5.09824,10.66000,1.93601,10.66000,5.42921
10.67830,10.67000,1.77460,10.67000,5.59084,10.67000,1.18658,10.67000,5.79268
10.68831,10.68000,1.74555,10.68000,5.91948,10.68000,0.55699,10.68000,6.07005
10.69832,10.69000,1.58023,10.69000,6.06966,10.69000,0.08068,10.69000,6.25546
10.70833,10.70000,1.25996,10.70000,6.03851,10.70000,-0.22055,10.70000,6.35277
10.71834,10.71000,0.78101,10.71000,5.83382,10.71000,-0.33826,10.71000,6.37404
10.72834,10.72000,0.15584,10.72000,5.47259,10.72000,-0.27788,10.72000,6.33678
10.73835,10.73000,-0.58774,10.73000,4.97931,10.73000,-0.05801,10.73000,6.26040
10.74836,10.74000,-1.40904,10.74000,4.38407,10.74000,0.29122,10.74000,6.16250
10.75837,10.75000,-2.25804,10.75000,3.72062,10.75000,0.73059,10.75000,6.05571
10.76837,10.76000,-3.07955,10.76000,3.02429,10.76000,1.21476,10.76000,5.94561
10.77838,10.77000,-3.81771,10.77000,2.32999,10.77000,1.69535,10.77000,5.83008
10.78839,10.78000,-4.42064,10.78000,1.67044,10.78000,2.12420,10.78000,5.70043
10.79840,10.79000,-4.84511,10.79000,1.07461,10.79000,2.45673,10.79000,5.54408
10.80841,10.80000,-5.06082,10.80000,0.56667,10.80000,2.65514,10.80000,5.34841
10.81841,10.81000,-5.05405,10.81000,0.16530,10.81000,2.69145,10.81000,5.10490
10.82842,10.82000,-4.82986,10.82000,-0.11661,10.82000,2.54988,10.82000,4.81258
10.83843,10.83000,-4.41219,10.83000,-0.27206,10.83000,2.22839,10.83000,4.47979
10.84844,10.84000,-3.84178,10.84000,-0.30016,10.84000,1.73905,10.84000,4.12377
10.85844,10.85000,-3.17169,10.85000,-0.20628,10.85000,1.10720,10.85000,3.76802
10.86845,10.86000,-2.46113,10.86000,-0.00232,10.86000,0.36927,10.86000,3.43812
10.87846,10.87000,-1.76865,10.87000,0.29316,10.87000,-0.43041,10.87000,3.15710
10.88847,10.88000,-1.14543,10.88000,0.65520,10.88000,-1.24362,10.88000,2.94159
10.89848,10.89000,-0.63003,10.89000,1.05316,10.89000,-2.02261,10.89000,2.79955
10.90848,10.90000,-0.24495,10.90000,1.45221,10.90000,-2.72427,10.90000,2.72999
10.91849,10.91000,0.00440,10.91000,1.81546,10.91000,-3.31381,10.91000,2.72412
10.92850,10.92000,0.12828,10.92000,2.10676,10.92000,-3.76733,10.92000,2.76748
10.93851,10.93000,0.14903,10.93000,2.29388,10.93000,-4.07308,10.93000,2.84256
10.94851,10.94000,0.09586,10.94000,2.35179,10.94000,-4.23130,10.94000,2.93150
10.95852,10.95000,-0.00096,10.95000,2.26563,10.95000,-4.25291,10.95000,3.01876
10.96853,10.96000,-0.11520,10.96000,2.03283,10.96000,-4.15725,10.96000,3.09314
10.97854,10.97000,-0.22801,10.97000,1.66393,10.97000,-3.96937,10.97000,3.14882
10.98855,10.98000,-0.32877,10.98000,1.18173,10.98000,-3.71722,10.98000,3.18490
10.99855,10.99000,-0.41367,10.99000,0.61879,10.99000,-3.42895,10.99000,3.20376
11.00856,11.00000,-0.48314,11.00000,0.01371,11.00000,-3.13087,11.00000,3.20910
11.01857,11.01000,-0.53944,11.01000,-0.59311,11.01000,-2.84595,11.01000,3.20441
11.02858,11.02000,-0.58581,11.02000,-1.16334,11.02000,-2.59285,11.02000,3.19220
11.03858,11.03000,-0.62704,11.03000,-1.66375,11.03000,-2.38492,11.03000,3.17412
11.04859,11.04000,-0.67053,11.04000,-2.06836,11.04000,-2.22914,11.04000,3.15152
11.05860,11.05000,-0.72630,11.05000,-2.35968,11.05000,-2.12552,11.05000,3.12612
11.06861,11.06000,-0.80526,11.06000,-2.52930,11.06000,-2.06757,11.06000,3.10021
11.07862,11.07000,-0.91651,11.07000,-2.57765,11.07000,-2.04373,11.07000,3.07635
11.08862,11.08000,-1.06473,11.08000,-2.51315,11.08000,-2.03956,11.08000,3.05689
11.09863,11.09000,-1.24876,11.09000,-2.35079,11.09000,-2.03984,11.09000,3.04330
11.10864,11.10000,-1.46175,11.10000,-2.11035,11.10000,-2.03052,11.10000,3.03564
11.11865,11.11000,-1.69266,11.11000,-1.81440,11.11000,-2.00004,11.11000,3.03238
11.12865,11.12000,-1.92853,11.12000,-1.48627,11.12000,-1.94023,11.12000,3.03052
11.13866,11.13000,-2.15683,11.13000,-1.14810,11.13000,-1.84651,11.13000,3.02604
11.14867,11.14000,-2.36724,11.14000,-0.81924,11.14000,-1.71773,11.14000,3.01445
11.15868,11.15000,-2.55253,11.15000,-0.51504,11.15000,-1.55551,11.15000,2.99115
11.16869,11.16000,-2.70838,11.16000,-0.24632,11.16000,-1.36331,11.16000,2.95155
11.17869,11.17000,-2.83259,11.17000,-0.01929,11.17000,-1.14550,11.17000,2.89117
11.18870,11.18000,-2.92399,11.18000,0.16408,11.18000,-0.90639,11.18000,2.80595
11.19871,11.19000,-2.98150,11.19000,0.30547,11.19000,-0.64961,11.19000,2.69281
11.20872,11.20000,-3.00348,11.20000,0.40954,11.20000,-0.37771,11.20000,2.55074
11.21872,11.21000,-2.98735,11.21000,0.48324,11.21000,-0.09220,11.21000,2.38194
11.22873,11.22000,-2.92939,11.22000,0.53504,11.22000,0.20598,11.22000,2.19279
11.23874,11.23000,-2.82450,11.23000,0.57414,11.23000,0.51587,11.23000,1.99443
11.24875,11.24000,-2.66600,11.24000,0.60970,11.24000,0.83563,11.24000,1.80259
11.25876,11.25000,-2.44551,11.25000,0.64988,11.25000,1.16187,11.25000,1.63689
11.26876,11.26000,-2.15317,11.26000,0.70121,11.26000,1.48906,11.26000,1.51945
11.27877,11.27000,-1.77823,11.27000,0.76803,11.27000,1.80918,11.27000,1.47324
11.28878,11.28000,-1.31028,11.28000,0.85227,11.28000,2.11168,11.28000,1.52010
11.29879,11.29000,-0.74088,11.29000,0.95369,11.29000,2.38369,11.29000,1.67875
11.30879,11.30000,-0.06558,11.30000,1.07025,11.30000,2.61061,11.30000,1.96278
11.31880,11.31000,0.71410,11.31000,1.19881,11.31000,2.77705,11.31000,2.37879
11.32881,11.32000,1.58901,11.32000,1.33571,11.32000,2.86824,11.32000,2.92482
11.33882,11.33000,2.54150,11.33000,1.47733,11.33000,2.87163,11.33000,3.58931
11.34883,11.34000,3.54559,11.34000,1.62032,11.34000,2.77869,11.34000,4.35085
11.35883,11.35000,4.56834,11.35000,1.76160,11.35000,2.58647,11.35000,5.17908
11.36884,11.36000,5.57239,11.36000,1.89804,11.36000,2.29889,11.36000,6.03681
11.37885,11.37000,6.51934,11.37000,2.02614,11.37000,1.92736,11.37000,6.88326
11.38886,11.38000,7.37379,11.38000,2.14166,11.38000,1.49063,11.38000,7.67819
11.39886,11.39000,8.10728,11.39000,2.23959,11.39000,1.01370,11.39000,8.38629
11.40887,11.40000,8.70132,11.40000,2.31449,11.40000,0.52560,11.40000,8.98096
11.41888,11.41000,9.14849,11.41000,2.36155,11.41000,0.05640,11.41000,9.44624
11.42889,11.42000,9.45070,11.42000,2.37807,11.42000,-0.36590,11.42000,9.77626
11.43890,11.43000,9.61537,11.43000,2.36494,11.43000,-0.71807,11.43000,9.97241
11.44890,11.44000,9.65104,11.44000,2.32754,11.44000,-0.98336,11.44000,10.03963
11.45891,11.45000,9.56444,11.45000,2.27546,11.45000,-1.15240,11.45000,9.98366
11.46892,11.46000,9.36031,11.46000,2.22114,11.46000,-1.22313,11.46000,9.81032
11.47893,11.47000,9.04386,11.47000,2.17765,11.47000,-1.19995,11.47000,9.52699
11.48893,11.48000,8.62444,11.48000,2.15633,11.48000,-1.09221,11.48000,9.14524
11.49894,11.49000,8.11878,11.49000,2.16477,11.49000,-0.91236,11.49000,8.68304
11.50895,11.50000,7.55212,11.50000,2.20565,11.50000,-0.67423,11.50000,8.16537
11.51896,11.51000,6.95691,11.51000,2.27679,11.51000,-0.39164,11.51000,7.62262
11.52897,11.52000,6.36914,11.52000,2.37200,11.52000,-0.07757,11.52000,7.08732
11.53897,11.53000,5.82367,11.53000,2.48271,11.53000,0.25644,11.53000,6.59015
11.54898,11.54000,5.34973,11.54000,2.59965,11.54000,0.60042,11.54000,6.15625
11.55899,11.55000,4.96764,11.55000,2.71433,11.55000,0.94585,11.55000,5.80285
11.56900,11.56000,4.68755,11.56000,2.82007,11.56000,1.28542,11.56000,5.53855
11.57900,11.57000,4.51002,11.57000,2.91237,11.57000,1.61281,11.57000,5.36395
11.58901,11.58000,4.42809,11.58000,2.98887,11.58000,1.92255,11.58000,5.27349
11.59902,11.59000,4.43001,11.59000,3.04887,11.59000,2.21001,11.59000,5.25766
11.60903,11.60000,4.50203,11.60000,3.09265,11.60000,2.47150,11.60000,5.30516
11.61904,11.61000,4.63052,11.61000,3.12080,11.61000,2.70430,11.61000,5.40459
11.62904,11.62000,4.80335,11.62000,3.13366,11.62000,2.90670,11.62000,5.54550
11.63905,11.63000,5.01044,11.63000,3.13088,11.63000,3.07786,11.63000,5.71870
11.64906,11.64000,5.24345,11.64000,3.11134,11.64000,3.21759,11.64000,5.91610
11.65907,11.65000,5.49502,11.65000,3.07322,11.65000,3.32602,11.65000,6.13003
11.66907,11.66000,5.75775,11.66000,3.01437,11.66000,3.40318,11.66000,6.35247
11.67908,11.67000,6.02312,11.67000,2.93274,11.67000,3.44867,11.67000,6.57436
11.68909,11.68000,6.28080,11.68000,2.82703,11.68000,3.46144,11.68000,6.78509
11.69910,11.69000,6.51847,11.69000,2.69724,11.69000,3.43966,11.69000,6.97254
11.70911,11.70000,6.72212,11.70000,2.54510,11.70000,3.38092,11.70000,7.12353
11.71911,11.71000,6.87704,11.71000,2.37431,11.71000,3.28254,11.71000,7.22474
11.72912,11.72000,6.96916,11.72000,2.19043,11.72000,3.14208,11.72000,7.26391
11.73913,11.73000,6.98671,11.73000,2.00042,11.73000,2.95797,11.73000,7.23129
11.74914,11.74000,6.92184,11.74000,1.81186,11.74000,2.73005,11.74000,7.12096
11.75914,11.75000,6.77188,11.75000,1.63210,11.75000,2.46024,11.75000,6.93188
11.76915,11.76000,6.54011,11.76000,1.46724,11.76000,2.15301,11.76000,6.66837
11.77916,11.77000,6.23561,11.77000,1.32144,11.77000,1.81562,11.77000,6.33996
11.78917,11.78000,5.87264,11.78000,1.19646,11.78000,1.45808,11.78000,5.96066
11.79918,11.79000,5.46935,11.79000,1.09149,11.79000,1.09258,11.79000,5.54778
11.80918,11.80000,5.04631,11.80000,1.00344,11.80000,0.73260,11.80000,5.12063
11.81919,11.81000,4.62494,11.81000,0.92742,11.81000,0.39169,11.81000,4.69901
11.82920,11.82000,4.22580,11.82000,0.85744,11.82000,0.08211,11.82000,4.30185
11.83921,11.83000,3.86701,11.83000,0.78722,11.83000,-0.18637,11.83000,3.94572
11.84921,11.84000,3.56269,11.84000,0.71102,11.84000,-0.40743,11.84000,3.64356
11.85922,11.85000,3.32185,11.85000,0.62429,11.85000,-0.57878,11.85000,3.40357
11.86923,11.86000,3.14767,11.86000,0.52421,11.86000,-0.70214,11.86000,3.22868
11.87924,11.87000,3.03759,11.87000,0.40986,11.87000,-0.78287,11.87000,3.11649
11.88925,11.88000,2.98412,11.88000,0.28222,11.88000,-0.82911,11.88000,3.06000
11.89925,11.89000,2.97614,11.89000,0.14381,11.89000,-0.85075,11.89000,3.04872
11.90926,11.90000,3.00063,11.90000,-0.00169,11.90000,-0.85825,11.90000,3.07021
11.91927,11.91000,3.04438,11.91000,-0.14997,11.91000,-0.86150,11.91000,3.11170
11.92928,11.92000,3.09548,11.92000,-0.29648,11.92000,-0.86886,11.92000,3.16144
11.93928,11.93000,3.14442,11.93000,-0.43676,11.93000,-0.88645,11.93000,3.20976
11.94929,11.94000,3.18463,11.94000,-0.56671,11.94000,-0.91775,11.94000,3.24975
11.95930,11.95000,3.21274,11.95000,-0.68260,11.95000,-0.96360,11.95000,3.27748
11.96931,11.96000,3.22833,11.96000,-0.78112,11.96000,-1.02245,11.96000,3.29193
11.97932,11.97000,3.23356,11.97000,-0.85932,11.97000,-1.09088,11.97000,3.29471
11.98932,11.98000,3.23246,11.98000,-0.91454,11.98000,-1.16424,11.98000,3.28954
11.99933,11.99000,3.23021,11.99000,-0.94432,11.99000,-1.23733,11.99000,3.28155
12.00934,12.00000,3.23224,12.00000,-0.94628,12.00000,-1.30500,12.00000,3.27650
12.01935,12.01000,3.24345,12.01000,-0.91814,12.01000,-1.36270,12.01000,3.28009
12.02935,12.02000,3.26763,12.02000,-0.85771,12.02000,-1.40683,12.02000,3.29731
12.03936,12.03000,3.30720,12.03000,-0.76308,12.03000,-1.43501,12.03000,3.33216
12.04937,12.04000,3.36329,12.04000,-0.63287,12.04000,-1.44619,12.04000,3.38760
12.05938,12.05000,3.43609,12.05000,-0.46658,12.05000,-1.44066,12.05000,3.46579
12.06939,12.06000,3.52532,12.06000,-0.26488,12.06000,-1.41992,12.06000,3.56836
12.07939,12.07000,3.63064,12.07000,-0.02990,12.07000,-1.38641,12.07000,3.69655
12.08940,12.08000,3.75187,12.08000,0.23466,12.08000,-1.34327,12.08000,3.85130
12.09941,12.09000,3.88907,12.09000,0.52355,12.09000,-1.29393,12.09000,4.03308
12.10942,12.10000,4.04241,12.10000,0.83021,12.10000,-1.24182,12.10000,4.24164
12.11942,12.11000,4.21199,12.11000,1.14705,12.11000,-1.19000,12.11000,4.47583
12.12943,12.12000,4.39772,12.12000,1.46598,12.12000,-1.14092,12.12000,4.73351
12.13944,12.13000,4.59926,12.13000,1.77892,12.13000,-1.09629,12.13000,5.01161
12.14945,12.14000,4.81602,12.14000,2.07827,12.14000,-1.05707,12.14000,5.30647
12.15946,12.15000,5.04729,12.15000,2.35744,12.15000,-1.02351,12.15000,5.61410
12.16946,12.16000,5.29221,12.16000,2.61110,12.16000,-0.99541,12.16000,5.93057
12.17947,12.17000,5.54977,12.17000,2.83544,12.17000,-0.97234,12.17000,6.25213
12.18948,12.18000,5.81869,12.18000,3.02809,12.18000,-0.95395,12.18000,6.57534
12.19949,12.19000,6.09727,12.19000,3.18803,12.19000,-0.94017,12.19000,6.89699
12.20949,12.20000,6.38324,12.20000,3.31528,12.20000,-0.93143,12.20000,7.21399
12.21950,12.21000,6.67372,12.21000,3.41063,12.21000,-0.92874,12.21000,7.52326
12.22951,12.22000,6.96521,12.22000,3.47525,12.22000,-0.93360,12.22000,7.82158
12.23952,12.23000,7.25367,12.23000,3.51049,12.23000,-0.94789,12.23000,8.10565
12.24953,12.24000,7.53481,12.24000,3.51770,12.24000,-0.97354,12.24000,8.37213
12.25953,12.25000,7.80435,12.25000,3.49823,12.25000,-1.01219,12.25000,8.61793
12.26954,12.26000,8.05844,12.26000,3.45343,12.26000,-1.06485,12.26000,8.84048
12.27955,12.27000,8.29408,12.27000,3.38484,12.27000,-1.13159,12.27000,9.03807
12.28956,12.28000,8.50938,12.28000,3.29419,12.28000,-1.21139,12.28000,9.21013
12.29956,12.29000,8.70369,12.29000,3.18357,12.29000,-1.30208,12.29000,9.35729
12.30957,12.30000,8.87754,12.30000,3.05541,12.30000,-1.40048,12.30000,9.48125
12.31958,12.31000,9.03228,12.31000,2.91249,12.31000,-1.50271,12.31000,9.58452
12.32959,12.32000,9.16969,12.32000,2.75785,12.32000,-1.60454,12.32000,9.66993
12.33960,12.33000,9.29157,12.33000,2.59467,12.33000,-1.70183,12.33000,9.74025
12.34960,12.34000,9.39935,12.34000,2.42612,12.34000,-1.79097,12.34000,9.79783
12.35961,12.35000,9.49404,12.35000,2.25517,12.35000,-1.86919,12.35000,9.84441
12.36962,12.36000,9.57619,12.36000,2.08441,12.36000,-1.93487,12.36000,9.88121
12.37963,12.37000,9.64607,12.37000,1.91590,12.37000,-1.98759,12.37000,9.90898
12.38963,12.38000,9.70392,12.38000,1.75104,12.38000,-2.02802,12.38000,9.92829
12.39964,12.39000,9.75007,12.39000,1.59057,12.39000,-2.05781,12.39000,9.93961
12.40965,12.40000,9.78505,12.40000,1.43458,12.40000,-2.07914,12.40000,9.94347
12.41966,12.41000,9.80950,12.41000,1.28262,12.41000,-2.09447,12.41000,9.94041
12.42967,12.42000,9.82419,12.42000,1.13387,12.42000,-2.10616,12.42000,9.93101
12.43967,12.43000,9.82990,12.43000,0.98726,12.43000,-2.11625,12.43000,9.91577
12.44968,12.44000,9.82736,12.44000,0.84165,12.44000,-2.12634,12.44000,9.89519
12.45969,12.45000,9.81727,12.45000,0.69598,12.45000,-2.13753,12.45000,9.86971
12.46970,12.46000,9.80024,12.46000,0.54936,12.46000,-2.15055,12.46000,9.83973
12.47970,12.47000,9.77683,12.47000,0.40122,12.47000,-2.16585,12.47000,9.80562
12.48971,12.48000,9.74746,12.48000,0.25132,12.48000,-2.18369,12.48000,9.76766
12.49972,12.49000,9.71237,12.49000,0.09984,12.49000,-2.20427,12.49000,9.72599
12.50973,12.50000,9.67157,12.50000,-0.05265,12.50000,-2.22768,12.50000,9.68055
12.51974,12.51000,9.62490,12.51000,-0.20518,12.51000,-2.25384,12.51000,9.63112
12.52974,12.52000,9.57206,12.52000,-0.35645,12.52000,-2.28238,12.52000,9.57734
12.53975,12.53000,9.51271,12.53000,-0.50496,12.53000,-2.31252,12.53000,9.51882
12.54976,12.54000,9.44666,12.54000,-0.64911,12.54000,-2.34297,12.54000,9.45528
12.55977,12.55000,9.37394,12.55000,-0.78735,12.55000,-2.37202,12.55000,9.38666
12.56977,12.56000,9.29490,12.56000,-0.91835,12.56000,-2.39755,12.56000,9.31321
12.57978,12.57000,9.21026,12.57000,-1.04111,12.57000,-2.41729,12.57000,9.23552
12.58979,12.58000,9.12113,12.58000,-1.15499,12.58000,-2.42901,12.58000,9.15457
12.59980,12.59000,9.02899,12.59000,-1.25981,12.59000,-2.43074,12.59000,9.07172
12.60981,12.60000,8.93563,12.60000,-1.35578,12.60000,-2.42103,12.60000,8.98865
12.61981,12.61000,8.84309,12.61000,-1.44348,12.61000,-2.39904,12.61000,8.90726
12.62982,12.62000,8.75350,12.62000,-1.52374,12.62000,-2.36462,12.62000,8.82958
12.63983,12.63000,8.66893,12.63000,-1.59756,12.63000,-2.31833,12.63000,8.75757
12.64984,12.64000,8.59118,12.64000,-1.66599,12.64000,-2.26129,12.64000,8.69293
12.65984,12.65000,8.52163,12.65000,-1.73000,12.65000,-2.19508,12.65000,8.63693
12.66985,12.66000,8.46110,12.66000,-1.79041,12.66000,-2.12156,12.66000,8.59026
12.67986,12.67000,8.40979,12.67000,-1.84785,12.67000,-2.04276,12.67000,8.55302
12.68987,12.68000,8.36736,12.68000,-1.90271,12.68000,-1.96071,12.68000,8.52471
12.69988,12.69000,8.33299,12.69000,-1.95513,12.69000,-1.87741,12.69000,8.50438
12.70988,12.70000,8.30560,12.70000,-2.00508,12.70000,-1.79475,12.70000,8.49077
12.71989,12.71000,8.28400,12.71000,-2.05236,12.71000,-1.71452,12.71000,8.48252
12.72990,12.72000,8.26708,12.72000,-2.09666,12.72000,-1.63835,12.72000,8.47833
12.73991,12.73000,8.25390,12.73000,-2.13760,12.73000,-1.56771,12.73000,8.47708
12.74991,12.74000,8.24376,12.74000,-2.17477,12.74000,-1.50387,12.74000,8.47789
12.75992,12.75000,8.23618,12.75000,-2.20782,12.75000,-1.44783,12.75000,8.48012
12.76993,12.76000,8.23083,12.76000,-2.23643,12.76000,-1.40027,12.76000,8.48329
12.77994,12.77000,8.22741,12.77000,-2.26040,12.77000,-1.36149,12.77000,8.48702
12.78995,12.78000,8.22561,12.78000,-2.27968,12.78000,-1.33133,12.78000,8.49094
12.79995,12.79000,8.22501,12.79000,-2.29439,12.79000,-1.30922,12.79000,8.49469
12.80996,12.80000,8.22517,12.80000,-2.30483,12.80000,-1.29418,12.80000,8.49791
12.81997,12.81000,8.22566,12.81000,-2.31156,12.81000,-1.28492,12.81000,8.50036
12.82998,12.82000,8.22614,12.82000,-2.31532,12.82000,-1.27997,12.82000,8.50193
12.83998,12.83000,8.22644,12.83000,-2.31700,12.83000,-1.27784,12.83000,8.50271
12.84999,12.84000,8.22656,12.84000,-2.31753,12.84000,-1.27720,12.84000,8.50297
12.86000,12.85000,8.22658,12.85000,-2.31761,12.85000,-1.27710,12.85000,8.50302
