Tiempo,Rotaci贸n pelvis_X,Rotaci贸n pelvis_Y,Inclinaci贸n pelvis_X,Inclinaci贸n pelvis_Y,Oblicuidad pelvis_X,Oblicuidad pelvis_Y
0.00000,0.00000,0.14983,0.00000,0.51318,0.00000,0.06976
0.01001,0.01000,0.15248,0.01000,0.50646,0.01000,0.06983
0.02001,0.02000,0.15500,0.02000,0.49897,0.02000,0.06963
0.03002,0.03000,0.15716,0.03000,0.49094,0.03000,0.06910
0.04002,0.04000,0.15871,0.04000,0.48267,0.04000,0.06821
0.05003,0.05000,0.15940,0.05000,0.47446,0.05000,0.06697
0.06004,0.06000,0.15902,0.06000,0.46660,0.06000,0.06542
0.07004,0.07000,0.15741,0.07000,0.45935,0.07000,0.06362
0.08005,0.08000,0.15445,0.08000,0.45289,0.08000,0.06168
0.09005,0.09000,0.15008,0.09000,0.44735,0.09000,0.05971
0.10006,0.10000,0.14432,0.10000,0.44272,0.10000,0.05784
0.11007,0.11000,0.13724,0.11000,0.43892,0.11000,0.05618
0.12007,0.12000,0.12897,0.12000,0.43576,0.12000,0.05483
0.13008,0.13000,0.11968,0.13000,0.43297,0.13000,0.05387
0.14008,0.14000,0.10961,0.14000,0.43021,0.14000,0.05333
0.15009,0.15000,0.09907,0.15000,0.42713,0.15000,0.05319
0.16010,0.16000,0.08839,0.16000,0.42337,0.16000,0.05341
0.17010,0.17000,0.07794,0.17000,0.41859,0.17000,0.05389
0.18011,0.18000,0.06808,0.18000,0.41256,0.18000,0.05452
0.19012,0.19000,0.05918,0.19000,0.40512,0.19000,0.05514
0.20012,0.20000,0.05156,0.20000,0.39625,0.20000,0.05563
0.21013,0.21000,0.04543,0.21000,0.38605,0.21000,0.05585
0.22013,0.22000,0.04094,0.22000,0.37475,0.22000,0.05567
0.23014,0.23000,0.03809,0.23000,0.36267,0.23000,0.05504
0.24015,0.24000,0.03676,0.24000,0.35021,0.24000,0.05391
0.25015,0.25000,0.03670,0.25000,0.33779,0.25000,0.05230
0.26016,0.26000,0.03756,0.26000,0.32584,0.26000,0.05028
0.27016,0.27000,0.03886,0.27000,0.31475,0.27000,0.04796
0.28017,0.28000,0.04011,0.28000,0.30486,0.28000,0.04549
0.29018,0.29000,0.04073,0.29000,0.29640,0.29000,0.04304
0.30018,0.30000,0.04019,0.30000,0.28950,0.30000,0.04078
0.31019,0.31000,0.03800,0.31000,0.28418,0.31000,0.03886
0.32019,0.32000,0.03374,0.32000,0.28034,0.32000,0.03741
0.33020,0.33000,0.02715,0.33000,0.27776,0.33000,0.03653
0.34021,0.34000,0.01815,0.34000,0.27614,0.34000,0.03624
0.35021,0.35000,0.00683,0.35000,0.27508,0.35000,0.03653
0.36022,0.36000,-0.00650,0.36000,0.27416,0.36000,0.03731
0.37022,0.37000,-0.02133,0.37000,0.27292,0.37000,0.03849
0.38023,0.38000,-0.03698,0.38000,0.27093,0.38000,0.03989
0.39024,0.39000,-0.05268,0.39000,0.26780,0.39000,0.04133
0.40024,0.40000,-0.06759,0.40000,0.26324,0.40000,0.04264
0.41025,0.41000,-0.08087,0.41000,0.25705,0.41000,0.04362
0.42025,0.42000,-0.09180,0.42000,0.24913,0.42000,0.04413
0.43026,0.43000,-0.09976,0.43000,0.23956,0.43000,0.04405
0.44027,0.44000,-0.10435,0.44000,0.22852,0.44000,0.04332
0.45027,0.45000,-0.10538,0.45000,0.21630,0.45000,0.04195
0.46028,0.46000,-0.10290,0.46000,0.20330,0.46000,0.03999
0.47028,0.47000,-0.09717,0.47000,0.18998,0.47000,0.03756
0.48029,0.48000,-0.08870,0.48000,0.17685,0.48000,0.03483
0.49030,0.49000,-0.07816,0.49000,0.16438,0.49000,0.03197
0.50030,0.50000,-0.06635,0.50000,0.15304,0.50000,0.02919
0.51031,0.51000,-0.05416,0.51000,0.14321,0.51000,0.02667
0.52031,0.52000,-0.04250,0.52000,0.13519,0.52000,0.02456
0.53032,0.53000,-0.03222,0.53000,0.12916,0.53000,0.02297
0.54033,0.54000,-0.02407,0.54000,0.12514,0.54000,0.02195
0.55033,0.55000,-0.01862,0.55000,0.12307,0.55000,0.02151
0.56034,0.56000,-0.01621,0.56000,0.12270,0.56000,0.02159
0.57034,0.57000,-0.01693,0.57000,0.12370,0.57000,0.02210
0.58035,0.58000,-0.02061,0.58000,0.12565,0.58000,0.02290
0.59036,0.59000,-0.02685,0.59000,0.12805,0.59000,0.02385
0.60036,0.60000,-0.03499,0.60000,0.13040,0.60000,0.02480
0.61037,0.61000,-0.04425,0.61000,0.13219,0.61000,0.02562
0.62037,0.62000,-0.05369,0.62000,0.13300,0.62000,0.02618
0.63038,0.63000,-0.06239,0.63000,0.13247,0.63000,0.02640
0.64039,0.64000,-0.06942,0.64000,0.13037,0.64000,0.02621
0.65039,0.65000,-0.07401,0.65000,0.12658,0.65000,0.02559
0.66040,0.66000,-0.07557,0.66000,0.12114,0.66000,0.02455
0.67040,0.67000,-0.07375,0.67000,0.11422,0.67000,0.02314
0.68041,0.68000,-0.06852,0.68000,0.10608,0.68000,0.02144
0.69042,0.69000,-0.06009,0.69000,0.09707,0.69000,0.01955
0.70042,0.70000,-0.04898,0.70000,0.08762,0.70000,0.01762
0.71043,0.71000,-0.03594,0.71000,0.07815,0.71000,0.01578
0.72043,0.72000,-0.02186,0.72000,0.06905,0.72000,0.01418
0.73044,0.73000,-0.00774,0.73000,0.06067,0.73000,0.01296
0.74045,0.74000,0.00545,0.74000,0.05329,0.74000,0.01220
0.75045,0.75000,0.01682,0.75000,0.04708,0.75000,0.01197
0.76046,0.76000,0.02569,0.76000,0.04207,0.76000,0.01227
0.77046,0.77000,0.03158,0.77000,0.03820,0.77000,0.01306
0.78047,0.78000,0.03431,0.78000,0.03529,0.78000,0.01423
0.79048,0.79000,0.03399,0.79000,0.03307,0.79000,0.01565
0.80048,0.80000,0.03097,0.80000,0.03118,0.80000,0.01716
0.81049,0.81000,0.02585,0.81000,0.02925,0.81000,0.01858
0.82050,0.82000,0.01941,0.82000,0.02690,0.82000,0.01976
0.83050,0.83000,0.01248,0.83000,0.02377,0.83000,0.02054
0.84051,0.84000,0.00596,0.84000,0.01958,0.84000,0.02085
0.85051,0.85000,0.00064,0.85000,0.01413,0.85000,0.02062
0.86052,0.86000,-0.00279,0.86000,0.00735,0.86000,0.01988
0.87053,0.87000,-0.00384,0.87000,-0.00072,0.87000,0.01867
0.88053,0.88000,-0.00227,0.88000,-0.00992,0.88000,0.01711
0.89054,0.89000,0.00195,0.89000,-0.01999,0.89000,0.01533
0.90054,0.90000,0.00859,0.90000,-0.03059,0.90000,0.01349
0.91055,0.91000,0.01720,0.91000,-0.04135,0.91000,0.01174
0.92056,0.92000,0.02717,0.92000,-0.05188,0.92000,0.01021
0.93056,0.93000,0.03776,0.93000,-0.06181,0.93000,0.00900
0.94057,0.94000,0.04821,0.94000,-0.07085,0.94000,0.00816
0.95057,0.95000,0.05775,0.95000,-0.07877,0.95000,0.00768
0.96058,0.96000,0.06570,0.96000,-0.08543,0.96000,0.00753
0.97059,0.97000,0.07155,0.97000,-0.09081,0.97000,0.00761
0.98059,0.98000,0.07498,0.98000,-0.09497,0.98000,0.00782
0.99060,0.99000,0.07590,0.99000,-0.09807,0.99000,0.00803
1.00060,1.00000,0.07450,1.00000,-0.10034,1.00000,0.00812
1.01061,1.01000,0.07119,1.01000,-0.10209,1.01000,0.00800
1.02062,1.02000,0.06659,1.02000,-0.10364,1.02000,0.00759
1.03062,1.03000,0.06151,1.03000,-0.10531,1.03000,0.00687
1.04063,1.04000,0.05684,1.04000,-0.10742,1.04000,0.00581
1.05063,1.05000,0.05346,1.05000,-0.11025,1.05000,0.00444
1.06064,1.06000,0.05221,1.06000,-0.11400,1.06000,0.00282
1.07065,1.07000,0.05378,1.07000,-0.11877,1.07000,0.00102
1.08065,1.08000,0.05863,1.08000,-0.12459,1.08000,-0.00090
1.09066,1.09000,0.06698,1.09000,-0.13137,1.09000,-0.00282
1.10066,1.10000,0.07874,1.10000,-0.13892,1.10000,-0.00466
1.11067,1.11000,0.09354,1.11000,-0.14697,1.11000,-0.00632
1.12068,1.12000,0.11076,1.12000,-0.15520,1.12000,-0.00772
1.13068,1.13000,0.12956,1.13000,-0.16324,1.13000,-0.00877
1.14069,1.14000,0.14896,1.14000,-0.17072,1.14000,-0.00944
1.15069,1.15000,0.16793,1.15000,-0.17730,1.15000,-0.00970
1.16070,1.16000,0.18547,1.16000,-0.18269,1.16000,-0.00956
1.17071,1.17000,0.20067,1.17000,-0.18667,1.17000,-0.00907
1.18071,1.18000,0.21282,1.18000,-0.18910,1.18000,-0.00832
1.19072,1.19000,0.22143,1.19000,-0.18996,1.19000,-0.00740
1.20072,1.20000,0.22625,1.20000,-0.18934,1.20000,-0.00646
1.21073,1.21000,0.22732,1.21000,-0.18742,1.21000,-0.00560
1.22074,1.22000,0.22491,1.22000,-0.18450,1.22000,-0.00493
1.23074,1.23000,0.21956,1.23000,-0.18094,1.23000,-0.00455
1.24075,1.24000,0.21193,1.24000,-0.17715,1.24000,-0.00451
1.25075,1.25000,0.20286,1.25000,-0.17359,1.25000,-0.00482
1.26076,1.26000,0.19324,1.26000,-0.17069,1.26000,-0.00547
1.27077,1.27000,0.18394,1.27000,-0.16886,1.27000,-0.00640
1.28077,1.28000,0.17579,1.28000,-0.16845,1.28000,-0.00755
1.29078,1.29000,0.16948,1.29000,-0.16970,1.29000,-0.00884
1.30078,1.30000,0.16555,1.30000,-0.17275,1.30000,-0.01019
1.31079,1.31000,0.16429,1.31000,-0.17758,1.31000,-0.01153
1.32080,1.32000,0.16576,1.32000,-0.18409,1.32000,-0.01280
1.33080,1.33000,0.16980,1.33000,-0.19202,1.33000,-0.01396
1.34081,1.34000,0.17601,1.34000,-0.20102,1.34000,-0.01500
1.35081,1.35000,0.18379,1.35000,-0.21066,1.35000,-0.01593
1.36082,1.36000,0.19241,1.36000,-0.22048,1.36000,-0.01677
1.37083,1.37000,0.20108,1.37000,-0.23001,1.37000,-0.01753
1.38083,1.38000,0.20899,1.38000,-0.23880,1.38000,-0.01824
1.39084,1.39000,0.21540,1.39000,-0.24646,1.39000,-0.01892
1.40084,1.40000,0.21968,1.40000,-0.25269,1.40000,-0.01958
1.41085,1.41000,0.22140,1.41000,-0.25728,1.41000,-0.02022
1.42086,1.42000,0.22032,1.42000,-0.26015,1.42000,-0.02080
1.43086,1.43000,0.21645,1.43000,-0.26132,1.43000,-0.02129
1.44087,1.44000,0.20999,1.44000,-0.26093,1.44000,-0.02165
1.45088,1.45000,0.20135,1.45000,-0.25923,1.45000,-0.02184
1.46088,1.46000,0.19108,1.46000,-0.25654,1.46000,-0.02182
1.47089,1.47000,0.17985,1.47000,-0.25325,1.47000,-0.02157
1.48089,1.48000,0.16836,1.48000,-0.24977,1.48000,-0.02108
1.49090,1.49000,0.15729,1.49000,-0.24654,1.49000,-0.02038
1.50091,1.50000,0.14726,1.50000,-0.24395,1.50000,-0.01949
1.51091,1.51000,0.13879,1.51000,-0.24234,1.51000,-0.01849
1.52092,1.52000,0.13225,1.52000,-0.24195,1.52000,-0.01746
1.53092,1.53000,0.12788,1.53000,-0.24293,1.53000,-0.01647
1.54093,1.54000,0.12578,1.54000,-0.24529,1.54000,-0.01561
1.55094,1.55000,0.12594,1.55000,-0.24892,1.55000,-0.01498
1.56094,1.56000,0.12828,1.56000,-0.25361,1.56000,-0.01464
1.57095,1.57000,0.13261,1.57000,-0.25906,1.57000,-0.01465
1.58095,1.58000,0.13872,1.58000,-0.26487,1.58000,-0.01504
1.59096,1.59000,0.14633,1.59000,-0.27066,1.59000,-0.01583
1.60097,1.60000,0.15511,1.60000,-0.27600,1.60000,-0.01699
1.61097,1.61000,0.16468,1.61000,-0.28050,1.61000,-0.01848
1.62098,1.62000,0.17462,1.62000,-0.28383,1.62000,-0.02022
1.63098,1.63000,0.18445,1.63000,-0.28570,1.63000,-0.02212
1.64099,1.64000,0.19370,1.64000,-0.28593,1.64000,-0.02407
1.65100,1.65000,0.20192,1.65000,-0.28443,1.65000,-0.02594
1.66100,1.66000,0.20868,1.66000,-0.28122,1.66000,-0.02763
1.67101,1.67000,0.21364,1.67000,-0.27640,1.67000,-0.02901
1.68101,1.68000,0.21654,1.68000,-0.27018,1.68000,-0.02999
1.69102,1.69000,0.21727,1.69000,-0.26285,1.69000,-0.03049
1.70103,1.70000,0.21581,1.70000,-0.25474,1.70000,-0.03046
1.71103,1.71000,0.21231,1.71000,-0.24625,1.71000,-0.02988
1.72104,1.72000,0.20705,1.72000,-0.23779,1.72000,-0.02878
1.73104,1.73000,0.20041,1.73000,-0.22974,1.73000,-0.02725
1.74105,1.74000,0.19288,1.74000,-0.22247,1.74000,-0.02538
1.75106,1.75000,0.18498,1.75000,-0.21628,1.75000,-0.02334
1.76106,1.76000,0.17719,1.76000,-0.21143,1.76000,-0.02129
1.77107,1.77000,0.16999,1.77000,-0.20805,1.77000,-0.01943
1.78107,1.78000,0.16373,1.78000,-0.20621,1.78000,-0.01793
1.79108,1.79000,0.15864,1.79000,-0.20586,1.79000,-0.01694
1.80109,1.80000,0.15481,1.80000,-0.20686,1.80000,-0.01659
1.81109,1.81000,0.15220,1.81000,-0.20902,1.81000,-0.01693
1.82110,1.82000,0.15063,1.82000,-0.21206,1.82000,-0.01796
1.83110,1.83000,0.14980,1.83000,-0.21568,1.83000,-0.01963
1.84111,1.84000,0.14935,1.84000,-0.21956,1.84000,-0.02182
1.85112,1.85000,0.14886,1.85000,-0.22338,1.85000,-0.02437
1.86112,1.86000,0.14790,1.86000,-0.22685,1.86000,-0.02711
1.87113,1.87000,0.14609,1.87000,-0.22972,1.87000,-0.02983
1.88113,1.88000,0.14310,1.88000,-0.23182,1.88000,-0.03238
1.89114,1.89000,0.13869,1.89000,-0.23303,1.89000,-0.03459
1.90115,1.90000,0.13277,1.90000,-0.23334,1.90000,-0.03638
1.91115,1.91000,0.12534,1.91000,-0.23281,1.91000,-0.03769
1.92116,1.92000,0.11659,1.92000,-0.23158,1.92000,-0.03851
1.93116,1.93000,0.10681,1.93000,-0.22984,1.93000,-0.03890
1.94117,1.94000,0.09646,1.94000,-0.22786,1.94000,-0.03894
1.95118,1.95000,0.08606,1.95000,-0.22589,1.95000,-0.03875
1.96118,1.96000,0.07625,1.96000,-0.22420,1.96000,-0.03846
1.97119,1.97000,0.06766,1.97000,-0.22302,1.97000,-0.03817
1.98119,1.98000,0.06092,1.98000,-0.22253,1.98000,-0.03799
1.99120,1.99000,0.05657,1.99000,-0.22285,1.99000,-0.03799
2.00121,2.00000,0.05502,2.00000,-0.22403,2.00000,-0.03818
2.01121,2.01000,0.05650,2.01000,-0.22602,2.01000,-0.03857
2.02122,2.02000,0.06106,2.02000,-0.22873,2.02000,-0.03911
2.03122,2.03000,0.06850,2.03000,-0.23200,2.03000,-0.03972
2.04123,2.04000,0.07841,2.04000,-0.23564,2.04000,-0.04032
2.05124,2.05000,0.09022,2.05000,-0.23940,2.05000,-0.04081
2.06124,2.06000,0.10317,2.06000,-0.24304,2.06000,-0.04110
2.07125,2.07000,0.11644,2.07000,-0.24627,2.07000,-0.04113
2.08126,2.08000,0.12915,2.08000,-0.24886,2.08000,-0.04084
2.09126,2.09000,0.14045,2.09000,-0.25056,2.09000,-0.04020
2.10127,2.10000,0.14962,2.10000,-0.25117,2.10000,-0.03924
2.11127,2.11000,0.15606,2.11000,-0.25050,2.11000,-0.03800
2.12128,2.12000,0.15939,2.12000,-0.24845,2.12000,-0.03655
2.13129,2.13000,0.15946,2.13000,-0.24495,2.13000,-0.03499
2.14129,2.14000,0.15633,2.14000,-0.24002,2.14000,-0.03343
2.15130,2.15000,0.15033,2.15000,-0.23374,2.15000,-0.03197
2.16130,2.16000,0.14195,2.16000,-0.22625,2.16000,-0.03071
2.17131,2.17000,0.13187,2.17000,-0.21779,2.17000,-0.02969
2.18132,2.18000,0.12086,2.18000,-0.20863,2.18000,-0.02895
2.19132,2.19000,0.10978,2.19000,-0.19912,2.19000,-0.02844
2.20133,2.20000,0.09947,2.20000,-0.18962,2.20000,-0.02811
2.21133,2.21000,0.09075,2.21000,-0.18050,2.21000,-0.02786
2.22134,2.22000,0.08431,2.22000,-0.17211,2.22000,-0.02757
2.23135,2.23000,0.08071,2.23000,-0.16474,2.23000,-0.02713
2.24135,2.24000,0.08029,2.24000,-0.15863,2.24000,-0.02642
2.25136,2.25000,0.08316,2.25000,-0.15390,2.25000,-0.02537
2.26136,2.26000,0.08921,2.26000,-0.15058,2.26000,-0.02391
2.27137,2.27000,0.09807,2.27000,-0.14860,2.27000,-0.02204
2.28138,2.28000,0.10920,2.28000,-0.14777,2.28000,-0.01982
2.29138,2.29000,0.12189,2.29000,-0.14784,2.29000,-0.01731
2.30139,2.30000,0.13537,2.30000,-0.14846,2.30000,-0.01464
2.31139,2.31000,0.14888,2.31000,-0.14925,2.31000,-0.01195
2.32140,2.32000,0.16167,2.32000,-0.14981,2.32000,-0.00940
2.33141,2.33000,0.17315,2.33000,-0.14974,2.33000,-0.00714
2.34141,2.34000,0.18286,2.34000,-0.14869,2.34000,-0.00531
2.35142,2.35000,0.19051,2.35000,-0.14636,2.35000,-0.00402
2.36142,2.36000,0.19601,2.36000,-0.14250,2.36000,-0.00333
2.37143,2.37000,0.19941,2.37000,-0.13700,2.37000,-0.00325
2.38144,2.38000,0.20091,2.38000,-0.12982,2.38000,-0.00376
2.39144,2.39000,0.20077,2.39000,-0.12105,2.39000,-0.00476
2.40145,2.40000,0.19936,2.40000,-0.11086,2.40000,-0.00612
2.41145,2.41000,0.19703,2.41000,-0.09956,2.41000,-0.00769
2.42146,2.42000,0.19413,2.42000,-0.08750,2.42000,-0.00926
2.43147,2.43000,0.19099,2.43000,-0.07511,2.43000,-0.01065
2.44147,2.44000,0.18791,2.44000,-0.06286,2.44000,-0.01168
2.45148,2.45000,0.18513,2.45000,-0.05121,2.45000,-0.01220
2.46148,2.46000,0.18287,2.46000,-0.04058,2.46000,-0.01211
2.47149,2.47000,0.18132,2.47000,-0.03136,2.47000,-0.01138
2.48150,2.48000,0.18062,2.48000,-0.02381,2.48000,-0.01001
2.49150,2.49000,0.18090,2.49000,-0.01811,2.49000,-0.00810
2.50151,2.50000,0.18224,2.50000,-0.01432,2.50000,-0.00578
2.51151,2.51000,0.18465,2.51000,-0.01239,2.51000,-0.00321
2.52152,2.52000,0.18810,2.52000,-0.01214,2.52000,-0.00059
2.53153,2.53000,0.19247,2.53000,-0.01333,2.53000,0.00189
2.54153,2.54000,0.19760,2.54000,-0.01563,2.54000,0.00407
2.55154,2.55000,0.20325,2.55000,-0.01871,2.55000,0.00580
2.56154,2.56000,0.20912,2.56000,-0.02220,2.56000,0.00701
2.57155,2.57000,0.21489,2.57000,-0.02574,2.57000,0.00765
2.58156,2.58000,0.22018,2.58000,-0.02904,2.58000,0.00774
2.59156,2.59000,0.22463,2.59000,-0.03181,2.59000,0.00733
2.60157,2.60000,0.22789,2.60000,-0.03384,2.60000,0.00653
2.61157,2.61000,0.22965,2.61000,-0.03498,2.61000,0.00545
2.62158,2.62000,0.22966,2.62000,-0.03513,2.62000,0.00421
2.63159,2.63000,0.22778,2.63000,-0.03427,2.63000,0.00294
2.64159,2.64000,0.22396,2.64000,-0.03245,2.64000,0.00176
2.65160,2.65000,0.21829,2.65000,-0.02975,2.65000,0.00076
2.66160,2.66000,0.21097,2.66000,-0.02633,2.66000,0.00002
2.67161,2.67000,0.20233,2.67000,-0.02238,2.67000,-0.00040
2.68162,2.68000,0.19279,2.68000,-0.01812,2.68000,-0.00049
2.69162,2.69000,0.18283,2.69000,-0.01380,2.69000,-0.00022
2.70163,2.70000,0.17294,2.70000,-0.00966,2.70000,0.00039
2.71163,2.71000,0.16360,2.71000,-0.00592,2.71000,0.00130
2.72164,2.72000,0.15524,2.72000,-0.00277,2.72000,0.00249
2.73165,2.73000,0.14819,2.73000,-0.00037,2.73000,0.00391
2.74165,2.74000,0.14269,2.74000,0.00119,2.74000,0.00548
2.75166,2.75000,0.13888,2.75000,0.00190,2.75000,0.00714
2.76167,2.76000,0.13678,2.76000,0.00179,2.76000,0.00880
2.77167,2.77000,0.13627,2.77000,0.00096,2.77000,0.01039
2.78168,2.78000,0.13716,2.78000,-0.00044,2.78000,0.01180
2.79168,2.79000,0.13912,2.79000,-0.00220,2.79000,0.01297
2.80169,2.80000,0.14175,2.80000,-0.00410,2.80000,0.01384
2.81170,2.81000,0.14454,2.81000,-0.00588,2.81000,0.01434
2.82170,2.82000,0.14697,2.82000,-0.00730,2.82000,0.01446
2.83171,2.83000,0.14850,2.83000,-0.00810,2.83000,0.01418
2.84171,2.84000,0.14862,2.84000,-0.00809,2.84000,0.01351
2.85172,2.85000,0.14689,2.85000,-0.00709,2.85000,0.01246
2.86173,2.86000,0.14299,2.86000,-0.00497,2.86000,0.01107
2.87173,2.87000,0.13677,2.87000,-0.00169,2.87000,0.00939
2.88174,2.88000,0.12824,2.88000,0.00276,2.88000,0.00750
2.89174,2.89000,0.11757,2.89000,0.00828,2.89000,0.00548
2.90175,2.90000,0.10511,2.90000,0.01473,2.90000,0.00343
2.91176,2.91000,0.09135,2.91000,0.02190,2.91000,0.00147
2.92176,2.92000,0.07691,2.92000,0.02951,2.92000,-0.00027
2.93177,2.93000,0.06250,2.93000,0.03726,2.93000,-0.00168
2.94177,2.94000,0.04884,2.94000,0.04480,2.94000,-0.00267
2.95178,2.95000,0.03667,2.95000,0.05180,2.95000,-0.00316
2.96179,2.96000,0.02666,2.96000,0.05794,2.96000,-0.00312
2.97179,2.97000,0.01935,2.97000,0.06295,2.97000,-0.00259
2.98180,2.98000,0.01515,2.98000,0.06666,2.98000,-0.00162
2.99180,2.99000,0.01425,2.99000,0.06896,2.99000,-0.00030
3.00181,3.00000,0.01661,3.00000,0.06987,3.00000,0.00123
3.01182,3.01000,0.02199,3.01000,0.06948,3.01000,0.00285
3.02182,3.02000,0.02992,3.02000,0.06800,3.02000,0.00442
3.03183,3.03000,0.03974,3.03000,0.06568,3.03000,0.00582
3.04183,3.04000,0.05068,3.04000,0.06283,3.04000,0.00696
3.05184,3.05000,0.06189,3.05000,0.05978,3.05000,0.00775
3.06185,3.06000,0.07252,3.06000,0.05687,3.06000,0.00815
3.07185,3.07000,0.08179,3.07000,0.05439,3.07000,0.00816
3.08186,3.08000,0.08902,3.08000,0.05262,3.08000,0.00776
3.09186,3.09000,0.09371,3.09000,0.05176,3.09000,0.00699
3.10187,3.10000,0.09557,3.10000,0.05195,3.10000,0.00590
3.11188,3.11000,0.09449,3.11000,0.05322,3.11000,0.00455
3.12188,3.12000,0.09061,3.12000,0.05554,3.12000,0.00301
3.13189,3.13000,0.08424,3.13000,0.05876,3.13000,0.00139
3.14189,3.14000,0.07586,3.14000,0.06266,3.14000,-0.00022
3.15190,3.15000,0.06608,3.15000,0.06698,3.15000,-0.00169
3.16191,3.16000,0.05559,3.16000,0.07137,3.16000,-0.00291
3.17191,3.17000,0.04514,3.17000,0.07547,3.17000,-0.00375
3.18192,3.18000,0.03542,3.18000,0.07895,3.18000,-0.00412
3.19192,3.19000,0.02709,3.19000,0.08149,3.19000,-0.00394
3.20193,3.20000,0.02071,3.20000,0.08283,3.20000,-0.00317
3.21194,3.21000,0.01667,3.21000,0.08282,3.21000,-0.00180
3.22194,3.22000,0.01520,3.22000,0.08138,3.22000,0.00012
3.23195,3.23000,0.01634,3.23000,0.07857,3.23000,0.00251
3.24195,3.24000,0.01992,3.24000,0.07455,3.24000,0.00525
3.25196,3.25000,0.02560,3.25000,0.06958,3.25000,0.00818
3.26197,3.26000,0.03285,3.26000,0.06397,3.26000,0.01113
3.27197,3.27000,0.04101,3.27000,0.05813,3.27000,0.01391
3.28198,3.28000,0.04935,3.28000,0.05245,3.28000,0.01636
3.29198,3.29000,0.05710,3.29000,0.04733,3.29000,0.01835
3.30199,3.30000,0.06352,3.30000,0.04311,3.30000,0.01976
3.31200,3.31000,0.06797,3.31000,0.04006,3.31000,0.02054
3.32200,3.32000,0.06996,3.32000,0.03839,3.32000,0.02070
3.33201,3.33000,0.06917,3.33000,0.03818,3.33000,0.02027
3.34201,3.34000,0.06550,3.34000,0.03940,3.34000,0.01934
3.35202,3.35000,0.05906,3.35000,0.04193,3.35000,0.01801
3.36203,3.36000,0.05014,3.36000,0.04554,3.36000,0.01641
3.37203,3.37000,0.03924,3.37000,0.04990,3.37000,0.01467
3.38204,3.38000,0.02694,3.38000,0.05463,3.38000,0.01290
3.39205,3.39000,0.01395,3.39000,0.05929,3.39000,0.01122
3.40205,3.40000,0.00096,3.40000,0.06345,3.40000,0.00971
3.41206,3.41000,-0.01135,3.41000,0.06667,3.41000,0.00842
3.42206,3.42000,-0.02238,3.42000,0.06859,3.42000,0.00739
3.43207,3.43000,-0.03167,3.43000,0.06890,3.43000,0.00661
3.44208,3.44000,-0.03888,3.44000,0.06742,3.44000,0.00605
3.45208,3.45000,-0.04381,3.45000,0.06410,3.45000,0.00567
3.46209,3.46000,-0.04642,3.46000,0.05901,3.46000,0.00542
3.47209,3.47000,-0.04680,3.47000,0.05236,3.47000,0.00520
3.48210,3.48000,-0.04516,3.48000,0.04449,3.48000,0.00497
3.49211,3.49000,-0.04179,3.49000,0.03580,3.49000,0.00467
3.50211,3.50000,-0.03706,3.50000,0.02676,3.50000,0.00426
3.51212,3.51000,-0.03140,3.51000,0.01786,3.51000,0.00373
3.52212,3.52000,-0.02523,3.52000,0.00956,3.52000,0.00309
3.53213,3.53000,-0.01896,3.53000,0.00225,3.53000,0.00237
3.54214,3.54000,-0.01299,3.54000,-0.00376,3.54000,0.00162
3.55214,3.55000,-0.00764,3.55000,-0.00825,3.55000,0.00091
3.56215,3.56000,-0.00320,3.56000,-0.01115,3.56000,0.00030
3.57215,3.57000,0.00013,3.57000,-0.01251,3.57000,-0.00012
3.58216,3.58000,0.00223,3.58000,-0.01251,3.58000,-0.00030
3.59217,3.59000,0.00307,3.59000,-0.01144,3.59000,-0.00018
3.60217,3.60000,0.00271,3.60000,-0.00970,3.60000,0.00026
3.61218,3.61000,0.00129,3.61000,-0.00774,3.61000,0.00100
3.62218,3.62000,-0.00096,3.62000,-0.00607,3.62000,0.00199
3.63219,3.63000,-0.00371,3.63000,-0.00518,3.63000,0.00317
3.64220,3.64000,-0.00661,3.64000,-0.00552,3.64000,0.00440
3.65220,3.65000,-0.00925,3.65000,-0.00745,3.65000,0.00555
3.66221,3.66000,-0.01122,3.66000,-0.01121,3.66000,0.00646
3.67221,3.67000,-0.01214,3.67000,-0.01690,3.67000,0.00696
3.68222,3.68000,-0.01167,3.68000,-0.02448,3.68000,0.00690
3.69223,3.69000,-0.00954,3.69000,-0.03373,3.69000,0.00615
3.70223,3.70000,-0.00559,3.70000,-0.04433,3.70000,0.00462
3.71224,3.71000,0.00021,3.71000,-0.05585,3.71000,0.00227
3.72224,3.72000,0.00776,3.72000,-0.06779,3.72000,-0.00089
3.73225,3.73000,0.01683,3.73000,-0.07961,3.73000,-0.00478
3.74226,3.74000,0.02705,3.74000,-0.09082,3.74000,-0.00926
3.75226,3.75000,0.03797,3.75000,-0.10093,3.75000,-0.01416
3.76227,3.76000,0.04902,3.76000,-0.10957,3.76000,-0.01923
3.77227,3.77000,0.05962,3.77000,-0.11647,3.77000,-0.02423
3.78228,3.78000,0.06918,3.78000,-0.12149,3.78000,-0.02891
3.79229,3.79000,0.07718,3.79000,-0.12461,3.79000,-0.03303
3.80229,3.80000,0.08316,3.80000,-0.12598,3.80000,-0.03639
3.81230,3.81000,0.08682,3.81000,-0.12585,3.81000,-0.03884
3.82230,3.82000,0.08800,3.82000,-0.12458,3.82000,-0.04029
3.83231,3.83000,0.08670,3.83000,-0.12261,3.83000,-0.04071
3.84232,3.84000,0.08313,3.84000,-0.12041,3.84000,-0.04013
3.85232,3.85000,0.07765,3.85000,-0.11847,3.85000,-0.03867
3.86233,3.86000,0.07079,3.86000,-0.11721,3.86000,-0.03649
3.87233,3.87000,0.06320,3.87000,-0.11702,3.87000,-0.03380
3.88234,3.88000,0.05560,3.88000,-0.11816,3.88000,-0.03084
3.89235,3.89000,0.04871,3.89000,-0.12079,3.89000,-0.02785
3.90235,3.90000,0.04321,3.90000,-0.12496,3.90000,-0.02508
3.91236,3.91000,0.03966,3.91000,-0.13058,3.91000,-0.02274
3.92236,3.92000,0.03846,3.92000,-0.13748,3.92000,-0.02097
3.93237,3.93000,0.03981,3.93000,-0.14539,3.93000,-0.01988
3.94238,3.94000,0.04369,3.94000,-0.15399,3.94000,-0.01948
3.95238,3.95000,0.04988,3.95000,-0.16292,3.95000,-0.01972
3.96239,3.96000,0.05797,3.96000,-0.17181,3.96000,-0.02050
3.97239,3.97000,0.06741,3.97000,-0.18029,3.97000,-0.02166
3.98240,3.98000,0.07755,3.98000,-0.18805,3.98000,-0.02300
3.99241,3.99000,0.08770,3.99000,-0.19482,3.99000,-0.02434
4.00241,4.00000,0.09715,4.00000,-0.20040,4.00000,-0.02550
4.01242,4.01000,0.10529,4.01000,-0.20470,4.01000,-0.02635
4.02243,4.02000,0.11160,4.02000,-0.20771,4.02000,-0.02679
4.03243,4.03000,0.11571,4.03000,-0.20952,4.03000,-0.02680
4.04244,4.04000,0.11746,4.04000,-0.21030,4.04000,-0.02639
4.05244,4.05000,0.11683,4.05000,-0.21030,4.05000,-0.02566
4.06245,4.06000,0.11403,4.06000,-0.20983,4.06000,-0.02471
4.07246,4.07000,0.10945,4.07000,-0.20923,4.07000,-0.02368
4.08246,4.08000,0.10362,4.08000,-0.20883,4.08000,-0.02269
4.09247,4.09000,0.09720,4.09000,-0.20895,4.09000,-0.02188
4.10247,4.10000,0.09096,4.10000,-0.20986,4.10000,-0.02133
4.11248,4.11000,0.08566,4.11000,-0.21172,4.11000,-0.02109
4.12249,4.12000,0.08204,4.12000,-0.21462,4.12000,-0.02116
4.13249,4.13000,0.08074,4.13000,-0.21854,4.13000,-0.02149
4.14250,4.14000,0.08220,4.14000,-0.22334,4.14000,-0.02202
4.15250,4.15000,0.08667,4.15000,-0.22880,4.15000,-0.02261
4.16251,4.16000,0.09407,4.16000,-0.23461,4.16000,-0.02315
4.17252,4.17000,0.10409,4.17000,-0.24045,4.17000,-0.02350
4.18252,4.18000,0.11612,4.18000,-0.24594,4.18000,-0.02352
4.19253,4.19000,0.12932,4.19000,-0.25074,4.19000,-0.02311
4.20253,4.20000,0.14271,4.20000,-0.25455,4.20000,-0.02220
4.21254,4.21000,0.15520,4.21000,-0.25711,4.21000,-0.02074
4.22255,4.22000,0.16574,4.22000,-0.25825,4.22000,-0.01877
4.23255,4.23000,0.17338,4.23000,-0.25791,4.23000,-0.01633
4.24256,4.24000,0.17737,4.24000,-0.25611,4.24000,-0.01354
4.25256,4.25000,0.17725,4.25000,-0.25295,4.25000,-0.01056
4.26257,4.26000,0.17289,4.26000,-0.24865,4.26000,-0.00756
4.27258,4.27000,0.16453,4.27000,-0.24351,4.27000,-0.00471
4.28258,4.28000,0.15273,4.28000,-0.23788,4.28000,-0.00219
4.29259,4.29000,0.13835,4.29000,-0.23215,4.29000,-0.00013
4.30259,4.30000,0.12248,4.30000,-0.22675,4.30000,0.00136
4.31260,4.31000,0.10630,4.31000,-0.22206,4.31000,0.00225
4.32261,4.32000,0.09101,4.32000,-0.21845,4.32000,0.00254
4.33261,4.33000,0.07771,4.33000,-0.21620,4.33000,0.00230
4.34262,4.34000,0.06729,4.34000,-0.21550,4.34000,0.00166
4.35262,4.35000,0.06037,4.35000,-0.21646,4.35000,0.00075
4.36263,4.36000,0.05725,4.36000,-0.21906,4.36000,-0.00025
4.37264,4.37000,0.05792,4.37000,-0.22318,4.37000,-0.00119
4.38264,4.38000,0.06204,4.38000,-0.22862,4.38000,-0.00191
4.39265,4.39000,0.06905,4.39000,-0.23508,4.39000,-0.00232
4.40265,4.40000,0.07821,4.40000,-0.24223,4.40000,-0.00233
4.41266,4.41000,0.08869,4.41000,-0.24970,4.41000,-0.00192
4.42267,4.42000,0.09968,4.42000,-0.25709,4.42000,-0.00110
4.43267,4.43000,0.11040,4.43000,-0.26405,4.43000,0.00007
4.44268,4.44000,0.12021,4.44000,-0.27025,4.44000,0.00151
4.45268,4.45000,0.12863,4.45000,-0.27542,4.45000,0.00312
4.46269,4.46000,0.13533,4.46000,-0.27933,4.46000,0.00478
4.47270,4.47000,0.14016,4.47000,-0.28186,4.47000,0.00640
4.48270,4.48000,0.14313,4.48000,-0.28296,4.48000,0.00787
4.49271,4.49000,0.14437,4.49000,-0.28265,4.49000,0.00913
4.50271,4.50000,0.14416,4.50000,-0.28104,4.50000,0.01016
4.51272,4.51000,0.14285,4.51000,-0.27832,4.51000,0.01097
4.52273,4.52000,0.14086,4.52000,-0.27473,4.52000,0.01158
4.53273,4.53000,0.13863,4.53000,-0.27057,4.53000,0.01209
4.54274,4.54000,0.13657,4.54000,-0.26616,4.54000,0.01257
4.55274,4.55000,0.13506,4.55000,-0.26185,4.55000,0.01311
4.56275,4.56000,0.13440,4.56000,-0.25795,4.56000,0.01380
4.57276,4.57000,0.13480,4.57000,-0.25475,4.57000,0.01471
4.58276,4.58000,0.13637,4.58000,-0.25251,4.58000,0.01586
4.59277,4.59000,0.13911,4.59000,-0.25139,4.59000,0.01727
4.60277,4.60000,0.14287,4.60000,-0.25149,4.60000,0.01891
4.61278,4.61000,0.14746,4.61000,-0.25280,4.61000,0.02073
4.62279,4.62000,0.15256,4.62000,-0.25525,4.62000,0.02266
4.63279,4.63000,0.15782,4.63000,-0.25867,4.63000,0.02460
4.64280,4.64000,0.16287,4.64000,-0.26284,4.64000,0.02646
4.65281,4.65000,0.16737,4.65000,-0.26749,4.65000,0.02814
4.66281,4.66000,0.17102,4.66000,-0.27231,4.66000,0.02955
4.67282,4.67000,0.17360,4.67000,-0.27699,4.67000,0.03062
4.68282,4.68000,0.17500,4.68000,-0.28124,4.68000,0.03130
4.69283,4.69000,0.17517,4.69000,-0.28480,4.69000,0.03156
4.70284,4.70000,0.17415,4.70000,-0.28744,4.70000,0.03142
4.71284,4.71000,0.17201,4.71000,-0.28902,4.71000,0.03094
4.72285,4.72000,0.16886,4.72000,-0.28945,4.72000,0.03022
4.73285,4.73000,0.16481,4.73000,-0.28874,4.73000,0.02937
4.74286,4.74000,0.15997,4.74000,-0.28696,4.74000,0.02854
4.75287,4.75000,0.15446,4.75000,-0.28430,4.75000,0.02788
4.76287,4.76000,0.14838,4.76000,-0.28097,4.76000,0.02754
4.77288,4.77000,0.14186,4.77000,-0.27729,4.77000,0.02765
4.78288,4.78000,0.13504,4.78000,-0.27358,4.78000,0.02828
4.79289,4.79000,0.12807,4.79000,-0.27019,4.79000,0.02950
4.80290,4.80000,0.12112,4.80000,-0.26744,4.80000,0.03130
4.81290,4.81000,0.11437,4.81000,-0.26564,4.81000,0.03365
4.82291,4.82000,0.10803,4.82000,-0.26502,4.82000,0.03646
4.83291,4.83000,0.10231,4.83000,-0.26575,4.83000,0.03961
4.84292,4.84000,0.09743,4.84000,-0.26795,4.84000,0.04293
4.85293,4.85000,0.09364,4.85000,-0.27161,4.85000,0.04626
4.86293,4.86000,0.09117,4.86000,-0.27667,4.86000,0.04944
4.87294,4.87000,0.09026,4.87000,-0.28298,4.87000,0.05231
4.88294,4.88000,0.09114,4.88000,-0.29031,4.88000,0.05477
4.89295,4.89000,0.09398,4.89000,-0.29838,4.89000,0.05675
4.90296,4.90000,0.09890,4.90000,-0.30689,4.90000,0.05824
4.91296,4.91000,0.10595,4.91000,-0.31552,4.91000,0.05930
4.92297,4.92000,0.11505,4.92000,-0.32396,4.92000,0.05999
4.93297,4.93000,0.12602,4.93000,-0.33196,4.93000,0.06045
4.94298,4.94000,0.13854,4.94000,-0.33933,4.94000,0.06081
4.95299,4.95000,0.15215,4.95000,-0.34593,4.95000,0.06122
4.96299,4.96000,0.16626,4.96000,-0.35171,4.96000,0.06180
4.97300,4.97000,0.18021,4.97000,-0.35666,4.97000,0.06267
4.98300,4.98000,0.19325,4.98000,-0.36085,4.98000,0.06390
4.99301,4.99000,0.20463,4.99000,-0.36438,4.99000,0.06554
5.00302,5.00000,0.21368,5.00000,-0.36740,5.00000,0.06758
5.01302,5.01000,0.21981,5.01000,-0.37006,5.01000,0.06996
5.02303,5.02000,0.22259,5.02000,-0.37256,5.02000,0.07260
5.03303,5.03000,0.22178,5.03000,-0.37508,5.03000,0.07537
5.04304,5.04000,0.21738,5.04000,-0.37779,5.04000,0.07810
5.05305,5.05000,0.20955,5.05000,-0.38087,5.05000,0.08062
5.06305,5.06000,0.19868,5.06000,-0.38447,5.06000,0.08279
5.07306,5.07000,0.18530,5.07000,-0.38868,5.07000,0.08445
5.08306,5.08000,0.17008,5.08000,-0.39359,5.08000,0.08553
5.09307,5.09000,0.15373,5.09000,-0.39922,5.09000,0.08596
5.10308,5.10000,0.13702,5.10000,-0.40557,5.10000,0.08575
5.11308,5.11000,0.12065,5.11000,-0.41261,5.11000,0.08496
5.12309,5.12000,0.10530,5.12000,-0.42032,5.12000,0.08366
5.13309,5.13000,0.09151,5.13000,-0.42866,5.13000,0.08197
5.14310,5.14000,0.07972,5.14000,-0.43762,5.14000,0.08004
5.15311,5.15000,0.07022,5.15000,-0.44717,5.15000,0.07800
5.16311,5.16000,0.06319,5.16000,-0.45733,5.16000,0.07600
5.17312,5.17000,0.05865,5.17000,-0.46810,5.17000,0.07420
5.18312,5.18000,0.05653,5.18000,-0.47948,5.18000,0.07272
5.19313,5.19000,0.05664,5.19000,-0.49145,5.19000,0.07167
5.20314,5.20000,0.05873,5.20000,-0.50398,5.20000,0.07112
5.21314,5.21000,0.06248,5.21000,-0.51701,5.21000,0.07109
5.22315,5.22000,0.06753,5.22000,-0.53049,5.22000,0.07154
5.23315,5.23000,0.07352,5.23000,-0.54432,5.23000,0.07236
5.24316,5.24000,0.08009,5.24000,-0.55844,5.24000,0.07339
5.25317,5.25000,0.08689,5.25000,-0.57278,5.25000,0.07439
5.26317,5.26000,0.09359,5.26000,-0.58728,5.26000,0.07512
5.27318,5.27000,0.09990,5.27000,-0.60193,5.27000,0.07533
5.28319,5.28000,0.10552,5.28000,-0.61673,5.28000,0.07481
5.29319,5.29000,0.11015,5.29000,-0.63168,5.29000,0.07343
5.30320,5.30000,0.11350,5.30000,-0.64681,5.30000,0.07117
5.31320,5.31000,0.11523,5.31000,-0.66213,5.31000,0.06813
5.32321,5.32000,0.11502,5.32000,-0.67764,5.32000,0.06453
5.33322,5.33000,0.11254,5.33000,-0.69331,5.33000,0.06067
5.34322,5.34000,0.10751,5.34000,-0.70910,5.34000,0.05692
5.35323,5.35000,0.09973,5.35000,-0.72498,5.35000,0.05364
5.36323,5.36000,0.08915,5.36000,-0.74092,5.36000,0.05112
5.37324,5.37000,0.07594,5.37000,-0.75696,5.37000,0.04955
5.38325,5.38000,0.06048,5.38000,-0.77323,5.38000,0.04893
5.39325,5.39000,0.04349,5.39000,-0.78996,5.39000,0.04906
5.40326,5.40000,0.02597,5.40000,-0.80752,5.40000,0.04954
5.41326,5.41000,0.00924,5.41000,-0.82642,5.41000,0.04976
5.42327,5.42000,-0.00511,5.42000,-0.84731,5.42000,0.04894
5.43328,5.43000,-0.01531,5.43000,-0.87095,5.43000,0.04626
5.44328,5.44000,-0.01951,5.44000,-0.89816,5.44000,0.04089
5.45329,5.45000,-0.01589,5.45000,-0.92980,5.45000,0.03215
5.46329,5.46000,-0.00287,5.46000,-0.96662,5.46000,0.01959
5.47330,5.47000,0.02083,5.47000,-1.00925,5.47000,0.00315
5.48331,5.48000,0.05597,5.48000,-1.05804,5.48000,-0.01683
5.49331,5.49000,0.10273,5.49000,-1.11305,5.49000,-0.03953
5.50332,5.50000,0.16062,5.50000,-1.17391,5.50000,-0.06373
5.51332,5.51000,0.22851,5.51000,-1.23991,5.51000,-0.08787
5.52333,5.52000,0.30464,5.52000,-1.30997,5.52000,-0.11024
5.53334,5.53000,0.38673,5.53000,-1.38274,5.53000,-0.12911
5.54334,5.54000,0.47212,5.54000,-1.45670,5.54000,-0.14298
5.55335,5.55000,0.55793,5.55000,-1.53024,5.55000,-0.15065
5.56335,5.56000,0.64125,5.56000,-1.60174,5.56000,-0.15141
5.57336,5.57000,0.71925,5.57000,-1.66964,5.57000,-0.14500
5.58337,5.58000,0.78943,5.58000,-1.73243,5.58000,-0.13167
5.59337,5.59000,0.84970,5.59000,-1.78871,5.59000,-0.11208
5.60338,5.60000,0.89854,5.60000,-1.83718,5.60000,-0.08722
5.61338,5.61000,0.93513,5.61000,-1.87666,5.61000,-0.05826
5.62339,5.62000,0.95935,5.62000,-1.90620,5.62000,-0.02635
5.63340,5.63000,0.97181,5.63000,-1.92507,5.63000,0.00750
5.64340,5.64000,0.97374,5.64000,-1.93280,5.64000,0.04262
5.65341,5.65000,0.96685,5.65000,-1.92925,5.65000,0.07879
5.66341,5.66000,0.95318,5.66000,-1.91460,5.66000,0.11635
5.67342,5.67000,0.93484,5.67000,-1.88938,5.67000,0.15620
5.68343,5.68000,0.91385,5.68000,-1.85443,5.68000,0.19971
5.69343,5.69000,0.89191,5.69000,-1.81091,5.69000,0.24869
5.70344,5.70000,0.87021,5.70000,-1.76031,5.70000,0.30511
5.71344,5.71000,0.84932,5.71000,-1.70443,5.71000,0.37093
5.72345,5.72000,0.82913,5.72000,-1.64543,5.72000,0.44783
5.73346,5.73000,0.80875,5.73000,-1.58581,5.73000,0.53698
5.74346,5.74000,0.78660,5.74000,-1.52844,5.74000,0.63880
5.75347,5.75000,0.76045,5.75000,-1.47651,5.75000,0.75283
5.76347,5.76000,0.72752,5.76000,-1.43335,5.76000,0.87763
5.77348,5.77000,0.68468,5.77000,-1.40234,5.77000,1.01082
5.78349,5.78000,0.62862,5.78000,-1.38662,5.78000,1.14918
5.79349,5.79000,0.55612,5.79000,-1.38892,5.79000,1.28886
5.80350,5.80000,0.46428,5.80000,-1.41128,5.80000,1.42566
5.81350,5.81000,0.35081,5.81000,-1.45484,5.81000,1.55542
5.82351,5.82000,0.21425,5.82000,-1.51978,5.82000,1.67433
5.83352,5.83000,0.05407,5.83000,-1.60513,5.83000,1.77923
5.84352,5.84000,-0.12917,5.84000,-1.70886,5.84000,1.86784
5.85353,5.85000,-0.33382,5.85000,-1.82794,5.85000,1.93877
5.86353,5.86000,-0.55723,5.86000,-1.95855,5.86000,1.99150
5.87354,5.87000,-0.79579,5.87000,-2.09641,5.87000,2.02621
5.88355,5.88000,-1.04517,5.88000,-2.23707,5.88000,2.04365
5.89355,5.89000,-1.30052,5.89000,-2.37626,5.89000,2.04500
5.90356,5.90000,-1.55679,5.90000,-2.51012,5.90000,2.03185
5.91357,5.91000,-1.80907,5.91000,-2.63538,5.91000,2.00622
5.92357,5.92000,-2.05286,5.92000,-2.74943,5.92000,1.97058
5.93358,5.93000,-2.28440,5.93000,-2.85038,5.93000,1.92783
5.94358,5.94000,-2.50084,5.94000,-2.93704,5.94000,1.88131
5.95359,5.95000,-2.70035,5.95000,-3.00892,5.95000,1.83464
5.96360,5.96000,-2.88213,5.96000,-3.06617,5.96000,1.79159
5.97360,5.97000,-3.04637,5.97000,-3.10950,5.97000,1.75592
5.98361,5.98000,-3.19406,5.98000,-3.14010,5.98000,1.73111
5.99361,5.99000,-3.32680,5.99000,-3.15950,5.99000,1.72023
6.00362,6.00000,-3.44650,6.00000,-3.16944,6.00000,1.72569
6.01363,6.01000,-3.55515,6.01000,-3.17169,6.01000,1.74911
6.02363,6.02000,-3.65445,6.02000,-3.16790,6.02000,1.79125
6.03364,6.03000,-3.74564,6.03000,-3.15949,6.03000,1.85195
6.04364,6.04000,-3.82926,6.04000,-3.14746,6.04000,1.93025
6.05365,6.05000,-3.90502,6.05000,-3.13233,6.05000,2.02447
6.06366,6.06000,-3.97179,6.06000,-3.11415,6.06000,2.13235
6.07366,6.07000,-4.02767,6.07000,-3.09246,6.07000,2.25124
6.08367,6.08000,-4.07008,6.08000,-3.06644,6.08000,2.37826
6.09367,6.09000,-4.09608,6.09000,-3.03504,6.09000,2.51039
6.10368,6.10000,-4.10261,6.10000,-2.99713,6.10000,2.64464
6.11369,6.11000,-4.08689,6.11000,-2.95163,6.11000,2.77814
6.12369,6.12000,-4.04678,6.12000,-2.89771,6.12000,2.90816
6.13370,6.13000,-3.98116,6.13000,-2.83485,6.13000,3.03226
6.14370,6.14000,-3.89021,6.14000,-2.76294,6.14000,3.14821
6.15371,6.15000,-3.77562,6.15000,-2.68232,6.15000,3.25410
6.16372,6.16000,-3.64062,6.16000,-2.59381,6.16000,3.34819
6.17372,6.17000,-3.48988,6.17000,-2.49875,6.17000,3.42892
6.18373,6.18000,-3.32916,6.18000,-2.39891,6.18000,3.49475
6.19373,6.19000,-3.16488,6.19000,-2.29652,6.19000,3.54410
6.20374,6.20000,-3.00356,6.20000,-2.19416,6.20000,3.57522
6.21375,6.21000,-2.85120,6.21000,-2.09471,6.21000,3.58623
6.22375,6.22000,-2.71280,6.22000,-2.00129,6.22000,3.57519
6.23376,6.23000,-2.59200,6.23000,-1.91719,6.23000,3.54021
6.24376,6.24000,-2.49089,6.24000,-1.84578,6.24000,3.47971
6.25377,6.25000,-2.41005,6.25000,-1.79032,6.25000,3.39270
6.26378,6.26000,-2.34873,6.26000,-1.75372,6.26000,3.27905
6.27378,6.27000,-2.30510,6.27000,-1.73835,6.27000,3.13971
6.28379,6.28000,-2.27659,6.28000,-1.74571,6.28000,2.97690
6.29379,6.29000,-2.26021,6.29000,-1.77627,6.29000,2.79414
6.30380,6.30000,-2.25295,6.30000,-1.82932,6.30000,2.59614
6.31381,6.31000,-2.25211,6.31000,-1.90302,6.31000,2.38851
6.32381,6.32000,-2.25563,6.32000,-1.99460,6.32000,2.17730
6.33382,6.33000,-2.26233,6.33000,-2.10073,6.33000,1.96857
6.34382,6.34000,-2.27199,6.34000,-2.21793,6.34000,1.76785
6.35383,6.35000,-2.28527,6.35000,-2.34290,6.35000,1.57974
6.36384,6.36000,-2.30351,6.36000,-2.47284,6.36000,1.40759
6.37384,6.37000,-2.32836,6.37000,-2.60554,6.37000,1.25338
6.38385,6.38000,-2.36145,6.38000,-2.73938,6.38000,1.11773
6.39385,6.39000,-2.40407,6.39000,-2.87311,6.39000,1.00003
6.40386,6.40000,-2.45711,6.40000,-3.00565,6.40000,0.89880
6.41387,6.41000,-2.52096,6.41000,-3.13572,6.41000,0.81196
6.42387,6.42000,-2.59568,6.42000,-3.26161,6.42000,0.73714
6.43388,6.43000,-2.68117,6.43000,-3.38096,6.43000,0.67203
6.44388,6.44000,-2.77735,6.44000,-3.49075,6.44000,0.61448
6.45389,6.45000,-2.88429,6.45000,-3.58735,6.45000,0.56265
6.46390,6.46000,-3.00223,6.46000,-3.66689,6.46000,0.51505
6.47390,6.47000,-3.13153,6.47000,-3.72567,6.47000,0.47046
6.48391,6.48000,-3.27239,6.48000,-3.76067,6.48000,0.42781
6.49391,6.49000,-3.42472,6.49000,-3.76998,6.49000,0.38613
6.50392,6.50000,-3.58791,6.50000,-3.75302,6.50000,0.34439
6.51393,6.51000,-3.76075,6.51000,-3.71063,6.51000,0.30140
6.52393,6.52000,-3.94148,6.52000,-3.64489,6.52000,0.25577
6.53394,6.53000,-4.12795,6.53000,-3.55874,6.53000,0.20587
6.54395,6.54000,-4.31787,6.54000,-3.45561,6.54000,0.14980
6.55395,6.55000,-4.50907,6.55000,-3.33891,6.55000,0.08540
6.56396,6.56000,-4.69986,6.56000,-3.21163,6.56000,0.01038
6.57396,6.57000,-4.88920,6.57000,-3.07595,6.57000,-0.07760
6.58397,6.58000,-5.07692,6.58000,-2.93299,6.58000,-0.18070
6.59398,6.59000,-5.26374,6.59000,-2.78271,6.59000,-0.30068
6.60398,6.60000,-5.45128,6.60000,-2.62383,6.60000,-0.43859
6.61399,6.61000,-5.64188,6.61000,-2.45397,6.61000,-0.59450
6.62399,6.62000,-5.83841,6.62000,-2.26983,6.62000,-0.76721
6.63400,6.63000,-6.04388,6.63000,-2.06758,6.63000,-0.95402
6.64401,6.64000,-6.26109,6.64000,-1.84335,6.64000,-1.15060
6.65401,6.65000,-6.49221,6.65000,-1.59377,6.65000,-1.35098
6.66402,6.66000,-6.73837,6.66000,-1.31668,6.66000,-1.54764
6.67402,6.67000,-6.99936,6.67000,-1.01165,6.67000,-1.73178
6.68403,6.68000,-7.27353,6.68000,-0.68044,6.68000,-1.89369
6.69404,6.69000,-7.55782,6.69000,-0.32719,6.69000,-2.02329
6.70404,6.70000,-7.84804,6.70000,0.04163,6.70000,-2.11077
6.71405,6.71000,-8.13922,6.71000,0.41737,6.71000,-2.14734
6.72405,6.72000,-8.42609,6.72000,0.78967,6.72000,-2.12595
6.73406,6.73000,-8.70350,6.73000,1.14685,6.73000,-2.04193
6.74407,6.74000,-8.96682,6.74000,1.47667,6.74000,-1.89344
6.75407,6.75000,-9.21212,6.75000,1.76694,6.75000,-1.68166
6.76408,6.76000,-9.43639,6.76000,2.00642,6.76000,-1.41079
6.77408,6.77000,-9.63751,6.77000,2.18551,6.77000,-1.08784
6.78409,6.78000,-9.81408,6.78000,2.29697,6.78000,-0.72224
6.79410,6.79000,-9.96520,6.79000,2.33631,6.79000,-0.32536
6.80410,6.80000,-10.09005,6.80000,2.30203,6.80000,0.09004
6.81411,6.81000,-10.18765,6.81000,2.19569,6.81000,0.51045
6.82411,6.82000,-10.25669,6.82000,2.02166,6.82000,0.92235
6.83412,6.83000,-10.29575,6.83000,1.78689,6.83000,1.31288
6.84413,6.84000,-10.30371,6.84000,1.50039,6.84000,1.67060
6.85413,6.85000,-10.28031,6.85000,1.17255,6.85000,1.98606
6.86414,6.86000,-10.22651,6.86000,0.81441,6.86000,2.25230
6.87414,6.87000,-10.14471,6.87000,0.43684,6.87000,2.46511
6.88415,6.88000,-10.03858,6.88000,0.04990,6.88000,2.62308
6.89416,6.89000,-9.91270,6.89000,-0.33773,6.89000,2.72748
6.90416,6.90000,-9.77199,6.90000,-0.71893,6.90000,2.78195
6.91417,6.91000,-9.62124,6.91000,-1.08815,6.91000,2.79216
6.92417,6.92000,-9.46463,6.92000,-1.44117,6.92000,2.76533
6.93418,6.93000,-9.30539,6.93000,-1.77483,6.93000,2.70972
6.94419,6.94000,-9.14553,6.94000,-2.08677,6.94000,2.63407
6.95419,6.95000,-8.98559,6.95000,-2.37530,6.95000,2.54709
6.96420,6.96000,-8.82465,6.96000,-2.63934,6.96000,2.45695
6.97420,6.97000,-8.66034,6.97000,-2.87846,6.97000,2.37108
6.98421,6.98000,-8.48915,6.98000,-3.09279,6.98000,2.29603
6.99422,6.99000,-8.30683,6.99000,-3.28283,6.99000,2.23764
7.00422,7.00000,-8.10903,7.00000,-3.44908,7.00000,2.20128
7.01423,7.01000,-7.89192,7.01000,-3.59155,7.01000,2.19219
7.02423,7.02000,-7.65286,7.02000,-3.70931,7.02000,2.21569
7.03424,7.03000,-7.39086,7.03000,-3.80014,7.03000,2.27725
7.04425,7.04000,-7.10691,7.04000,-3.86051,7.04000,2.38226
7.05425,7.05000,-6.80390,7.05000,-3.88563,7.05000,2.53559
7.06426,7.06000,-6.48638,7.06000,-3.86986,7.06000,2.74090
7.07426,7.07000,-6.15996,7.07000,-3.80718,7.07000,2.99988
7.08427,7.08000,-5.83058,7.08000,-3.69179,7.08000,3.31152
7.09428,7.09000,-5.50366,7.09000,-3.51880,7.09000,3.67157
7.10428,7.10000,-5.18344,7.10000,-3.28480,7.10000,4.07227
7.11429,7.11000,-4.87241,7.11000,-2.98856,7.11000,4.50243
7.12429,7.12000,-4.57108,7.12000,-2.63152,7.12000,4.94787
7.13430,7.13000,-4.27807,7.13000,-2.21822,7.13000,5.39214
7.14431,7.14000,-3.99054,7.14000,-1.75650,7.14000,5.81746
7.15431,7.15000,-3.70490,7.15000,-1.25739,7.15000,6.20576
7.16432,7.16000,-3.41771,7.16000,-0.73463,7.16000,6.53975
7.17432,7.17000,-3.12664,7.17000,-0.20365,7.17000,6.80391
7.18433,7.18000,-2.83135,7.18000,0.31973,7.18000,6.98529
7.19434,7.19000,-2.53406,7.19000,0.82077,7.19000,7.07428
7.20434,7.20000,-2.23968,7.20000,1.28717,7.20000,7.06519
7.21435,7.21000,-1.95550,7.21000,1.71001,7.21000,6.95674
7.22436,7.22000,-1.69048,7.22000,2.08414,7.22000,6.75241
7.23436,7.23000,-1.45427,7.23000,2.40787,7.23000,6.46061
7.24437,7.24000,-1.25624,7.24000,2.68218,7.24000,6.09448
7.25437,7.25000,-1.10474,7.25000,2.90945,7.25000,5.67131
7.26438,7.26000,-1.00654,7.26000,3.09227,7.26000,5.21149
7.27439,7.27000,-0.96660,7.27000,3.23228,7.27000,4.73695
7.28439,7.28000,-0.98796,7.28000,3.32952,7.28000,4.26927
7.29440,7.29000,-1.07168,7.29000,3.38233,7.29000,3.82784
7.30440,7.30000,-1.21671,7.30000,3.38807,7.30000,3.42828
7.31441,7.31000,-1.41987,7.31000,3.34419,7.31000,3.08145
7.32442,7.32000,-1.67603,7.32000,3.24930,7.32000,2.79309
7.33442,7.33000,-1.97841,7.33000,3.10385,7.33000,2.56417
7.34443,7.34000,-2.31922,7.34000,2.91027,7.34000,2.39177
7.35443,7.35000,-2.69043,7.35000,2.67276,7.35000,2.27025
7.36444,7.36000,-3.08455,7.36000,2.39697,7.36000,2.19258
7.37445,7.37000,-3.49520,7.37000,2.08977,7.37000,2.15149
7.38445,7.38000,-3.91754,7.38000,1.75899,7.38000,2.14029
7.39446,7.39000,-4.34835,7.39000,1.41321,7.39000,2.15340
7.40446,7.40000,-4.78592,7.40000,1.06148,7.40000,2.18643
7.41447,7.41000,-5.22970,7.41000,0.71291,7.41000,2.23592
7.42448,7.42000,-5.67989,7.42000,0.37627,7.42000,2.29888
7.43448,7.43000,-6.13698,7.43000,0.05956,7.43000,2.37206
7.44449,7.44000,-6.60129,7.44000,-0.23025,7.44000,2.45136
7.45449,7.45000,-7.07258,7.45000,-0.48746,7.45000,2.53125
7.46450,7.46000,-7.54984,7.46000,-0.70782,7.46000,2.60452
7.47451,7.47000,-8.03114,7.47000,-0.88858,7.47000,2.66233
7.48451,7.48000,-8.51374,7.48000,-1.02847,7.48000,2.69468
7.49452,7.49000,-8.99430,7.49000,-1.12753,7.49000,2.69116
7.50452,7.50000,-9.46919,7.50000,-1.18677,7.50000,2.64190
7.51453,7.51000,-9.93479,7.51000,-1.20774,7.51000,2.53858
7.52454,7.52000,-10.38783,7.52000,-1.19199,7.52000,2.37539
7.53454,7.53000,-10.82557,7.53000,-1.14063,7.53000,2.14977
7.54455,7.54000,-11.24607,7.54000,-1.05407,7.54000,1.86298
7.55455,7.55000,-11.64827,7.55000,-0.93200,7.55000,1.52037
7.56456,7.56000,-12.03206,7.56000,-0.77367,7.56000,1.13136
7.57457,7.57000,-12.39827,7.57000,-0.57831,7.57000,0.70912
7.58457,7.58000,-12.74850,7.58000,-0.34585,7.58000,0.26996
7.59458,7.59000,-13.08491,7.59000,-0.07749,7.59000,-0.16748
7.60458,7.60000,-13.40987,7.60000,0.22375,7.60000,-0.58323
7.61459,7.61000,-13.72553,7.61000,0.55267,7.61000,-0.95706
7.62460,7.62000,-14.03348,7.62000,0.90182,7.62000,-1.26963
7.63460,7.63000,-14.33439,7.63000,1.26173,7.63000,-1.50348
7.64461,7.64000,-14.62789,7.64000,1.62124,7.64000,-1.64409
7.65461,7.65000,-14.91252,7.65000,1.96819,7.65000,-1.68074
7.66462,7.66000,-15.18586,7.66000,2.29013,7.66000,-1.60727
7.67463,7.67000,-15.44475,7.67000,2.57518,7.67000,-1.42275
7.68463,7.68000,-15.68550,7.68000,2.81286,7.68000,-1.13180
7.69464,7.69000,-15.90414,7.69000,2.99484,7.69000,-0.74472
7.70464,7.70000,-16.09670,7.70000,3.11551,7.70000,-0.27714
7.71465,7.71000,-16.25945,7.71000,3.17214,7.71000,0.25064
7.72466,7.72000,-16.38900,7.72000,3.16487,7.72000,0.81483
7.73466,7.73000,-16.48237,7.73000,3.09616,7.73000,1.38964
7.74467,7.74000,-16.53699,7.74000,2.97020,7.74000,1.94907
7.75467,7.75000,-16.55083,7.75000,2.79223,7.75000,2.46879
7.76468,7.76000,-16.52264,7.76000,2.56802,7.76000,2.92788
7.77469,7.77000,-16.45243,7.77000,2.30341,7.77000,3.31021
7.78469,7.78000,-16.34168,7.78000,2.00399,7.78000,3.60522
7.79470,7.79000,-16.19336,7.79000,1.67473,7.79000,3.80803
7.80470,7.80000,-16.01164,7.80000,1.31976,7.80000,3.91897
7.81471,7.81000,-15.80125,7.81000,0.94231,7.81000,3.94266
7.82472,7.82000,-15.56692,7.82000,0.54495,7.82000,3.88704
7.83472,7.83000,-15.31280,7.83000,0.12996,7.83000,3.76237
7.84473,7.84000,-15.04222,7.84000,-0.30015,7.84000,3.58052
7.85474,7.85000,-14.75759,7.85000,-0.74211,7.85000,3.35434
7.86474,7.86000,-14.46053,7.86000,-1.19158,7.86000,3.09723
7.87475,7.87000,-14.15203,7.87000,-1.64304,7.87000,2.82276
7.88475,7.88000,-13.83272,7.88000,-2.08992,7.88000,2.54431
7.89476,7.89000,-13.50301,7.89000,-2.52500,7.89000,2.27477
7.90477,7.90000,-13.16330,7.90000,-2.94097,7.90000,2.02621
7.91477,7.91000,-12.81407,7.91000,-3.33101,7.91000,1.80970
7.92478,7.92000,-12.45604,7.92000,-3.68917,7.92000,1.63514
7.93478,7.93000,-12.09038,7.93000,-4.01043,7.93000,1.51125
7.94479,7.94000,-11.71886,7.94000,-4.29051,7.94000,1.44549
7.95480,7.95000,-11.34407,7.95000,-4.52555,7.95000,1.44401
7.96480,7.96000,-10.96948,7.96000,-4.71181,7.96000,1.51133
7.97481,7.97000,-10.59930,7.97000,-4.84553,7.97000,1.65001
7.98481,7.98000,-10.23826,7.98000,-4.92301,7.98000,1.86014
7.99482,7.99000,-9.89110,7.99000,-4.94081,7.99000,2.13885
8.00483,8.00000,-9.56213,8.00000,-4.89608,8.00000,2.47993
8.01483,8.01000,-9.25472,8.01000,-4.78695,8.01000,2.87377
8.02484,8.02000,-8.97099,8.02000,-4.61293,8.02000,3.30748
8.03484,8.03000,-8.71165,8.03000,-4.37535,8.03000,3.76535
8.04485,8.04000,-8.47608,8.04000,-4.07761,8.04000,4.22953
8.05486,8.05000,-8.26261,8.05000,-3.72541,8.05000,4.68089
8.06486,8.06000,-8.06899,8.06000,-3.32674,8.06000,5.09983
8.07487,8.07000,-7.89292,8.07000,-2.89171,8.07000,5.46726
8.08487,8.08000,-7.73260,8.08000,-2.43212,8.08000,5.76532
8.09488,8.09000,-7.58718,8.09000,-1.96083,8.09000,5.97823
8.10489,8.10000,-7.45700,8.10000,-1.49085,8.10000,6.09303
8.11489,8.11000,-7.34360,8.11000,-1.03431,8.11000,6.10041
8.12490,8.12000,-7.24949,8.12000,-0.60145,8.12000,5.99556
8.13490,8.13000,-7.17771,8.13000,-0.20003,8.13000,5.77899
8.14491,8.14000,-7.13133,8.14000,0.16461,8.14000,5.45715
8.15492,8.15000,-7.11306,8.15000,0.48880,8.15000,5.04257
8.16492,8.16000,-7.12495,8.16000,0.76954,8.16000,4.55357
8.17493,8.17000,-7.16842,8.17000,1.00352,8.17000,4.01313
8.18493,8.18000,-7.24422,8.18000,1.18667,8.18000,3.44722
8.19494,8.19000,-7.35241,8.19000,1.31426,8.19000,2.88257
8.20495,8.20000,-7.49219,8.20000,1.38150,8.20000,2.34436
8.21495,8.21000,-7.66169,8.21000,1.38458,8.21000,1.85421
8.22496,8.22000,-7.85792,8.22000,1.32177,8.22000,1.42870
8.23496,8.23000,-8.07694,8.23000,1.19415,8.23000,1.07868
8.24497,8.24000,-8.31434,8.24000,1.00581,8.24000,0.80932
8.25498,8.25000,-8.56592,8.25000,0.76353,8.25000,0.62083
8.26498,8.26000,-8.82830,8.26000,0.47619,8.26000,0.50957
8.27499,8.27000,-9.09942,8.27000,0.15406,8.27000,0.46924
8.28499,8.28000,-9.37870,8.28000,-0.19187,8.28000,0.49203
8.29500,8.29000,-9.66698,8.29000,-0.55047,8.29000,0.56944
8.30501,8.30000,-9.96613,8.30000,-0.91120,8.30000,0.69284
8.31501,8.31000,-10.27868,8.31000,-1.26457,8.31000,0.85367
8.32502,8.32000,-10.60729,8.32000,-1.60259,8.32000,1.04336
8.33502,8.33000,-10.95437,8.33000,-1.91887,8.33000,1.25318
8.34503,8.34000,-11.32175,8.34000,-2.20866,8.34000,1.47385
8.35504,8.35000,-11.71038,8.35000,-2.46871,8.35000,1.69534
8.36504,8.36000,-12.12021,8.36000,-2.69704,8.36000,1.90678
8.37505,8.37000,-12.55007,8.37000,-2.89255,8.37000,2.09663
8.38505,8.38000,-12.99768,8.38000,-3.05459,8.38000,2.25310
8.39506,8.39000,-13.45973,8.39000,-3.18245,8.39000,2.36483
8.40507,8.40000,-13.93208,8.40000,-3.27486,8.40000,2.42166
8.41507,8.41000,-14.40993,8.41000,-3.32975,8.41000,2.41533
8.42508,8.42000,-14.88817,8.42000,-3.34402,8.42000,2.34024
8.43508,8.43000,-15.36161,8.43000,-3.31374,8.43000,2.19402
8.44509,8.44000,-15.82543,8.44000,-3.23446,8.44000,1.97807
8.45510,8.45000,-16.27547,8.45000,-3.10183,8.45000,1.69783
8.46510,8.46000,-16.70857,8.46000,-2.91233,8.46000,1.36290
8.47511,8.47000,-17.12281,8.47000,-2.66402,8.47000,0.98691
8.48512,8.48000,-17.51754,8.48000,-2.35726,8.48000,0.58694
8.49512,8.49000,-17.89334,8.49000,-1.99517,8.49000,0.18285
8.50513,8.50000,-18.25167,8.50000,-1.58392,8.50000,-0.20383
8.51513,8.51000,-18.59452,8.51000,-1.13275,8.51000,-0.55105
8.52514,8.52000,-18.92382,8.52000,-0.65366,8.52000,-0.83760
8.53515,8.53000,-19.24087,8.53000,-0.16089,8.53000,-1.04435
8.54515,8.54000,-19.54593,8.54000,0.32990,8.54000,-1.15551
8.55516,8.55000,-19.83781,8.55000,0.80272,8.55000,-1.15956
8.56516,8.56000,-20.11380,8.56000,1.24232,8.56000,-1.05000
8.57517,8.57000,-20.36981,8.57000,1.63535,8.57000,-0.82578
8.58518,8.58000,-20.60076,8.58000,1.97119,8.58000,-0.49139
8.59518,8.59000,-20.80129,8.59000,2.24252,8.59000,-0.05689
8.60519,8.60000,-20.96643,8.60000,2.44546,8.60000,0.46237
8.61519,8.61000,-21.09222,8.61000,2.57917,8.61000,1.04623
8.62520,8.62000,-21.17596,8.62000,2.64511,8.62000,1.67060
8.63521,8.63000,-21.21623,8.63000,2.64626,8.63000,2.30877
8.64521,8.64000,-21.21262,8.64000,2.58646,8.64000,2.93330
8.65522,8.65000,-21.16581,8.65000,2.47013,8.65000,3.51802
8.66522,8.66000,-21.07774,8.66000,2.30221,8.66000,4.04014
8.67523,8.67000,-20.95192,8.67000,2.08812,8.67000,4.48180
8.68524,8.68000,-20.79365,8.68000,1.83361,8.68000,4.83092
8.69524,8.69000,-20.60983,8.69000,1.54440,8.69000,5.08136
8.70525,8.70000,-20.40837,8.70000,1.22580,8.70000,5.23237
8.71525,8.71000,-20.19733,8.71000,0.88248,8.71000,5.28770
8.72526,8.72000,-19.98402,8.72000,0.51834,8.72000,5.25462
8.73527,8.73000,-19.77423,8.73000,0.13681,8.73000,5.14304
8.74527,8.74000,-19.57172,8.74000,-0.25884,8.74000,4.96474
8.75528,8.75000,-19.37798,8.75000,-0.66497,8.75000,4.73285
8.76528,8.76000,-19.19228,8.76000,-1.07718,8.76000,4.46138
8.77529,8.77000,-19.01188,8.77000,-1.49021,8.77000,4.16490
8.78530,8.78000,-18.83243,8.78000,-1.89789,8.78000,3.85823
8.79530,8.79000,-18.64845,8.79000,-2.29357,8.79000,3.55617
8.80531,8.80000,-18.45387,8.80000,-2.67059,8.80000,3.27322
8.81531,8.81000,-18.24255,8.81000,-3.02292,8.81000,3.02320
8.82532,8.82000,-18.00879,8.82000,-3.34555,8.82000,2.81891
8.83533,8.83000,-17.74771,8.83000,-3.63471,8.83000,2.67175
8.84533,8.84000,-17.45563,8.84000,-3.88768,8.84000,2.59128
8.85534,8.85000,-17.13025,8.85000,-4.10237,8.85000,2.58488
8.86534,8.86000,-16.77074,8.86000,-4.27691,8.86000,2.65729
8.87535,8.87000,-16.37777,8.87000,-4.40910,8.87000,2.81027
8.88536,8.88000,-15.95332,8.88000,-4.49609,8.88000,3.04215
8.89536,8.89000,-15.50053,8.89000,-4.53424,8.89000,3.34765
8.90537,8.90000,-15.02341,8.90000,-4.51918,8.90000,3.71776
8.91537,8.91000,-14.52661,8.91000,-4.44624,8.91000,4.13981
8.92538,8.92000,-14.01514,8.92000,-4.31110,8.92000,4.59778
8.93539,8.93000,-13.49417,8.93000,-4.11067,8.93000,5.07274
8.94539,8.94000,-12.96890,8.94000,-3.84405,8.94000,5.54348
8.95540,8.95000,-12.44454,8.95000,-3.51336,8.95000,5.98729
8.96540,8.96000,-11.92631,8.96000,-3.12422,8.96000,6.38094
8.97541,8.97000,-11.41959,8.97000,-2.68565,8.97000,6.70181
8.98542,8.98000,-10.92999,8.98000,-2.20951,8.98000,6.92918
8.99542,8.99000,-10.46333,8.99000,-1.70938,8.99000,7.04558
9.00543,9.00000,-10.02554,9.00000,-1.19942,9.00000,7.03822
9.01543,9.01000,-9.62227,9.01000,-0.69338,9.01000,6.90012
9.02544,9.02000,-9.25834,9.02000,-0.20396,9.02000,6.63109
9.03545,9.03000,-8.93723,9.03000,0.25727,9.03000,6.23832
9.04545,9.04000,-8.66060,9.04000,0.67966,9.04000,5.73636
9.05546,9.05000,-8.42831,9.05000,1.05312,9.05000,5.14663
9.06546,9.06000,-8.23877,9.06000,1.36782,9.06000,4.49612
9.07547,9.07000,-8.08957,9.07000,1.61412,9.07000,3.81547
9.08548,9.08000,-7.97805,9.08000,1.78301,9.08000,3.13659
9.09548,9.09000,-7.90176,9.09000,1.86696,9.09000,2.49012
9.10549,9.10000,-7.85857,9.10000,1.86105,9.10000,1.90324
9.11550,9.11000,-7.84672,9.11000,1.76422,9.11000,1.39787
9.12550,9.12000,-7.86477,9.12000,1.57996,9.12000,0.98976
9.13551,9.13000,-7.91177,9.13000,1.31644,9.13000,0.68822
9.14551,9.14000,-7.98748,9.14000,0.98585,9.14000,0.49645
9.15552,9.15000,-8.09259,9.15000,0.60322,9.15000,0.41225
9.16553,9.16000,-8.22877,9.16000,0.18515,9.16000,0.42891
9.17553,9.17000,-8.39849,9.17000,-0.25142,9.17000,0.53615
9.18554,9.18000,-8.60465,9.18000,-0.69021,9.18000,0.72099
9.19554,9.19000,-8.84996,9.19000,-1.11653,9.19000,0.96847
9.20555,9.20000,-9.13638,9.20000,-1.51807,9.20000,1.26238
9.21556,9.21000,-9.46455,9.21000,-1.88544,9.21000,1.58580
9.22556,9.22000,-9.83349,9.22000,-2.21238,9.22000,1.92169
9.23557,9.23000,-10.24055,9.23000,-2.49573,9.23000,2.25330
9.24557,9.24000,-10.68150,9.24000,-2.73505,9.24000,2.56463
9.25558,9.25000,-11.15087,9.25000,-2.93198,9.25000,2.84074
9.26559,9.26000,-11.64230,9.26000,-3.08958,9.26000,3.06818
9.27559,9.27000,-12.14896,9.27000,-3.21140,9.27000,3.23527
9.28560,9.28000,-12.66391,9.28000,-3.30067,9.28000,3.33250
9.29560,9.29000,-13.18037,9.29000,-3.35944,9.29000,3.35291
9.30561,9.30000,-13.69192,9.30000,-3.38800,9.30000,3.29236
9.31562,9.31000,-14.19255,9.31000,-3.38450,9.31000,3.14986
9.32562,9.32000,-14.67682,9.32000,-3.34494,9.32000,2.92776
9.33563,9.33000,-15.13992,9.33000,-3.26355,9.33000,2.63201
9.34563,9.34000,-15.57792,9.34000,-3.13350,9.34000,2.27227
9.35564,9.35000,-15.98804,9.35000,-2.94790,9.35000,1.86195
9.36565,9.36000,-16.36895,9.36000,-2.70097,9.36000,1.41804
9.37565,9.37000,-16.72104,9.37000,-2.38914,9.37000,0.96061
9.38566,9.38000,-17.04653,9.38000,-2.01216,9.38000,0.51206
9.39566,9.39000,-17.34941,9.39000,-1.57378,9.39000,0.09593
9.40567,9.40000,-17.63508,9.40000,-1.08221,9.40000,-0.26444
9.41568,9.41000,-17.90965,9.41000,-0.55017,9.41000,-0.54744
9.42568,9.42000,-18.17901,9.42000,0.00555,9.42000,-0.73463
9.43569,9.43000,-18.44777,9.43000,0.56482,9.43000,-0.81187
9.44569,9.44000,-18.71820,9.44000,1.10548,9.44000,-0.77021
9.45570,9.45000,-18.98956,9.45000,1.60502,9.45000,-0.60620
9.46571,9.46000,-19.25790,9.46000,2.04249,9.46000,-0.32188
9.47571,9.47000,-19.51648,9.47000,2.40047,9.47000,0.07539
9.48572,9.48000,-19.75685,9.48000,2.66664,9.48000,0.57324
9.49572,9.49000,-19.97002,9.49000,2.83448,9.49000,1.15448
9.50573,9.50000,-20.14774,9.50000,2.90318,9.50000,1.79741
9.51574,9.51000,-20.28332,9.51000,2.87675,9.51000,2.47648
9.52574,9.52000,-20.37206,9.52000,2.76287,9.52000,3.16346
9.53575,9.53000,-20.41133,9.53000,2.57165,9.53000,3.82923
9.54575,9.54000,-20.40053,9.54000,2.31456,9.54000,4.44609
9.55576,9.55000,-20.34122,9.55000,2.00369,9.55000,4.99015
9.56577,9.56000,-20.23734,9.56000,1.65120,9.56000,5.44337
9.57577,9.57000,-20.09533,9.57000,1.26891,9.57000,5.79483
9.58578,9.58000,-19.92396,9.58000,0.86780,9.58000,6.04104
9.59578,9.59000,-19.73371,9.59000,0.45753,9.59000,6.18523
9.60579,9.60000,-19.53581,9.60000,0.04608,9.60000,6.23612
9.61580,9.61000,-19.34099,9.61000,-0.36045,9.61000,6.20625
9.62580,9.62000,-19.15848,9.62000,-0.75781,9.62000,6.11051
9.63581,9.63000,-18.99509,9.63000,-1.14325,9.63000,5.96467
9.64581,9.64000,-18.85477,9.64000,-1.51528,9.64000,5.78431
9.65582,9.65000,-18.73834,9.65000,-1.87321,9.65000,5.58396
9.66583,9.66000,-18.64358,9.66000,-2.21701,9.66000,5.37667
9.67583,9.67000,-18.56555,9.67000,-2.54709,9.67000,5.17385
9.68584,9.68000,-18.49714,9.68000,-2.86407,9.68000,4.98544
9.69584,9.69000,-18.42975,9.69000,-3.16860,9.69000,4.82031
9.70585,9.70000,-18.35417,9.70000,-3.46096,9.70000,4.68662
9.71586,9.71000,-18.26133,9.71000,-3.74057,9.71000,4.59205
9.72586,9.72000,-18.14315,9.72000,-4.00546,9.72000,4.54386
9.73587,9.73000,-17.99313,9.73000,-4.25181,9.73000,4.54864
9.74588,9.74000,-17.80688,9.74000,-4.47362,9.74000,4.61193
9.75588,9.75000,-17.58238,9.75000,-4.66284,9.75000,4.73765
9.76589,9.76000,-17.32004,9.76000,-4.80964,9.76000,4.92748
9.77589,9.77000,-17.02258,9.77000,-4.90315,9.77000,5.18022
9.78590,9.78000,-16.69473,9.78000,-4.93245,9.78000,5.49127
9.79591,9.79000,-16.34271,9.79000,-4.88774,9.79000,5.85238
9.80591,9.80000,-15.97373,9.80000,-4.76156,9.80000,6.25163
9.81592,9.81000,-15.59546,9.81000,-4.54998,9.81000,6.67379
9.82592,9.82000,-15.21555,9.82000,-4.25339,9.82000,7.10092
9.83593,9.83000,-14.84127,9.83000,-3.87704,9.83000,7.51320
9.84594,9.84000,-14.47937,9.84000,-3.43096,9.84000,7.89003
9.85594,9.85000,-14.13593,9.85000,-2.92947,9.85000,8.21101
9.86595,9.86000,-13.81649,9.86000,-2.39015,9.86000,8.45717
9.87595,9.87000,-13.52606,9.87000,-1.83244,9.87000,8.61198
9.88596,9.88000,-13.26919,9.88000,-1.27599,9.88000,8.66234
9.89597,9.89000,-13.04994,9.89000,-0.73903,9.89000,8.59951
9.90597,9.90000,-12.87168,9.90000,-0.23707,9.90000,8.41978
9.91598,9.91000,-12.73688,9.91000,0.21785,9.91000,8.12509
9.92598,9.92000,-12.64681,9.92000,0.61716,9.92000,7.72325
9.93599,9.93000,-12.60153,9.93000,0.95525,9.93000,7.22795
9.94600,9.94000,-12.60001,9.94000,1.22867,9.94000,6.65832
9.95600,9.95000,-12.64049,9.95000,1.43526,9.95000,6.03796
9.96601,9.96000,-12.72091,9.96000,1.57353,9.96000,5.39346
9.97601,9.97000,-12.83919,9.97000,1.64231,9.97000,4.75253
9.98602,9.98000,-12.99333,9.98000,1.64095,9.98000,4.14190
9.99603,9.99000,-13.18129,9.99000,1.56997,9.99000,3.58526
10.00603,10.00000,-13.40080,10.00000,1.43181,10.00000,3.10166
10.01604,10.01000,-13.64925,10.01000,1.23145,10.01000,2.70451
10.02604,10.02000,-13.92378,10.02000,0.97650,10.02000,2.40135
10.03605,10.03000,-14.22156,10.03000,0.67683,10.03000,2.19434
10.04606,10.04000,-14.54012,10.04000,0.34370,10.04000,2.08117
10.05606,10.05000,-14.87764,10.05000,-0.01102,10.05000,2.05621
10.06607,10.06000,-15.23306,10.06000,-0.37565,10.06000,2.11151
10.07607,10.07000,-15.60599,10.07000,-0.73925,10.07000,2.23755
10.08608,10.08000,-15.99651,10.08000,-1.09207,10.08000,2.42382
10.09609,10.09000,-16.40492,10.09000,-1.42586,10.09000,2.65896
10.10609,10.10000,-16.83151,10.10000,-1.73403,10.10000,2.93085
10.11610,10.11000,-17.27638,10.11000,-2.01169,10.11000,3.22647
10.12610,10.12000,-17.73928,10.12000,-2.25559,10.12000,3.53177
10.13611,10.13000,-18.21946,10.13000,-2.46391,10.13000,3.83155
10.14612,10.14000,-18.71544,10.14000,-2.63606,10.14000,4.10959
10.15612,10.15000,-19.22485,10.15000,-2.77232,10.15000,4.34917
10.16613,10.16000,-19.74427,10.16000,-2.87343,10.16000,4.53389
10.17613,10.17000,-20.26924,10.17000,-2.94016,10.17000,4.64884
10.18614,10.18000,-20.79434,10.18000,-2.97285,10.18000,4.68181
10.19615,10.19000,-21.31330,10.19000,-2.97111,10.19000,4.62442
10.20615,10.20000,-21.81937,10.20000,-2.93359,10.20000,4.47305
10.21616,10.21000,-22.30568,10.21000,-2.85790,10.21000,4.22937
10.22616,10.22000,-22.76566,10.22000,-2.74073,10.22000,3.90057
10.23617,10.23000,-23.19363,10.23000,-2.57820,10.23000,3.49914
10.24618,10.24000,-23.58523,10.24000,-2.36640,10.24000,3.04227
10.25618,10.25000,-23.93780,10.25000,-2.10209,10.25000,2.55102
10.26619,10.26000,-24.25069,10.26000,-1.78349,10.26000,2.04915
10.27619,10.27000,-24.52519,10.27000,-1.41104,10.27000,1.56187
10.28620,10.28000,-24.76440,10.28000,-0.98808,10.28000,1.11454
10.29621,10.29000,-24.97276,10.29000,-0.52129,10.29000,0.73136
10.30621,10.30000,-25.15549,10.30000,-0.02092,10.30000,0.43406
10.31622,10.31000,-25.31793,10.31000,0.49934,10.31000,0.24077
10.32622,10.32000,-25.46482,10.32000,1.02293,10.32000,0.16490
10.33623,10.33000,-25.59971,10.33000,1.53148,10.33000,0.21432
10.34624,10.34000,-25.72452,10.34000,2.00611,10.34000,0.39074
10.35624,10.35000,-25.83924,10.35000,2.42903,10.35000,0.68952
10.36625,10.36000,-25.94196,10.36000,2.78505,10.36000,1.09978
10.37626,10.37000,-26.02924,10.37000,3.06277,10.37000,1.60497
10.38626,10.38000,-26.09672,10.38000,3.25534,10.38000,2.18356
10.39627,10.39000,-26.13973,10.39000,3.36061,10.39000,2.81026
10.40627,10.40000,-26.15388,10.40000,3.38064,10.40000,3.45734
10.41628,10.41000,-26.13537,10.41000,3.32088,10.41000,4.09652
10.42629,10.42000,-26.08143,10.42000,3.18921,10.42000,4.70099
10.43629,10.43000,-25.99077,10.43000,2.99495,10.43000,5.24742
10.44630,10.44000,-25.86426,10.44000,2.74807,10.44000,5.71775
10.45630,10.45000,-25.70540,10.45000,2.45843,10.45000,6.10027
10.46631,10.46000,-25.52043,10.46000,2.13508,10.46000,6.38990
10.47632,10.47000,-25.31791,10.47000,1.78580,10.47000,6.58767
10.48632,10.48000,-25.10765,10.48000,1.41673,10.48000,6.69954
10.49633,10.49000,-24.89952,10.49000,1.03231,10.49000,6.73503
10.50633,10.50000,-24.70220,10.50000,0.63545,10.50000,6.70584
10.51634,10.51000,-24.52219,10.51000,0.22802,10.51000,6.62464
10.52635,10.52000,-24.36329,10.52000,-0.18863,10.52000,6.50414
10.53635,10.53000,-24.22628,10.53000,-0.61297,10.53000,6.35635
10.54636,10.54000,-24.10905,10.54000,-1.04287,10.54000,6.19211
10.55636,10.55000,-24.00683,10.55000,-1.47527,10.55000,6.02088
10.56637,10.56000,-23.91273,10.56000,-1.90604,10.56000,5.85077
10.57638,10.57000,-23.81840,10.57000,-2.33008,10.57000,5.68890
10.58638,10.58000,-23.71489,10.58000,-2.74152,10.58000,5.54183
10.59639,10.59000,-23.59342,10.59000,-3.13393,10.59000,5.41614
10.60639,10.60000,-23.44631,10.60000,-3.50049,10.60000,5.31878
10.61640,10.61000,-23.26758,10.61000,-3.83400,10.61000,5.25716
10.62641,10.62000,-23.05355,10.62000,-4.12684,10.62000,5.23897
10.63641,10.63000,-22.80309,10.63000,-4.37105,10.63000,5.27157
10.64642,10.64000,-22.51764,10.64000,-4.55848,10.64000,5.36123
10.65642,10.65000,-22.20098,10.65000,-4.68122,10.65000,5.51210
10.66643,10.66000,-21.85872,10.66000,-4.73206,10.66000,5.72526
10.67644,10.67000,-21.49766,10.67000,-4.70517,10.67000,5.99787
10.68644,10.68000,-21.12511,10.68000,-4.59673,10.68000,6.32267
10.69645,10.69000,-20.74818,10.69000,-4.40565,10.69000,6.68784
10.70645,10.70000,-20.37335,10.70000,-4.13416,10.70000,7.07724
10.71646,10.71000,-20.00614,10.71000,-3.78811,10.71000,7.47119
10.72647,10.72000,-19.65113,10.72000,-3.37702,10.72000,7.84752
10.73647,10.73000,-19.31223,10.73000,-2.91370,10.73000,8.18287
10.74648,10.74000,-18.99298,10.74000,-2.41338,10.74000,8.45422
10.75648,10.75000,-18.69701,10.75000,-1.89268,10.75000,8.64037
10.76649,10.76000,-18.42825,10.76000,-1.36824,10.76000,8.72337
10.77650,10.77000,-18.19099,10.77000,-0.85547,10.77000,8.68995
10.78650,10.78000,-17.98964,10.78000,-0.36750,10.78000,8.53254
10.79651,10.79000,-17.82827,10.79000,0.08531,10.79000,8.25019
10.80651,10.80000,-17.71002,10.80000,0.49532,10.80000,7.84905
10.81652,10.81000,-17.63668,10.81000,0.85691,10.81000,7.34235
10.82653,10.82000,-17.60861,10.82000,1.16569,10.82000,6.74989
10.83653,10.83000,-17.62499,10.83000,1.41765,10.83000,6.09667
10.84654,10.84000,-17.68432,10.84000,1.60865,10.84000,5.41103
10.85654,10.85000,-17.78478,10.85000,1.73429,10.85000,4.72220
10.86655,10.86000,-17.92438,10.86000,1.79034,10.86000,4.05794
10.87656,10.87000,-18.10078,10.87000,1.77355,10.87000,3.44235
10.88656,10.88000,-18.31098,10.88000,1.68278,10.88000,2.89444
10.89657,10.89000,-18.55109,10.89000,1.51980,10.89000,2.42750
10.90657,10.90000,-18.81645,10.90000,1.28961,10.90000,2.04925
10.91658,10.91000,-19.10207,10.91000,1.00015,10.91000,1.76265
10.92659,10.92000,-19.40325,10.92000,0.66146,10.92000,1.56694
10.93659,10.93000,-19.71633,10.93000,0.28491,10.93000,1.45872
10.94660,10.94000,-20.03917,10.94000,-0.11760,10.94000,1.43283
10.95660,10.95000,-20.37138,10.95000,-0.53413,10.95000,1.48288
10.96661,10.96000,-20.71420,10.96000,-0.95332,10.96000,1.60147
10.97662,10.97000,-21.07012,10.97000,-1.36493,10.97000,1.78017
10.98662,10.98000,-21.44238,10.98000,-1.76031,10.98000,2.00930
10.99663,10.99000,-21.83429,10.99000,-2.13273,10.99000,2.27774
11.00663,11.00000,-22.24873,11.00000,-2.47760,11.00000,2.57274
11.01664,11.01000,-22.68752,11.01000,-2.79235,11.01000,2.87994
11.02665,11.02000,-23.15108,11.02000,-3.07619,11.02000,3.18358
11.03665,11.03000,-23.63809,11.03000,-3.32961,11.03000,3.46704
11.04666,11.04000,-24.14536,11.04000,-3.55378,11.04000,3.71360
11.05667,11.05000,-24.66782,11.05000,-3.74979,11.05000,3.90745
11.06667,11.06000,-25.19870,11.06000,-3.91799,11.06000,4.03464
11.07668,11.07000,-25.72976,11.07000,-4.05737,11.07000,4.08409
11.08668,11.08000,-26.25173,11.08000,-4.16515,11.08000,4.04840
11.09669,11.09000,-26.75481,11.09000,-4.23665,11.09000,3.92451
11.10670,11.10000,-27.22928,11.10000,-4.26554,11.10000,3.71412
11.11670,11.11000,-27.66618,11.11000,-4.24441,11.11000,3.42396
11.12671,11.12000,-28.05801,11.12000,-4.16564,11.12000,3.06570
11.13671,11.13000,-28.39929,11.13000,-4.02251,11.13000,2.65558
11.14672,11.14000,-28.68702,11.14000,-3.81027,11.14000,2.21382
11.15673,11.15000,-28.92087,11.15000,-3.52710,11.15000,1.76359
11.16673,11.16000,-29.10313,11.16000,-3.17474,11.16000,1.32985
11.17674,11.17000,-29.23842,11.17000,-2.75891,11.17000,0.93784
11.18674,11.18000,-29.33312,11.18000,-2.28942,11.18000,0.61160
11.19675,11.19000,-29.39471,11.19000,-1.77998,11.19000,0.37237
11.20676,11.20000,-29.43095,11.20000,-1.24779,11.20000,0.23720
11.21676,11.21000,-29.44913,11.21000,-0.71270,11.21000,0.21787
11.22677,11.22000,-29.45546,11.22000,-0.19604,11.22000,0.32026
11.23677,11.23000,-29.45455,11.23000,0.28094,11.23000,0.54404
11.24678,11.24000,-29.44926,11.24000,0.69872,11.24000,0.88290
11.25679,11.25000,-29.44082,11.25000,1.04110,11.25000,1.32485
11.26679,11.26000,-29.42905,11.26000,1.29644,11.26000,1.85271
11.27680,11.27000,-29.41271,11.27000,1.45831,11.27000,2.44481
11.28680,11.28000,-29.38965,11.28000,1.52547,11.28000,3.07578
11.29681,11.29000,-29.35684,11.29000,1.50142,11.29000,3.71790
11.30682,11.30000,-29.31053,11.30000,1.39349,11.30000,4.34276
11.31682,11.31000,-29.24660,11.31000,1.21185,11.31000,4.92333
11.32683,11.32000,-29.16128,11.32000,0.96828,11.32000,5.43608
11.33683,11.33000,-29.05199,11.33000,0.67508,11.33000,5.86279
11.34684,11.34000,-28.91804,11.34000,0.34396,11.34000,6.19169
11.35685,11.35000,-28.76086,11.35000,-0.01480,11.35000,6.41775
11.36685,11.36000,-28.58381,11.36000,-0.39292,11.36000,6.54220
11.37686,11.37000,-28.39142,11.37000,-0.78439,11.37000,6.57140
11.38686,11.38000,-28.18864,11.38000,-1.18529,11.38000,6.51564
11.39687,11.39000,-27.98000,11.39000,-1.59342,11.39000,6.38782
11.40688,11.40000,-27.76907,11.40000,-2.00758,11.40000,6.20238
11.41688,11.41000,-27.55811,11.41000,-2.42677,11.41000,5.97430
11.42689,11.42000,-27.34797,11.42000,-2.84948,11.42000,5.71846
11.43689,11.43000,-27.13809,11.43000,-3.27328,11.43000,5.44907
11.44690,11.44000,-26.92667,11.44000,-3.69452,11.44000,5.17939
11.45691,11.45000,-26.71099,11.45000,-4.10846,11.45000,4.92155
11.46691,11.46000,-26.48776,11.46000,-4.50939,11.46000,4.68661
11.47692,11.47000,-26.25357,11.47000,-4.89102,11.47000,4.48465
11.48692,11.48000,-26.00536,11.48000,-5.24670,11.48000,4.32490
11.49693,11.49000,-25.74091,11.49000,-5.56961,11.49000,4.21577
11.50694,11.50000,-25.45912,11.50000,-5.85286,11.50000,4.16477
11.51694,11.51000,-25.16027,11.51000,-6.08954,11.51000,4.17819
11.52695,11.52000,-24.84606,11.52000,-6.27277,11.52000,4.26074
11.53695,11.53000,-24.51945,11.53000,-6.39584,11.53000,4.41487
11.54696,11.54000,-24.18440,11.54000,-6.45243,11.54000,4.64023
11.55697,11.55000,-23.84539,11.55000,-6.43698,11.55000,4.93309
11.56697,11.56000,-23.50701,11.56000,-6.34508,11.56000,5.28595
11.57698,11.57000,-23.17340,11.57000,-6.17409,11.57000,5.68746
11.58698,11.58000,-22.84798,11.58000,-5.92367,11.58000,6.12261
11.59699,11.59000,-22.53323,11.59000,-5.59639,11.59000,6.57319
11.60700,11.60000,-22.23071,11.60000,-5.19801,11.60000,7.01860
11.61700,11.61000,-21.94131,11.61000,-4.73754,11.61000,7.43678
11.62701,11.62000,-21.66562,11.62000,-4.22684,11.62000,7.80528
11.63701,11.63000,-21.40443,11.63000,-3.68002,11.63000,8.10244
11.64702,11.64000,-21.15908,11.64000,-3.11243,11.64000,8.30856
11.65703,11.65000,-20.93180,11.65000,-2.53974,11.65000,8.40718
11.66703,11.66000,-20.72572,11.66000,-1.97679,11.66000,8.38634
11.67704,11.67000,-20.54459,11.67000,-1.43679,11.67000,8.23974
11.68705,11.68000,-20.39232,11.68000,-0.93084,11.68000,7.96773
11.69705,11.69000,-20.27229,11.69000,-0.46791,11.69000,7.57795
11.70706,11.70000,-20.18690,11.70000,-0.05529,11.70000,7.08545
11.71706,11.71000,-20.13726,11.71000,0.30094,11.71000,6.51215
11.72707,11.72000,-20.12345,11.72000,0.59543,11.72000,5.88543
11.73708,11.73000,-20.14492,11.73000,0.82334,11.73000,5.23598
11.74708,11.74000,-20.20100,11.74000,0.98033,11.74000,4.59507
11.75709,11.75000,-20.29117,11.75000,1.06290,11.75000,3.99172
11.76709,11.76000,-20.41502,11.76000,1.06916,11.76000,3.45028
11.77710,11.77000,-20.57198,11.77000,0.99972,11.77000,2.98868
11.78711,11.78000,-20.76099,11.78000,0.85841,11.78000,2.61780
11.79711,11.79000,-20.98036,11.79000,0.65228,11.79000,2.34173
11.80712,11.80000,-21.22780,11.80000,0.39093,11.80000,2.15887
11.81712,11.81000,-21.50075,11.81000,0.08543,11.81000,2.06342
11.82713,11.82000,-21.79675,11.82000,-0.25268,11.82000,2.04697
11.83714,11.83000,-22.11378,11.83000,-0.61222,11.83000,2.09990
11.84714,11.84000,-22.45046,11.84000,-0.98279,11.84000,2.21238
11.85715,11.85000,-22.80613,11.85000,-1.35506,11.85000,2.37484
11.86715,11.86000,-23.18070,11.86000,-1.72098,11.86000,2.57814
11.87716,11.87000,-23.57448,11.87000,-2.07393,11.87000,2.81323
11.88717,11.88000,-23.98792,11.88000,-2.40868,11.88000,3.07075
11.89717,11.89000,-24.42128,11.89000,-2.72130,11.89000,3.34047
11.90718,11.90000,-24.87433,11.90000,-3.00887,11.90000,3.61089
11.91718,11.91000,-25.34603,11.91000,-3.26922,11.91000,3.86914
11.92719,11.92000,-25.83428,11.92000,-3.50058,11.92000,4.10121
11.93720,11.93000,-26.33583,11.93000,-3.70129,11.93000,4.29258
11.94720,11.94000,-26.84624,11.94000,-3.86952,11.94000,4.42915
11.95721,11.95000,-27.36009,11.95000,-4.00299,11.95000,4.49834
11.96721,11.96000,-27.87122,11.96000,-4.09882,11.96000,4.49023
11.97722,11.97000,-28.37311,11.97000,-4.15348,11.97000,4.39849
11.98723,11.98000,-28.85933,11.98000,-4.16287,11.98000,4.22117
11.99723,11.99000,-29.32398,11.99000,-4.12253,11.99000,3.96112
12.00724,12.00000,-29.76210,12.00000,-4.02802,12.00000,3.62614
12.01724,12.01000,-30.17002,12.01000,-3.87537,12.01000,3.22873
12.02725,12.02000,-30.54549,12.02000,-3.66176,12.02000,2.78559
12.03726,12.03000,-30.88779,12.03000,-3.38615,12.03000,2.31677
12.04726,12.04000,-31.19758,12.04000,-3.04992,12.04000,1.84475
12.05727,12.05000,-31.47664,12.05000,-2.65738,12.05000,1.39331
12.06727,12.06000,-31.72762,12.06000,-2.21605,12.06000,0.98634
12.07728,12.07000,-31.95368,12.07000,-1.73668,12.07000,0.64668
12.08729,12.08000,-32.15821,12.08000,-1.23306,12.08000,0.39479
12.09729,12.09000,-32.34443,12.09000,-0.72153,12.09000,0.24757
12.10730,12.10000,-32.51513,12.10000,-0.22015,12.10000,0.21730
12.11730,12.11000,-32.67226,12.11000,0.25240,12.11000,0.31076
12.12731,12.12000,-32.81670,12.12000,0.67826,12.12000,0.52871
12.13732,12.13000,-32.94819,12.13000,1.04188,12.13000,0.86570
12.14732,12.14000,-33.06555,12.14000,1.33130,12.14000,1.31020
12.15733,12.15000,-33.16712,12.15000,1.53905,12.15000,1.84502
12.16733,12.16000,-33.25118,12.16000,1.66234,12.16000,2.44799
12.17734,12.17000,-33.31622,12.17000,1.70276,12.17000,3.09305
12.18735,12.18000,-33.36097,12.18000,1.66545,12.18000,3.75172
12.19735,12.19000,-33.38427,12.19000,1.55807,12.19000,4.39502
12.20736,12.20000,-33.38513,12.20000,1.38963,12.20000,4.99550
12.21736,12.21000,-33.36296,12.21000,1.16960,12.21000,5.52936
12.22737,12.22000,-33.31794,12.22000,0.90705,12.22000,5.97813
12.23738,12.23000,-33.25131,12.23000,0.61008,12.23000,6.32967
12.24738,12.24000,-33.16525,12.24000,0.28528,12.24000,6.57830
12.25739,12.25000,-33.06244,12.25000,-0.06238,12.25000,6.72421
12.26739,12.26000,-32.94536,12.26000,-0.42957,12.26000,6.77230
12.27740,12.27000,-32.81565,12.27000,-0.81422,12.27000,6.73086
12.28741,12.28000,-32.67362,12.28000,-1.21494,12.28000,6.61047
12.29741,12.29000,-32.51820,12.29000,-1.63031,12.29000,6.42310
12.30742,12.30000,-32.34718,12.30000,-2.05821,12.30000,6.18151
12.31743,12.31000,-32.15770,12.31000,-2.49530,12.31000,5.89889
12.32743,12.32000,-31.94676,12.32000,-2.93677,12.32000,5.58866
12.33744,12.33000,-31.71181,12.33000,-3.37638,12.33000,5.26430
12.34744,12.34000,-31.45120,12.34000,-3.80671,12.34000,4.93923
12.35745,12.35000,-31.16445,12.35000,-4.21962,12.35000,4.62659
12.36746,12.36000,-30.85246,12.36000,-4.60686,12.36000,4.33912
12.37746,12.37000,-30.51751,12.37000,-4.96054,12.37000,4.08885
12.38747,12.38000,-30.16331,12.38000,-5.27357,12.38000,3.88695
12.39747,12.39000,-29.79485,12.39000,-5.53987,12.39000,3.74339
12.40748,12.40000,-29.41823,12.40000,-5.75444,12.40000,3.66661
12.41749,12.41000,-29.04038,12.41000,-5.91335,12.41000,3.66313
12.42749,12.42000,-28.66865,12.42000,-6.01355,12.42000,3.73700
12.43750,12.43000,-28.31035,12.43000,-6.05280,12.43000,3.88931
12.44750,12.44000,-27.97220,12.44000,-6.02960,12.44000,4.11765
12.45751,12.45000,-27.65978,12.45000,-5.94332,12.45000,4.41573
12.46752,12.46000,-27.37711,12.46000,-5.79432,12.46000,4.77313
12.47752,12.47000,-27.12629,12.47000,-5.58422,12.47000,5.17547
12.48753,12.48000,-26.90739,12.48000,-5.31611,12.48000,5.60473
12.49753,12.49000,-26.71856,12.49000,-4.99470,12.49000,6.03999
12.50754,12.50000,-26.55635,12.50000,-4.62631,12.50000,6.45840
12.51755,12.51000,-26.41617,12.51000,-4.21881,12.51000,6.83631
12.52755,12.52000,-26.29290,12.52000,-3.78129,12.52000,7.15053
12.53756,12.53000,-26.18155,12.53000,-3.32372,12.53000,7.37966
12.54756,12.54000,-26.07780,12.54000,-2.85644,12.54000,7.50537
12.55757,12.55000,-25.97856,12.55000,-2.38969,12.55000,7.51382
12.56758,12.56000,-25.88220,12.56000,-1.93323,12.56000,7.39689
12.57758,12.57000,-25.78864,12.57000,-1.49611,12.57000,7.15324
12.58759,12.58000,-25.69927,12.58000,-1.08670,12.58000,6.78894
12.59759,12.59000,-25.61680,12.59000,-0.71288,12.59000,6.31764
12.60760,12.60000,-25.54509,12.60000,-0.38213,12.60000,5.75989
12.61761,12.61000,-25.48904,12.61000,-0.10163,12.61000,5.14169
12.62761,12.62000,-25.45436,12.62000,0.12192,12.62000,4.49241
12.63762,12.63000,-25.44711,12.63000,0.28246,12.63000,3.84216
12.64762,12.64000,-25.47312,12.64000,0.37497,12.64000,3.21918
12.65763,12.65000,-25.53732,12.65000,0.39610,12.65000,2.64768
12.66764,12.66000,-25.64315,12.66000,0.34484,12.66000,2.14631
12.67764,12.67000,-25.79227,12.67000,0.22306,12.67000,1.72758
12.68765,12.68000,-25.98459,12.68000,0.03559,12.68000,1.39812
12.69765,12.69000,-26.21858,12.69000,-0.21018,12.69000,1.15950
12.70766,12.70000,-26.49178,12.70000,-0.50508,12.70000,1.00943
12.71767,12.71000,-26.80126,12.71000,-0.83892,12.71000,0.94287
12.72767,12.72000,-27.14405,12.72000,-1.20124,12.72000,0.95298
12.73768,12.73000,-27.51732,12.73000,-1.58172,12.73000,1.03179
12.74768,12.74000,-27.91856,12.74000,-1.97063,12.74000,1.17055
12.75769,12.75000,-28.34554,12.75000,-2.35913,12.75000,1.35986
12.76770,12.76000,-28.79623,12.76000,-2.73946,12.76000,1.58959
12.77770,12.77000,-29.26876,12.77000,-3.10514,12.77000,1.84876
12.78771,12.78000,-29.76126,12.78000,-3.45104,12.78000,2.12541
12.79771,12.79000,-30.27172,12.79000,-3.77332,12.79000,2.40655
12.80772,12.80000,-30.79779,12.80000,-4.06930,12.80000,2.67826
12.81773,12.81000,-31.33656,12.81000,-4.33718,12.81000,2.92607
12.82773,12.82000,-31.88440,12.82000,-4.57557,12.82000,3.13549
12.83774,12.83000,-32.43676,12.83000,-4.78294,12.83000,3.29267
12.84774,12.84000,-32.98805,12.84000,-4.95699,12.84000,3.38522
12.85775,12.85000,-33.53161,12.85000,-5.09423,12.85000,3.40294
12.86776,12.86000,-34.05987,12.86000,-5.18979,12.86000,3.33857
12.87776,12.87000,-34.56462,12.87000,-5.23762,12.87000,3.18850
12.88777,12.88000,-35.03751,12.88000,-5.23100,12.88000,2.95347
12.89777,12.89000,-35.47070,12.89000,-5.16322,12.89000,2.63902
12.90778,12.90000,-35.85746,12.90000,-5.02846,12.90000,2.25581
12.91779,12.91000,-36.19285,12.91000,-4.82258,12.91000,1.81947
12.92779,12.92000,-36.47417,12.92000,-4.54396,12.92000,1.35007
12.93780,12.93000,-36.70130,12.93000,-4.19407,12.93000,0.87113
12.94781,12.94000,-36.87674,12.94000,-3.77780,12.94000,0.40833
12.95781,12.95000,-37.00546,12.95000,-3.30355,12.95000,-0.01209
12.96782,12.96000,-37.09454,12.96000,-2.78315,12.96000,-0.36503
12.97782,12.97000,-37.15252,12.97000,-2.23148,12.97000,-0.62822
12.98783,12.98000,-37.18869,12.98000,-1.66601,12.98000,-0.78368
12.99784,12.99000,-37.21216,12.99000,-1.10597,12.99000,-0.81896
13.00784,13.00000,-37.23104,13.00000,-0.57124,13.00000,-0.72779
13.01785,13.01000,-37.25176,13.01000,-0.08104,13.01000,-0.51048
13.02785,13.02000,-37.27871,13.02000,0.34756,13.02000,-0.17371
13.03786,13.03000,-37.31419,13.03000,0.70086,13.03000,0.26977
13.04787,13.04000,-37.35870,13.04000,0.96956,13.04000,0.80178
13.05787,13.05000,-37.41121,13.05000,1.14913,13.05000,1.39942
13.06788,13.06000,-37.46932,13.06000,1.23971,13.06000,2.03617
13.07788,13.07000,-37.52939,13.07000,1.24556,13.07000,2.68333
13.08789,13.08000,-37.58649,13.08000,1.17405,13.08000,3.31184
13.09790,13.09000,-37.63481,13.09000,1.03452,13.09000,3.89444
13.10790,13.10000,-37.66822,13.10000,0.83726,13.10000,4.40784
13.11791,13.11000,-37.68131,13.11000,0.59259,13.11000,4.83445
13.12791,13.12000,-37.67015,13.12000,0.31017,13.12000,5.16350
13.13792,13.13000,-37.63289,13.13000,-0.00141,13.13000,5.39108
13.14793,13.14000,-37.56974,13.14000,-0.33498,13.14000,5.51952
13.15793,13.15000,-37.48251,13.15000,-0.68488,13.15000,5.55608
13.16794,13.16000,-37.37389,13.16000,-1.04692,13.16000,5.51151
13.17794,13.17000,-37.24676,13.17000,-1.41810,13.17000,5.39874
13.18795,13.18000,-37.10363,13.18000,-1.79610,13.18000,5.23165
13.19796,13.19000,-36.94632,13.19000,-2.17864,13.19000,5.02430
13.20796,13.20000,-36.77580,13.20000,-2.56308,13.20000,4.79026
13.21797,13.21000,-36.59208,13.21000,-2.94619,13.21000,4.54216
13.22797,13.22000,-36.39429,13.22000,-3.32415,13.22000,4.29150
13.23798,13.23000,-36.18069,13.23000,-3.69274,13.23000,4.04855
13.24799,13.24000,-35.94897,13.24000,-4.04755,13.24000,3.82249
13.25799,13.25000,-35.69656,13.25000,-4.38414,13.25000,3.62157
13.26800,13.26000,-35.42112,13.26000,-4.69808,13.26000,3.45340
13.27800,13.27000,-35.12104,13.27000,-4.98483,13.27000,3.32524
13.28801,13.28000,-34.79589,13.28000,-5.23960,13.28000,3.24398
13.29802,13.29000,-34.44671,13.29000,-5.45715,13.29000,3.21610
13.30802,13.30000,-34.07621,13.30000,-5.63162,13.30000,3.24726
13.31803,13.31000,-33.68874,13.31000,-5.75662,13.31000,3.34173
13.32803,13.32000,-33.29006,13.32000,-5.82545,13.32000,3.50171
13.33804,13.33000,-32.88700,13.33000,-5.83161,13.33000,3.72655
13.34805,13.34000,-32.48695,13.34000,-5.76943,13.34000,4.01211
13.35805,13.35000,-32.09727,13.35000,-5.63484,13.35000,4.35037
13.36806,13.36000,-31.72478,13.36000,-5.42612,13.36000,4.72929
13.37806,13.37000,-31.37525,13.37000,-5.14447,13.37000,5.13312
13.38807,13.38000,-31.05314,13.38000,-4.79444,13.38000,5.54297
13.39808,13.39000,-30.76145,13.39000,-4.38386,13.39000,5.93777
13.40808,13.40000,-30.50178,13.40000,-3.92354,13.40000,6.29542
13.41809,13.41000,-30.27464,13.41000,-3.42651,13.41000,6.59399
13.42809,13.42000,-30.07969,13.42000,-2.90706,13.42000,6.81306
13.43810,13.43000,-29.91612,13.43000,-2.37977,13.43000,6.93500
13.44811,13.44000,-29.78289,13.44000,-1.85837,13.44000,6.94628
13.45811,13.45000,-29.67883,13.45000,-1.35502,13.45000,6.83861
13.46812,13.46000,-29.60260,13.46000,-0.87985,13.46000,6.60985
13.47812,13.47000,-29.55275,13.47000,-0.44095,13.47000,6.26466
13.48813,13.48000,-29.52775,13.48000,-0.04473,13.48000,5.81467
13.49814,13.49000,-29.52634,13.49000,0.30371,13.49000,5.27803
13.50814,13.50000,-29.54788,13.50000,0.60014,13.50000,4.67824
13.51815,13.51000,-29.59271,13.51000,0.84090,13.51000,4.04241
13.52815,13.52000,-29.66217,13.52000,1.02267,13.52000,3.39895
13.53816,13.53000,-29.75826,13.53000,1.14253,13.53000,2.77520
13.54817,13.54000,-29.88309,13.54000,1.19844,13.54000,2.19527
13.55817,13.55000,-30.03823,13.55000,1.18985,13.55000,1.67832
13.56818,13.56000,-30.22419,13.56000,1.11834,13.56000,1.23784
13.57819,13.57000,-30.44030,13.57000,0.98790,13.57000,0.88151
13.58819,13.58000,-30.68485,13.58000,0.80463,13.58000,0.61194
13.59820,13.59000,-30.95552,13.59000,0.57611,13.59000,0.42767
13.60820,13.60000,-31.24988,13.60000,0.31074,13.60000,0.32433
13.61821,13.61000,-31.56577,13.61000,0.01715,13.61000,0.29562
13.62822,13.62000,-31.90160,13.62000,-0.29608,13.62000,0.33412
13.63822,13.63000,-32.25636,13.63000,-0.62077,13.63000,0.43167
13.64823,13.64000,-32.62956,13.64000,-0.94937,13.64000,0.57963
13.65823,13.65000,-33.02113,13.65000,-1.27522,13.65000,0.76888
13.66824,13.66000,-33.43113,13.66000,-1.59263,13.66000,0.98964
13.67825,13.67000,-33.85960,13.67000,-1.89693,13.67000,1.23134
13.68825,13.68000,-34.30630,13.68000,-2.18440,13.68000,1.48238
13.69826,13.69000,-34.77044,13.69000,-2.45207,13.69000,1.73015
13.70826,13.70000,-35.25049,13.70000,-2.69754,13.70000,1.96114
13.71827,13.71000,-35.74389,13.71000,-2.91857,13.71000,2.16141
13.72828,13.72000,-36.24690,13.72000,-3.11267,13.72000,2.31719
13.73828,13.73000,-36.75444,13.73000,-3.27674,13.73000,2.41566
13.74829,13.74000,-37.26011,13.74000,-3.40673,13.74000,2.44591
13.75829,13.75000,-37.75628,13.75000,-3.49762,13.75000,2.39983
13.76830,13.76000,-38.23440,13.76000,-3.54352,13.76000,2.27302
13.77831,13.77000,-38.68554,13.77000,-3.53808,13.77000,2.06559
13.78831,13.78000,-39.10098,13.78000,-3.47493,13.78000,1.78269
13.79832,13.79000,-39.47295,13.79000,-3.34837,13.79000,1.43470
13.80832,13.80000,-39.79537,13.80000,-3.15416,13.80000,1.03707
13.81833,13.81000,-40.06440,13.81000,-2.89025,13.81000,0.60965
13.82834,13.82000,-40.27897,13.82000,-2.55750,13.82000,0.17579
13.83834,13.83000,-40.44088,13.83000,-2.16017,13.83000,-0.23900
13.84835,13.84000,-40.55475,13.84000,-1.70619,13.84000,-0.60850
13.85835,13.85000,-40.62766,13.85000,-1.20713,13.85000,-0.90744
13.86836,13.86000,-40.66847,13.86000,-0.67798,13.86000,-1.11313
13.87837,13.87000,-40.68700,13.87000,-0.13648,13.87000,-1.20718
13.88837,13.88000,-40.69299,13.88000,0.39790,13.88000,-1.17685
13.89838,13.89000,-40.69510,13.89000,0.90538,13.89000,-1.01620
13.90838,13.90000,-40.70005,13.90000,1.36741,13.90000,-0.72663
13.91839,13.91000,-40.71203,13.91000,1.76809,13.91000,-0.31692
13.92840,13.92000,-40.73262,13.92000,2.09539,13.92000,0.19715
13.93840,13.93000,-40.76104,13.93000,2.34182,13.93000,0.79375
13.94841,13.94000,-40.79456,13.94000,2.50479,13.94000,1.44629
13.95841,13.95000,-40.82889,13.95000,2.58632,13.95000,2.12523
13.96842,13.96000,-40.85849,13.96000,2.59233,13.96000,2.80019
13.97843,13.97000,-40.87688,13.97000,2.53143,13.97000,3.44244
13.98843,13.98000,-40.87725,13.98000,2.41360,13.98000,4.02718
13.99844,13.99000,-40.85336,13.99000,2.24909,13.99000,4.53555
14.00844,14.00000,-40.80057,14.00000,2.04760,14.00000,4.95566
14.01845,14.01000,-40.71664,14.01000,1.81774,14.01000,5.28277
14.02846,14.02000,-40.60212,14.02000,1.56661,14.02000,5.51843
14.03846,14.03000,-40.46003,14.03000,1.29952,14.03000,5.66890
14.04847,14.04000,-40.29514,14.04000,1.01990,14.04000,5.74335
14.05847,14.05000,-40.11300,14.05000,0.72949,14.05000,5.75223
14.06848,14.06000,-39.91890,14.06000,0.42880,14.06000,5.70593
14.07849,14.07000,-39.71715,14.07000,0.11778,14.07000,5.61405
14.08849,14.08000,-39.51045,14.08000,-0.20364,14.08000,5.48493
14.09850,14.09000,-39.29965,14.09000,-0.53511,14.09000,5.32572
14.10850,14.10000,-39.08367,14.10000,-0.87562,14.10000,5.14262
14.11851,14.11000,-38.85974,14.11000,-1.22334,14.11000,4.94139
14.12852,14.12000,-38.62387,14.12000,-1.57566,14.12000,4.72789
14.13852,14.13000,-38.37142,14.13000,-1.92916,14.13000,4.50874
14.14853,14.14000,-38.09791,14.14000,-2.27963,14.14000,4.29176
14.15853,14.15000,-37.79972,14.15000,-2.62202,14.15000,4.08620
14.16854,14.16000,-37.47472,14.16000,-2.95039,14.16000,3.90267
14.17855,14.17000,-37.12278,14.17000,-3.25791,14.17000,3.75262
14.18855,14.18000,-36.74600,14.18000,-3.53683,14.18000,3.64767
14.19856,14.19000,-36.34878,14.19000,-3.77862,14.19000,3.59864
14.20857,14.20000,-35.93763,14.20000,-3.97406,14.20000,3.61452
14.21857,14.21000,-35.52082,14.21000,-4.11352,14.21000,3.70141
14.22858,14.22000,-35.10781,14.22000,-4.18736,14.22000,3.86158
14.23858,14.23000,-34.70853,14.23000,-4.18647,14.23000,4.09273
14.24859,14.24000,-34.33260,14.24000,-4.10306,14.24000,4.38743
14.25860,14.25000,-33.98844,14.25000,-3.93155,14.25000,4.73307
14.26860,14.26000,-33.68258,14.26000,-3.66950,14.26000,5.11212
14.27861,14.27000,-33.41904,14.27000,-3.31831,14.27000,5.50288
14.28861,14.28000,-33.19905,14.28000,-2.88353,14.28000,5.88062
14.29862,14.29000,-33.02102,14.29000,-2.37479,14.29000,6.21913
14.30863,14.30000,-32.88087,14.30000,-1.80522,14.30000,6.49244
14.31863,14.31000,-32.77256,14.31000,-1.19070,14.31000,6.67676
14.32864,14.32000,-32.68872,14.32000,-0.54891,14.32000,6.75253
14.33864,14.33000,-32.62134,14.33000,0.10153,14.33000,6.70620
14.34865,14.34000,-32.56239,14.34000,0.74183,14.34000,6.53176
14.35866,14.35000,-32.50438,14.35000,1.35375,14.35000,6.23158
14.36866,14.36000,-32.44094,14.36000,1.92033,14.36000,5.81652
14.37867,14.37000,-32.36745,14.37000,2.42673,14.37000,5.30516
14.38867,14.38000,-32.28159,14.38000,2.86098,14.38000,4.72219
14.39868,14.39000,-32.18376,14.39000,3.21456,14.39000,4.09614
14.40869,14.40000,-32.07694,14.40000,3.48259,14.40000,3.45664
14.41869,14.41000,-31.96625,14.41000,3.66391,14.41000,2.83169
14.42870,14.42000,-31.85806,14.42000,3.76088,14.42000,2.24524
14.43870,14.43000,-31.75892,14.43000,3.77926,14.43000,1.71546
14.44871,14.44000,-31.67464,14.44000,3.72787,14.44000,1.25391
14.45872,14.45000,-31.60958,14.45000,3.61803,14.45000,0.86567
14.46872,14.46000,-31.56624,14.46000,3.46253,14.46000,0.55041
14.47873,14.47000,-31.54531,14.47000,3.27448,14.47000,0.30380
14.48873,14.48000,-31.54578,14.48000,3.06616,14.48000,0.11923
14.49874,14.49000,-31.56541,14.49000,2.84815,14.49000,-0.01068
14.50875,14.50000,-31.60101,14.50000,2.62897,14.50000,-0.09302
14.51875,14.51000,-31.64890,14.51000,2.41483,14.51000,-0.13397
14.52876,14.52000,-31.70513,14.52000,2.20974,14.52000,-0.13860
14.53876,14.53000,-31.76580,14.53000,2.01575,14.53000,-0.11118
14.54877,14.54000,-31.82716,14.54000,1.83338,14.54000,-0.05566
14.55878,14.55000,-31.88574,14.55000,1.66214,14.55000,0.02378
14.56878,14.56000,-31.93839,14.56000,1.50113,14.56000,0.12213
14.57879,14.57000,-31.98237,14.57000,1.34962,14.57000,0.23323
14.58879,14.58000,-32.01532,14.58000,1.20746,14.58000,0.34949
14.59880,14.59000,-32.03539,14.59000,1.07543,14.59000,0.46196
14.60881,14.60000,-32.04114,14.60000,0.95545,14.60000,0.56052
14.61881,14.61000,-32.03157,14.61000,0.85063,14.61000,0.63430
14.62882,14.62000,-32.00597,14.62000,0.76517,14.62000,0.67231
14.63882,14.63000,-31.96384,14.63000,0.70416,14.63000,0.66414
14.64883,14.64000,-31.90470,14.64000,0.67332,14.64000,0.60086
14.65884,14.65000,-31.82801,14.65000,0.67869,14.65000,0.47588
14.66884,14.66000,-31.73313,14.66000,0.72636,14.66000,0.28584
14.67885,14.67000,-31.61928,14.67000,0.82211,14.67000,0.03149
14.68885,14.68000,-31.48569,14.68000,0.97109,14.68000,-0.28177
14.69886,14.69000,-31.33175,14.69000,1.17739,14.69000,-0.64341
14.70887,14.70000,-31.15718,14.70000,1.44363,14.70000,-1.03780
14.71887,14.71000,-30.96226,14.71000,1.77041,14.71000,-1.44463
14.72888,14.72000,-30.74800,14.72000,2.15597,14.72000,-1.83980
14.73888,14.73000,-30.51617,14.73000,2.59589,14.73000,-2.19690
14.74889,14.74000,-30.26921,14.74000,3.08300,14.74000,-2.48926
14.75890,14.75000,-30.00993,14.75000,3.60749,14.75000,-2.69236
14.76890,14.76000,-29.74102,14.76000,4.15711,14.76000,-2.78647
14.77891,14.77000,-29.46431,14.77000,4.71748,14.77000,-2.75914
14.78891,14.78000,-29.17996,14.78000,5.27247,14.78000,-2.60718
14.79892,14.79000,-28.88571,14.79000,5.80487,14.79000,-2.33759
14.80893,14.80000,-28.57631,14.80000,6.29735,14.80000,-1.96738
14.81893,14.81000,-28.24326,14.81000,6.73390,14.81000,-1.52205
14.82894,14.82000,-27.87501,14.82000,7.10157,14.82000,-1.03291
14.83895,14.83000,-27.45754,14.83000,7.39182,14.83000,-0.53374
14.84895,14.84000,-26.97530,14.84000,7.60106,14.84000,-0.05731
14.85896,14.85000,-26.41245,14.85000,7.73005,14.85000,0.36788
14.86896,14.86000,-25.75441,14.86000,7.78283,14.86000,0.72008
14.87897,14.87000,-24.98950,14.87000,7.76570,14.87000,0.98574
14.88898,14.88000,-24.11043,14.88000,7.68664,14.88000,1.15980
14.89898,14.89000,-23.11518,14.89000,7.55476,14.89000,1.24504
14.90899,14.90000,-22.00707,14.90000,7.37969,14.90000,1.25039
14.91899,14.91000,-20.79414,14.91000,7.17088,14.91000,1.18886
14.92900,14.92000,-19.48798,14.92000,6.93691,14.92000,1.07536
14.93901,14.93000,-18.10230,14.93000,6.68519,14.93000,0.92471
14.94901,14.94000,-16.65159,14.94000,6.42190,14.94000,0.75032
14.95902,14.95000,-15.14982,14.95000,6.15209,14.95000,0.56328
14.96902,14.96000,-13.60959,14.96000,5.87997,14.96000,0.37214
14.97903,14.97000,-12.04143,14.97000,5.60911,14.97000,0.18304
14.98904,14.98000,-10.45348,14.98000,5.34260,14.98000,0.00010
14.99904,14.99000,-8.85148,14.99000,5.08328,14.99000,-0.17396
15.00905,15.00000,-7.23886,15.00000,4.83393,15.00000,-0.33729
15.01905,15.01000,-5.61710,15.01000,4.59746,15.01000,-0.48834
15.02906,15.02000,-3.98610,15.02000,4.37694,15.02000,-0.62555
15.03907,15.03000,-2.34460,15.03000,4.17568,15.03000,-0.74727
15.04907,15.04000,-0.69058,15.04000,3.99710,15.04000,-0.85186
15.05908,15.05000,0.97839,15.05000,3.84460,15.05000,-0.93800
15.06908,15.06000,2.66490,15.06000,3.72135,15.06000,-1.00511
15.07909,15.07000,4.37142,15.07000,3.63001,15.07000,-1.05374
15.08910,15.08000,6.10012,15.08000,3.57243,15.08000,-1.08591
15.09910,15.09000,7.85272,15.09000,3.54930,15.09000,-1.10527
15.10911,15.10000,9.63034,15.10000,3.55994,15.10000,-1.11702
15.11911,15.11000,11.43338,15.11000,3.60216,15.11000,-1.12763
15.12912,15.12000,13.26145,15.12000,3.67221,15.12000,-1.14429
15.13913,15.13000,15.11328,15.13000,3.76498,15.13000,-1.17432
15.14913,15.14000,16.98671,15.14000,3.87417,15.14000,-1.22446
15.15914,15.15000,18.87875,15.15000,3.99271,15.15000,-1.30018
15.16914,15.16000,20.78567,15.16000,4.11305,15.16000,-1.40507
15.17915,15.17000,22.70314,15.17000,4.22770,15.17000,-1.54033
15.18916,15.18000,24.62644,15.18000,4.32972,15.18000,-1.70442
15.19916,15.19000,26.55067,15.19000,4.41327,15.19000,-1.89282
15.20917,15.20000,28.47107,15.20000,4.47404,15.20000,-2.09813
15.21917,15.21000,30.38324,15.21000,4.50967,15.21000,-2.31043
15.22918,15.22000,32.28340,15.22000,4.51983,15.22000,-2.51802
15.23919,15.23000,34.16858,15.23000,4.50621,15.23000,-2.70862
15.24919,15.24000,36.03660,15.24000,4.47218,15.24000,-2.87064
15.25920,15.25000,37.88611,15.25000,4.42238,15.25000,-2.99457
15.26920,15.26000,39.71631,15.26000,4.36207,15.26000,-3.07402
15.27921,15.27000,41.52673,15.27000,4.29658,15.27000,-3.10634
15.28922,15.28000,43.31680,15.28000,4.23073,15.28000,-3.09262
15.29922,15.29000,45.08549,15.29000,4.16847,15.29000,-3.03725
15.30923,15.30000,46.83098,15.30000,4.11279,15.30000,-2.94705
15.31923,15.31000,48.55052,15.31000,4.06568,15.31000,-2.83036
15.32924,15.32000,50.24043,15.32000,4.02817,15.32000,-2.69616
15.33925,15.33000,51.89639,15.33000,4.00043,15.33000,-2.55333
15.34925,15.34000,53.51370,15.34000,3.98177,15.34000,-2.41013
15.35926,15.35000,55.08774,15.35000,3.97073,15.35000,-2.27378
15.36926,15.36000,56.61429,15.36000,3.96527,15.36000,-2.15016
15.37927,15.37000,58.08973,15.37000,3.96303,15.37000,-2.04358
15.38928,15.38000,59.51111,15.38000,3.96164,15.38000,-1.95661
15.39928,15.39000,60.87610,15.39000,3.95905,15.39000,-1.88999
15.40929,15.40000,62.18285,15.40000,3.95380,15.40000,-1.84258
15.41929,15.41000,63.42979,15.41000,3.94516,15.41000,-1.81147
15.42930,15.42000,64.61554,15.42000,3.93316,15.42000,-1.79221
15.43931,15.43000,65.73885,15.43000,3.91853,15.43000,-1.77919
15.44931,15.44000,66.79863,15.44000,3.90263,15.44000,-1.76616
15.45932,15.45000,67.79417,15.45000,3.88734,15.45000,-1.74689
15.46932,15.46000,68.72526,15.46000,3.87496,15.46000,-1.71582
15.47933,15.47000,69.59244,15.47000,3.86808,15.47000,-1.66873
15.48934,15.48000,70.39713,15.48000,3.86939,15.48000,-1.60325
15.49934,15.49000,71.14170,15.49000,3.88134,15.49000,-1.51905
15.50935,15.50000,71.82952,15.50000,3.90585,15.50000,-1.41786
15.51936,15.51000,72.46473,15.51000,3.94393,15.51000,-1.30307
15.52936,15.52000,73.05206,15.52000,3.99552,15.52000,-1.17927
15.53937,15.53000,73.59659,15.53000,4.05940,15.53000,-1.05158
15.54937,15.54000,74.10337,15.54000,4.13331,15.54000,-0.92500
15.55938,15.55000,74.57728,15.55000,4.21412,15.55000,-0.80386
15.56939,15.56000,75.02277,15.56000,4.29819,15.56000,-0.69142
15.57939,15.57000,75.44379,15.57000,4.38165,15.57000,-0.58957
15.58940,15.58000,75.84366,15.58000,4.46074,15.58000,-0.49882
15.59940,15.59000,76.22508,15.59000,4.53200,15.59000,-0.41839
15.60941,15.60000,76.59012,15.60000,4.59252,15.60000,-0.34649
15.61942,15.61000,76.94025,15.61000,4.64007,15.61000,-0.28070
15.62942,15.62000,77.27641,15.62000,4.67314,15.62000,-0.21835
15.63943,15.63000,77.59899,15.63000,4.69101,15.63000,-0.15699
15.64943,15.64000,77.90810,15.64000,4.69366,15.64000,-0.09474
15.65944,15.65000,78.20355,15.65000,4.68167,15.65000,-0.03051
15.66945,15.66000,78.48512,15.66000,4.65605,15.66000,0.03583
15.67945,15.67000,78.75261,15.67000,4.61809,15.67000,0.10349
15.68946,15.68000,79.00604,15.68000,4.56919,15.68000,0.17092
15.69946,15.69000,79.24573,15.69000,4.51075,15.69000,0.23602
15.70947,15.70000,79.47232,15.70000,4.44407,15.70000,0.29641
15.71948,15.71000,79.68685,15.71000,4.37032,15.71000,0.34974
15.72948,15.72000,79.89066,15.72000,4.29059,15.72000,0.39386
15.73949,15.73000,80.08538,15.73000,4.20593,15.73000,0.42701
15.74949,15.74000,80.27281,15.74000,4.11748,15.74000,0.44793
15.75950,15.75000,80.45483,15.75000,4.02647,15.75000,0.45582
15.76951,15.76000,80.63326,15.76000,3.93439,15.76000,0.45033
15.77951,15.77000,80.80984,15.77000,3.84290,15.77000,0.43148
15.78952,15.78000,80.98612,15.78000,3.75387,15.78000,0.39954
15.79952,15.79000,81.16348,15.79000,3.66926,15.79000,0.35504
15.80953,15.80000,81.34312,15.80000,3.59102,15.80000,0.29870
15.81954,15.81000,81.52613,15.81000,3.52088,15.81000,0.23149
15.82954,15.82000,81.71346,15.82000,3.46029,15.82000,0.15469
15.83955,15.83000,81.90600,15.83000,3.41014,15.83000,0.06998
15.84955,15.84000,82.10449,15.84000,3.37070,15.84000,-0.02054
15.85956,15.85000,82.30950,15.85000,3.34146,15.85000,-0.11429
15.86957,15.86000,82.52134,15.86000,3.32110,15.86000,-0.20827
15.87957,15.87000,82.73988,15.87000,3.30750,15.87000,-0.29912
15.88958,15.88000,82.96452,15.88000,3.29790,15.88000,-0.38333
15.89958,15.89000,83.19408,15.89000,3.28909,15.89000,-0.45733
15.90959,15.90000,83.42680,15.90000,3.27773,15.90000,-0.51780
15.91960,15.91000,83.66042,15.91000,3.26070,15.91000,-0.56180
15.92960,15.92000,83.89224,15.92000,3.23548,15.92000,-0.58703
15.93961,15.93000,84.11932,15.93000,3.20045,15.93000,-0.59197
15.94961,15.94000,84.33866,15.94000,3.15505,15.94000,-0.57592
15.95962,15.95000,84.54757,15.95000,3.09979,15.95000,-0.53901
15.96963,15.96000,84.74386,15.96000,3.03610,15.96000,-0.48207
15.97963,15.97000,84.92620,15.97000,2.96606,15.97000,-0.40652
15.98964,15.98000,85.09422,15.98000,2.89221,15.98000,-0.31422
15.99964,15.99000,85.24859,15.99000,2.81719,15.99000,-0.20731
16.00965,16.00000,85.39085,16.00000,2.74361,16.00000,-0.08821
16.01966,16.01000,85.52329,16.01000,2.67383,16.01000,0.04044
16.02966,16.02000,85.64853,16.02000,2.60988,16.02000,0.17575
16.03967,16.03000,85.76929,16.03000,2.55332,16.03000,0.31456
16.04967,16.04000,85.88800,16.04000,2.50527,16.04000,0.45346
16.05968,16.05000,86.00660,16.05000,2.46632,16.05000,0.58891
16.06969,16.06000,86.12635,16.06000,2.43654,16.06000,0.71735
16.07969,16.07000,86.24773,16.07000,2.41549,16.07000,0.83544
16.08970,16.08000,86.37052,16.08000,2.40226,16.08000,0.94028
16.09970,16.09000,86.49384,16.09000,2.39553,16.09000,1.02967
16.10971,16.10000,86.61633,16.10000,2.39368,16.10000,1.10221
16.11972,16.11000,86.73632,16.11000,2.39488,16.11000,1.15740
16.12972,16.12000,86.85209,16.12000,2.39722,16.12000,1.19561
16.13973,16.13000,86.96195,16.13000,2.39881,16.13000,1.21792
16.14974,16.14000,87.06444,16.14000,2.39785,16.14000,1.22594
16.15974,16.15000,87.15843,16.15000,2.39274,16.15000,1.22160
16.16975,16.16000,87.24318,16.16000,2.38217,16.16000,1.20691
16.17975,16.17000,87.31834,16.17000,2.36521,16.17000,1.18379
16.18976,16.18000,87.38397,16.18000,2.34135,16.18000,1.15392
16.19977,16.19000,87.44046,16.19000,2.31055,16.19000,1.11866
16.20977,16.20000,87.48856,16.20000,2.27320,16.20000,1.07905
16.21978,16.21000,87.52922,16.21000,2.23004,16.21000,1.03584
16.22978,16.22000,87.56355,16.22000,2.18210,16.22000,0.98956
16.23979,16.23000,87.59271,16.23000,2.13050,16.23000,0.94059
16.24980,16.24000,87.61787,16.24000,2.07639,16.24000,0.88930
16.25980,16.25000,87.64011,16.25000,2.02077,16.25000,0.83606
16.26981,16.26000,87.66037,16.26000,1.96444,16.26000,0.78137
16.27981,16.27000,87.67947,16.27000,1.90794,16.27000,0.72577
16.28982,16.28000,87.69812,16.28000,1.85147,16.28000,0.66989
16.29983,16.29000,87.71694,16.29000,1.79496,16.29000,0.61434
16.30983,16.30000,87.73658,16.30000,1.73804,16.30000,0.55968
16.31984,16.31000,87.75777,16.31000,1.68012,16.31000,0.50635
16.32984,16.32000,87.78145,16.32000,1.62049,16.32000,0.45462
16.33985,16.33000,87.80881,16.33000,1.55836,16.33000,0.40454
16.34986,16.34000,87.84139,16.34000,1.49302,16.34000,0.35595
16.35986,16.35000,87.88108,16.35000,1.42392,16.35000,0.30849
16.36987,16.36000,87.93011,16.36000,1.35079,16.36000,0.26162
16.37987,16.37000,87.99099,16.37000,1.27368,16.37000,0.21470
16.38988,16.38000,88.06642,16.38000,1.19305,16.38000,0.16708
16.39989,16.39000,88.15909,16.39000,1.10971,16.39000,0.11817
16.40989,16.40000,88.27145,16.40000,1.02483,16.40000,0.06762
16.41990,16.41000,88.40546,16.41000,0.93980,16.41000,0.01535
16.42990,16.42000,88.56223,16.42000,0.85619,16.42000,-0.03838
16.43991,16.43000,88.74168,16.43000,0.77560,16.43000,-0.09291
16.44992,16.44000,88.94231,16.44000,0.69956,16.44000,-0.14727
16.45992,16.45000,89.16096,16.45000,0.62944,16.45000,-0.20025
16.46993,16.46000,89.39269,16.46000,0.56638,16.46000,-0.25056
16.47993,16.47000,89.63094,16.47000,0.51120,16.47000,-0.29690
16.48994,16.48000,89.86776,16.48000,0.46437,16.48000,-0.33817
16.49995,16.49000,90.09442,16.49000,0.42602,16.49000,-0.37353
16.50995,16.50000,90.30212,16.50000,0.39587,16.50000,-0.40251
16.51996,16.51000,90.48293,16.51000,0.37333,16.51000,-0.42505
16.52996,16.52000,90.63078,16.52000,0.35747,16.52000,-0.44150
16.53997,16.53000,90.74247,16.53000,0.34717,16.53000,-0.45257
16.54998,16.54000,90.81842,16.54000,0.34113,16.54000,-0.45927
16.55998,16.55000,90.86290,16.55000,0.33807,16.55000,-0.46277
16.56999,16.56000,90.88365,16.56000,0.33683,16.56000,-0.46423
16.57999,16.57000,90.89031,16.57000,0.33647,16.57000,-0.46465
16.59000,16.58000,90.89136,16.58000,0.33642,16.58000,-0.46471
