Tiempo,Flexo-extensi贸n codo derecho_X,Flexo-extensi贸n codo derecho_Y,Flexo-extensi贸n codo izquierdo_X,Flexo-extensi贸n codo izquierdo_Y
0.00000,0.00000,-13.33688,0.00000,7.41642
0.01001,0.01000,-13.33467,0.01000,7.41925
0.02002,0.02000,-13.33175,0.02000,7.42293
0.03003,0.03000,-13.32796,0.03000,7.42751
0.04004,0.04000,-13.32308,0.04000,7.43300
0.05005,0.05000,-13.31691,0.05000,7.43938
0.06005,0.06000,-13.30926,0.06000,7.44659
0.07006,0.07000,-13.30002,0.07000,7.45456
0.08007,0.08000,-13.28921,0.08000,7.46318
0.09008,0.09000,-13.27695,0.09000,7.47235
0.10009,0.10000,-13.26351,0.10000,7.48192
0.11010,0.11000,-13.24924,0.11000,7.49173
0.12011,0.12000,-13.23459,0.12000,7.50161
0.13012,0.13000,-13.22003,0.13000,7.51133
0.14013,0.14000,-13.20606,0.14000,7.52066
0.15013,0.15000,-13.19314,0.15000,7.52934
0.16014,0.16000,-13.18170,0.16000,7.53712
0.17015,0.17000,-13.17210,0.17000,7.54378
0.18016,0.18000,-13.16464,0.18000,7.54915
0.19017,0.19000,-13.15950,0.19000,7.55311
0.20018,0.20000,-13.15675,0.20000,7.55563
0.21019,0.21000,-13.15633,0.21000,7.55677
0.22020,0.22000,-13.15802,0.22000,7.55663
0.23021,0.23000,-13.16154,0.23000,7.55537
0.24021,0.24000,-13.16646,0.24000,7.55321
0.25022,0.25000,-13.17234,0.25000,7.55035
0.26023,0.26000,-13.17869,0.26000,7.54700
0.27024,0.27000,-13.18508,0.27000,7.54335
0.28025,0.28000,-13.19113,0.28000,7.53955
0.29026,0.29000,-13.19658,0.29000,7.53574
0.30027,0.30000,-13.20132,0.30000,7.53201
0.31028,0.31000,-13.20536,0.31000,7.52841
0.32029,0.32000,-13.20886,0.32000,7.52500
0.33030,0.33000,-13.21206,0.33000,7.52179
0.34030,0.34000,-13.21525,0.34000,7.51875
0.35031,0.35000,-13.21876,0.35000,7.51586
0.36032,0.36000,-13.22286,0.36000,7.51303
0.37033,0.37000,-13.22774,0.37000,7.51019
0.38034,0.38000,-13.23353,0.38000,7.50722
0.39035,0.39000,-13.24027,0.39000,7.50402
0.40036,0.40000,-13.24792,0.40000,7.50048
0.41037,0.41000,-13.25640,0.41000,7.49654
0.42038,0.42000,-13.26557,0.42000,7.49212
0.43038,0.43000,-13.27527,0.43000,7.48722
0.44039,0.44000,-13.28533,0.44000,7.48184
0.45040,0.45000,-13.29555,0.45000,7.47603
0.46041,0.46000,-13.30576,0.46000,7.46986
0.47042,0.47000,-13.31580,0.47000,7.46345
0.48043,0.48000,-13.32555,0.48000,7.45694
0.49044,0.49000,-13.33491,0.49000,7.45048
0.50045,0.50000,-13.34386,0.50000,7.44426
0.51046,0.51000,-13.35241,0.51000,7.43849
0.52046,0.52000,-13.36063,0.52000,7.43337
0.53047,0.53000,-13.36860,0.53000,7.42912
0.54048,0.54000,-13.37644,0.54000,7.42590
0.55049,0.55000,-13.38421,0.55000,7.42384
0.56050,0.56000,-13.39199,0.56000,7.42302
0.57051,0.57000,-13.39976,0.57000,7.42344
0.58052,0.58000,-13.40747,0.58000,7.42501
0.59053,0.59000,-13.41499,0.59000,7.42760
0.60054,0.60000,-13.42212,0.60000,7.43100
0.61055,0.61000,-13.42861,0.61000,7.43495
0.62055,0.62000,-13.43419,0.62000,7.43917
0.63056,0.63000,-13.43855,0.63000,7.44336
0.64057,0.64000,-13.44146,0.64000,7.44723
0.65058,0.65000,-13.44272,0.65000,7.45054
0.66059,0.66000,-13.44227,0.66000,7.45307
0.67060,0.67000,-13.44014,0.67000,7.45472
0.68061,0.68000,-13.43648,0.68000,7.45544
0.69062,0.69000,-13.43157,0.69000,7.45529
0.70063,0.70000,-13.42573,0.70000,7.45440
0.71063,0.71000,-13.41934,0.71000,7.45294
0.72064,0.72000,-13.41279,0.72000,7.45110
0.73065,0.73000,-13.40649,0.73000,7.44910
0.74066,0.74000,-13.40081,0.74000,7.44710
0.75067,0.75000,-13.39613,0.75000,7.44526
0.76068,0.76000,-13.39275,0.76000,7.44370
0.77069,0.77000,-13.39094,0.77000,7.44251
0.78070,0.78000,-13.39088,0.78000,7.44171
0.79071,0.79000,-13.39266,0.79000,7.44132
0.80071,0.80000,-13.39625,0.80000,7.44127
0.81072,0.81000,-13.40152,0.81000,7.44149
0.82073,0.82000,-13.40825,0.82000,7.44184
0.83074,0.83000,-13.41615,0.83000,7.44219
0.84075,0.84000,-13.42487,0.84000,7.44236
0.85076,0.85000,-13.43405,0.85000,7.44218
0.86077,0.86000,-13.44336,0.86000,7.44150
0.87078,0.87000,-13.45248,0.87000,7.44020
0.88079,0.88000,-13.46117,0.88000,7.43820
0.89080,0.89000,-13.46925,0.89000,7.43547
0.90080,0.90000,-13.47661,0.90000,7.43206
0.91081,0.91000,-13.48321,0.91000,7.42805
0.92082,0.92000,-13.48906,0.92000,7.42358
0.93083,0.93000,-13.49424,0.93000,7.41880
0.94084,0.94000,-13.49883,0.94000,7.41388
0.95085,0.95000,-13.50292,0.95000,7.40899
0.96086,0.96000,-13.50659,0.96000,7.40424
0.97087,0.97000,-13.50990,0.97000,7.39973
0.98088,0.98000,-13.51289,0.98000,7.39552
0.99088,0.99000,-13.51561,0.99000,7.39162
1.00089,1.00000,-13.51809,1.00000,7.38805
1.01090,1.01000,-13.52036,1.01000,7.38479
1.02091,1.02000,-13.52246,1.02000,7.38188
1.03092,1.03000,-13.52438,1.03000,7.37934
1.04093,1.04000,-13.52616,1.04000,7.37725
1.05094,1.05000,-13.52777,1.05000,7.37571
1.06095,1.06000,-13.52923,1.06000,7.37484
1.07096,1.07000,-13.53053,1.07000,7.37475
1.08096,1.08000,-13.53170,1.08000,7.37556
1.09097,1.09000,-13.53275,1.09000,7.37735
1.10098,1.10000,-13.53374,1.10000,7.38015
1.11099,1.11000,-13.53469,1.11000,7.38391
1.12100,1.12000,-13.53561,1.12000,7.38853
1.13101,1.13000,-13.53644,1.13000,7.39378
1.14102,1.14000,-13.53707,1.14000,7.39934
1.15103,1.15000,-13.53723,1.15000,7.40478
1.16104,1.16000,-13.53654,1.16000,7.40957
1.17105,1.17000,-13.53444,1.17000,7.41309
1.18105,1.18000,-13.53023,1.18000,7.41470
1.19106,1.19000,-13.52308,1.19000,7.41371
1.20107,1.20000,-13.51213,1.20000,7.40950
1.21108,1.21000,-13.49649,1.21000,7.40150
1.22109,1.22000,-13.47541,1.22000,7.38929
1.23110,1.23000,-13.44833,1.23000,7.37262
1.24111,1.24000,-13.41498,1.24000,7.35144
1.25112,1.25000,-13.37544,1.25000,7.32597
1.26113,1.26000,-13.33012,1.26000,7.29667
1.27113,1.27000,-13.27970,1.27000,7.26427
1.28114,1.28000,-13.22505,1.28000,7.22969
1.29115,1.29000,-13.16706,1.29000,7.19400
1.30116,1.30000,-13.10647,1.30000,7.15825
1.31117,1.31000,-13.04372,1.31000,7.12343
1.32118,1.32000,-12.97876,1.32000,7.09025
1.33119,1.33000,-12.91108,1.33000,7.05910
1.34120,1.34000,-12.83962,1.34000,7.02996
1.35121,1.35000,-12.76289,1.35000,7.00240
1.36121,1.36000,-12.67908,1.36000,6.97562
1.37122,1.37000,-12.58626,1.37000,6.94860
1.38123,1.38000,-12.48257,1.38000,6.92020
1.39124,1.39000,-12.36640,1.39000,6.88940
1.40125,1.40000,-12.23660,1.40000,6.85541
1.41126,1.41000,-12.09266,1.41000,6.81781
1.42127,1.42000,-11.93490,1.42000,6.77665
1.43128,1.43000,-11.76462,1.43000,6.73242
1.44129,1.44000,-11.58429,1.44000,6.68600
1.45130,1.45000,-11.39758,1.45000,6.63856
1.46130,1.46000,-11.20948,1.46000,6.59141
1.47131,1.47000,-11.02621,1.47000,6.54586
1.48132,1.48000,-10.85507,1.48000,6.50304
1.49133,1.49000,-10.70414,1.49000,6.46378
1.50134,1.50000,-10.58189,1.50000,6.42850
1.51135,1.51000,-10.49669,1.51000,6.39717
1.52136,1.52000,-10.45622,1.52000,6.36928
1.53137,1.53000,-10.46701,1.53000,6.34390
1.54138,1.54000,-10.53385,1.54000,6.31974
1.55138,1.55000,-10.65943,1.55000,6.29529
1.56139,1.56000,-10.84401,1.56000,6.26896
1.57140,1.57000,-11.08525,1.57000,6.23927
1.58141,1.58000,-11.37812,1.58000,6.20498
1.59142,1.59000,-11.71506,1.59000,6.16523
1.60143,1.60000,-12.08619,1.60000,6.11968
1.61144,1.61000,-12.47981,1.61000,6.06856
1.62145,1.62000,-12.88298,1.62000,6.01269
1.63146,1.63000,-13.28223,1.63000,5.95343
1.64146,1.64000,-13.66440,1.64000,5.89260
1.65147,1.65000,-14.01737,1.65000,5.83235
1.66148,1.66000,-14.33070,1.66000,5.77498
1.67149,1.67000,-14.59618,1.67000,5.72269
1.68150,1.68000,-14.80798,1.68000,5.67744
1.69151,1.69000,-14.96272,1.69000,5.64066
1.70152,1.70000,-15.05922,1.70000,5.61314
1.71153,1.71000,-15.09822,1.71000,5.59485
1.72154,1.72000,-15.08185,1.72000,5.58489
1.73155,1.73000,-15.01317,1.73000,5.58143
1.74155,1.74000,-14.89564,1.74000,5.58180
1.75156,1.75000,-14.73261,1.75000,5.58255
1.76157,1.76000,-14.52689,1.76000,5.57963
1.77158,1.77000,-14.28042,1.77000,5.56863
1.78159,1.78000,-13.99414,1.78000,5.54501
1.79160,1.79000,-13.66799,1.79000,5.50437
1.80161,1.80000,-13.30117,1.80000,5.44281
1.81162,1.81000,-12.89250,1.81000,5.35712
1.82163,1.82000,-12.44085,1.82000,5.24506
1.83163,1.83000,-11.94571,1.83000,5.10552
1.84164,1.84000,-11.40763,1.84000,4.93862
1.85165,1.85000,-10.82872,1.85000,4.74568
1.86166,1.86000,-10.21305,1.86000,4.52923
1.87167,1.87000,-9.56697,1.87000,4.29281
1.88168,1.88000,-8.89944,1.88000,4.04080
1.89169,1.89000,-8.22204,1.89000,3.77819
1.90170,1.90000,-7.54888,1.90000,3.51038
1.91171,1.91000,-6.89613,1.91000,3.24294
1.92171,1.92000,-6.28123,1.92000,2.98142
1.93172,1.93000,-5.72171,1.93000,2.73122
1.94173,1.94000,-5.23391,1.94000,2.49750
1.95174,1.95000,-4.83156,1.95000,2.28510
1.96175,1.96000,-4.52457,1.96000,2.09852
1.97176,1.97000,-4.31819,1.97000,1.94190
1.98177,1.98000,-4.21265,1.98000,1.81898
1.99178,1.99000,-4.20347,1.99000,1.73299
2.00179,2.00000,-4.28216,2.00000,1.68667
2.01180,2.01000,-4.43738,2.01000,1.68204
2.02180,2.02000,-4.65625,2.02000,1.72041
2.03181,2.03000,-4.92571,2.03000,1.80219
2.04182,2.04000,-5.23364,2.04000,1.92681
2.05183,2.05000,-5.56978,2.05000,2.09260
2.06184,2.06000,-5.92632,2.06000,2.29680
2.07185,2.07000,-6.29810,2.07000,2.53550
2.08186,2.08000,-6.68241,2.08000,2.80385
2.09187,2.09000,-7.07861,2.09000,3.09626
2.10188,2.10000,-7.48736,2.10000,3.40680
2.11188,2.11000,-7.90980,2.11000,3.72969
2.12189,2.12000,-8.34664,2.12000,4.05986
2.13190,2.13000,-8.79737,2.13000,4.39349
2.14191,2.14000,-9.25968,2.14000,4.72852
2.15192,2.15000,-9.72925,2.15000,5.06498
2.16193,2.16000,-10.19985,2.16000,5.40509
2.17194,2.17000,-10.66388,2.17000,5.75317
2.18195,2.18000,-11.11318,2.18000,6.11525
2.19196,2.19000,-11.53999,2.19000,6.49844
2.20196,2.20000,-11.93788,2.20000,6.91021
2.21197,2.21000,-12.30260,2.21000,7.35757
2.22198,2.22000,-12.63247,2.22000,7.84626
2.23199,2.23000,-12.92850,2.23000,8.38025
2.24200,2.24000,-13.19400,2.24000,8.96145
2.25201,2.25000,-13.43396,2.25000,9.58970
2.26202,2.26000,-13.65406,2.26000,10.26322
2.27203,2.27000,-13.85986,2.27000,10.97920
2.28204,2.28000,-14.05594,2.28000,11.73466
2.29205,2.29000,-14.24543,2.29000,12.52720
2.30205,2.30000,-14.42983,2.30000,13.35569
2.31206,2.31000,-14.60920,2.31000,14.22067
2.32207,2.32000,-14.78256,2.32000,15.12437
2.33208,2.33000,-14.94852,2.33000,16.07035
2.34209,2.34000,-15.10585,2.34000,17.06281
2.35210,2.35000,-15.25400,2.35000,18.10555
2.36211,2.36000,-15.39340,2.36000,19.20071
2.37212,2.37000,-15.52546,2.37000,20.34750
2.38213,2.38000,-15.65233,2.38000,21.54099
2.39213,2.39000,-15.77640,2.39000,22.77126
2.40214,2.40000,-15.89953,2.40000,24.02298
2.41215,2.41000,-16.02229,2.41000,25.27560
2.42216,2.42000,-16.14322,2.42000,26.50411
2.43217,2.43000,-16.25818,2.43000,27.68037
2.44218,2.44000,-16.36008,2.44000,28.77488
2.45219,2.45000,-16.43891,2.45000,29.75873
2.46220,2.46000,-16.48235,2.46000,30.60556
2.47221,2.47000,-16.47667,2.47000,31.29329
2.48221,2.48000,-16.40816,2.48000,31.80536
2.49222,2.49000,-16.26464,2.49000,32.13121
2.50223,2.50000,-16.03702,2.50000,32.26621
2.51224,2.51000,-15.72051,2.51000,32.21072
2.52225,2.52000,-15.31535,2.52000,31.96890
2.53226,2.53000,-14.82703,2.53000,31.54730
2.54227,2.54000,-14.26580,2.54000,30.95368
2.55228,2.55000,-13.64576,2.55000,30.19625
2.56229,2.56000,-12.98343,2.56000,29.28346
2.57230,2.57000,-12.29616,2.57000,28.22434
2.58230,2.58000,-11.60038,2.58000,27.02912
2.59231,2.59000,-10.91004,2.59000,25.71015
2.60232,2.60000,-10.23541,2.60000,24.28258
2.61233,2.61000,-9.58225,2.61000,22.76478
2.62234,2.62000,-8.95165,2.62000,21.17839
2.63235,2.63000,-8.34033,2.63000,19.54772
2.64236,2.64000,-7.74140,2.64000,17.89883
2.65237,2.65000,-7.14552,2.65000,16.25838
2.66238,2.66000,-6.54221,2.66000,14.65223
2.67238,2.67000,-5.92133,2.67000,13.10432
2.68239,2.68000,-5.27448,2.68000,11.63549
2.69240,2.69000,-4.59629,2.69000,10.26273
2.70241,2.70000,-3.88549,2.70000,8.99858
2.71242,2.71000,-3.14553,2.71000,7.85078
2.72243,2.72000,-2.38484,2.72000,6.82221
2.73244,2.73000,-1.61647,2.73000,5.91107
2.74245,2.74000,-0.85723,2.74000,5.11124
2.75246,2.75000,-0.12644,2.75000,4.41306
2.76246,2.76000,0.55572,2.76000,3.80423
2.77247,2.77000,1.16996,2.77000,3.27108
2.78248,2.78000,1.69940,2.78000,2.79987
2.79249,2.79000,2.13085,2.79000,2.37815
2.80250,2.80000,2.45552,2.80000,1.99595
2.81251,2.81000,2.66913,2.81000,1.64659
2.82252,2.82000,2.77153,2.82000,1.32710
2.83253,2.83000,2.76584,2.83000,1.03814
2.84254,2.84000,2.65728,2.84000,0.78350
2.85255,2.85000,2.45190,2.85000,0.56915
2.86255,2.86000,2.15521,2.86000,0.40225
2.87256,2.87000,1.77103,2.87000,0.29002
2.88257,2.88000,1.30065,2.88000,0.23891
2.89258,2.89000,0.74259,2.89000,0.25402
2.90259,2.90000,0.09313,2.90000,0.33890
2.91260,2.91000,-0.65246,2.91000,0.49569
2.92261,2.92000,-1.49801,2.92000,0.72547
2.93262,2.93000,-2.44428,2.93000,1.02891
2.94263,2.94000,-3.48688,2.94000,1.40705
2.95263,2.95000,-4.61463,2.95000,1.86211
2.96264,2.96000,-5.80895,2.96000,2.39834
2.97265,2.97000,-7.04418,2.97000,3.02270
2.98266,2.98000,-8.28913,2.98000,3.74502
2.99267,2.99000,-9.50947,2.99000,4.57780
3.00268,3.00000,-10.67078,3.00000,5.53519
3.01269,3.01000,-11.74171,3.01000,6.63155
3.02270,3.02000,-12.69682,3.02000,7.87952
3.03271,3.03000,-13.51881,3.03000,9.28805
3.04271,3.04000,-14.19974,3.04000,10.86049
3.05272,3.05000,-14.74111,3.05000,12.59320
3.06273,3.06000,-15.15301,3.06000,14.47479
3.07274,3.07000,-15.45232,3.07000,16.48605
3.08275,3.08000,-15.66038,3.08000,18.60072
3.09276,3.09000,-15.80054,3.09000,20.78696
3.10277,3.10000,-15.89576,3.10000,23.00933
3.11278,3.11000,-15.96667,3.11000,25.23129
3.12279,3.12000,-16.03022,3.12000,27.41767
3.13280,3.13000,-16.09908,3.13000,29.53705
3.14280,3.14000,-16.18157,3.14000,31.56368
3.15281,3.15000,-16.28227,3.15000,33.47872
3.16282,3.16000,-16.40294,3.16000,35.27061
3.17283,3.17000,-16.54365,3.17000,36.93459
3.18284,3.18000,-16.70372,3.18000,38.47135
3.19285,3.19000,-16.88258,3.19000,39.88498
3.20286,3.20000,-17.08002,3.20000,41.18057
3.21287,3.21000,-17.29607,3.21000,42.36171
3.22288,3.22000,-17.53049,3.22000,43.42842
3.23288,3.23000,-17.78186,3.23000,44.37571
3.24289,3.24000,-18.04664,3.24000,45.19314
3.25290,3.25000,-18.31829,3.25000,45.86543
3.26291,3.26000,-18.58675,3.26000,46.37398
3.27292,3.27000,-18.83830,3.27000,46.69889
3.28293,3.28000,-19.05592,3.28000,46.82112
3.29294,3.29000,-19.22008,3.29000,46.72434
3.30295,3.30000,-19.30980,3.30000,46.39633
3.31296,3.31000,-19.30386,3.31000,45.82996
3.32296,3.32000,-19.18203,3.32000,45.02367
3.33297,3.33000,-18.92621,3.33000,43.98188
3.34298,3.34000,-18.52152,3.34000,42.71489
3.35299,3.35000,-17.95710,3.35000,41.23874
3.36300,3.36000,-17.22669,3.36000,39.57461
3.37301,3.37000,-16.32887,3.37000,37.74803
3.38302,3.38000,-15.26704,3.38000,35.78775
3.39303,3.39000,-14.04915,3.39000,33.72444
3.40304,3.40000,-12.68737,3.40000,31.58935
3.41305,3.41000,-11.19770,3.41000,29.41283
3.42305,3.42000,-9.59949,3.42000,27.22309
3.43306,3.43000,-7.91496,3.43000,25.04511
3.44307,3.44000,-6.16842,3.44000,22.89991
3.45308,3.45000,-4.38536,3.45000,20.80426
3.46309,3.46000,-2.59137,3.46000,18.77063
3.47310,3.47000,-0.81095,3.47000,16.80766
3.48311,3.48000,0.93353,3.48000,14.92085
3.49312,3.49000,2.62269,3.49000,13.11353
3.50313,3.50000,4.24072,3.50000,11.38799
3.51313,3.51000,5.77554,3.51000,9.74659
3.52314,3.52000,7.21860,3.52000,8.19268
3.53315,3.53000,8.56441,3.53000,6.73121
3.54316,3.54000,9.80975,3.54000,5.36870
3.55317,3.55000,10.95264,3.55000,4.11284
3.56318,3.56000,11.99118,3.56000,2.97163
3.57319,3.57000,12.92246,3.57000,1.95228
3.58320,3.58000,13.74149,3.58000,1.06024
3.59321,3.59000,14.44064,3.59000,0.29842
3.60321,3.60000,15.00947,3.60000,-0.33311
3.61322,3.61000,15.43529,3.61000,-0.83700
3.62323,3.62000,15.70433,3.62000,-1.21817
3.63324,3.63000,15.80347,3.63000,-1.48310
3.64325,3.64000,15.72213,3.64000,-1.63911
3.65326,3.65000,15.45420,3.65000,-1.69359
3.66327,3.66000,14.99946,3.66000,-1.65350
3.67328,3.67000,14.36428,3.67000,-1.52487
3.68329,3.68000,13.56144,3.68000,-1.31248
3.69330,3.69000,12.60902,3.69000,-1.01960
3.70330,3.70000,11.52861,3.70000,-0.64793
3.71331,3.71000,10.34304,3.71000,-0.19763
3.72332,3.72000,9.07415,3.72000,0.33240
3.73333,3.73000,7.74087,3.73000,0.94413
3.74334,3.74000,6.35782,3.74000,1.63990
3.75335,3.75000,4.93482,3.75000,2.42200
3.76336,3.76000,3.47719,3.76000,3.29235
3.77337,3.77000,1.98684,3.77000,4.25230
3.78338,3.78000,0.46402,3.78000,5.30264
3.79338,3.79000,-1.09076,3.79000,6.44349
3.80339,3.80000,-2.67482,3.80000,7.67428
3.81340,3.81000,-4.28185,3.81000,8.99345
3.82341,3.82000,-5.90098,3.82000,10.39811
3.83342,3.83000,-7.51651,3.83000,11.88358
3.84343,3.84000,-9.10849,3.84000,13.44300
3.85344,3.85000,-10.65386,3.85000,15.06700
3.86345,3.86000,-12.12831,3.86000,16.74360
3.87346,3.87000,-13.50841,3.87000,18.45828
3.88346,3.88000,-14.77380,3.88000,20.19422
3.89347,3.89000,-15.90912,3.89000,21.93267
3.90348,3.90000,-16.90544,3.90000,23.65337
3.91349,3.91000,-17.76092,3.91000,25.33511
3.92350,3.92000,-18.48071,3.92000,26.95630
3.93351,3.93000,-19.07605,3.93000,28.49558
3.94352,3.94000,-19.56277,3.94000,29.93257
3.95353,3.95000,-19.95941,3.95000,31.24854
3.96354,3.96000,-20.28523,3.96000,32.42697
3.97355,3.97000,-20.55834,3.97000,33.45406
3.98355,3.98000,-20.79427,3.98000,34.31889
3.99356,3.99000,-21.00487,3.99000,35.01337
4.00357,4.00000,-21.19778,4.00000,35.53193
4.01358,4.01000,-21.37627,4.01000,35.87104
4.02359,4.02000,-21.53948,4.02000,36.02876
4.03360,4.03000,-21.68293,4.03000,36.00433
4.04361,4.04000,-21.79929,4.04000,35.79812
4.05362,4.05000,-21.87920,4.05000,35.41177
4.06363,4.06000,-21.91224,4.06000,34.84866
4.07363,4.07000,-21.88777,4.07000,34.11444
4.08364,4.08000,-21.79574,4.08000,33.21758
4.09365,4.09000,-21.62726,4.09000,32.16958
4.10366,4.10000,-21.37515,4.10000,30.98492
4.11367,4.11000,-21.03416,4.11000,29.68062
4.12368,4.12000,-20.60114,4.12000,28.27566
4.13369,4.13000,-20.07503,4.13000,26.79031
4.14370,4.14000,-19.45664,4.14000,25.24560
4.15371,4.15000,-18.74833,4.15000,23.66287
4.16371,4.16000,-17.95357,4.16000,22.06341
4.17372,4.17000,-17.07645,4.17000,20.46798
4.18373,4.18000,-16.12132,4.18000,18.89626
4.19374,4.19000,-15.09239,4.19000,17.36622
4.20375,4.20000,-13.99373,4.20000,15.89340
4.21376,4.21000,-12.82929,4.21000,14.49031
4.22377,4.22000,-11.60323,4.22000,13.16597
4.23378,4.23000,-10.32035,4.23000,11.92566
4.24379,4.24000,-8.98640,4.24000,10.77103
4.25380,4.25000,-7.60835,4.25000,9.70038
4.26380,4.26000,-6.19446,4.26000,8.70921
4.27381,4.27000,-4.75406,4.27000,7.79095
4.28382,4.28000,-3.29723,4.28000,6.93765
4.29383,4.29000,-1.83441,4.29000,6.14081
4.30384,4.30000,-0.37604,4.30000,5.39206
4.31385,4.31000,1.06764,4.31000,4.68383
4.32386,4.32000,2.48656,4.32000,4.00976
4.33387,4.33000,3.87066,4.33000,3.36509
4.34388,4.34000,5.20960,4.34000,2.74683
4.35388,4.35000,6.49251,4.35000,2.15384
4.36389,4.36000,7.70775,4.36000,1.58676
4.37390,4.37000,8.84295,4.37000,1.04789
4.38391,4.38000,9.88506,4.38000,0.54097
4.39392,4.39000,10.82062,4.39000,0.07084
4.40393,4.40000,11.63610,4.40000,-0.35689
4.41394,4.41000,12.31825,4.41000,-0.73622
4.42395,4.42000,12.85452,4.42000,-1.06115
4.43396,4.43000,13.23346,4.43000,-1.32594
4.44396,4.44000,13.44527,4.44000,-1.52538
4.45397,4.45000,13.48200,4.45000,-1.65484
4.46398,4.46000,13.33770,4.46000,-1.71031
4.47399,4.47000,13.00818,4.47000,-1.68824
4.48400,4.48000,12.49067,4.48000,-1.58539
4.49401,4.49000,11.78352,4.49000,-1.39849
4.50402,4.50000,10.88616,4.50000,-1.12412
4.51403,4.51000,9.79963,4.51000,-0.75852
4.52404,4.52000,8.52747,4.52000,-0.29766
4.53405,4.53000,7.07714,4.53000,0.26254
4.54405,4.54000,5.46148,4.54000,0.92600
4.55406,4.55000,3.69996,4.55000,1.69613
4.56407,4.56000,1.81939,4.56000,2.57560
4.57408,4.57000,-0.14626,4.57000,3.56614
4.58409,4.58000,-2.15696,4.58000,4.66839
4.59410,4.59000,-4.16870,4.59000,5.88174
4.60411,4.60000,-6.13611,4.60000,7.20405
4.61412,4.61000,-8.01555,4.61000,8.63142
4.62413,4.62000,-9.76810,4.62000,10.15780
4.63413,4.63000,-11.36223,4.63000,11.77480
4.64414,4.64000,-12.77584,4.64000,13.47151
4.65415,4.65000,-13.99750,4.65000,15.23456
4.66416,4.66000,-15.02666,4.66000,17.04833
4.67417,4.67000,-15.87304,4.67000,18.89526
4.68418,4.68000,-16.55502,4.68000,20.75627
4.69419,4.69000,-17.09737,4.69000,22.61114
4.70420,4.70000,-17.52852,4.70000,24.43890
4.71421,4.71000,-17.87771,4.71000,26.21822
4.72421,4.72000,-18.17238,4.72000,27.92777
4.73422,4.73000,-18.43595,4.73000,29.54663
4.74423,4.74000,-18.68637,4.74000,31.05484
4.75424,4.75000,-18.93544,4.75000,32.43388
4.76425,4.76000,-19.18890,4.76000,33.66723
4.77426,4.77000,-19.44717,4.77000,34.74091
4.78427,4.78000,-19.70652,4.78000,35.64381
4.79428,4.79000,-19.96045,4.79000,36.36795
4.80429,4.80000,-20.20096,4.80000,36.90833
4.81430,4.81000,-20.41964,4.81000,37.26273
4.82430,4.82000,-20.60828,4.82000,37.43121
4.83431,4.83000,-20.75930,4.83000,37.41564
4.84432,4.84000,-20.86572,4.84000,37.21934
4.85433,4.85000,-20.92112,4.85000,36.84692
4.86434,4.86000,-20.91946,4.86000,36.30431
4.87435,4.87000,-20.85514,4.87000,35.59888
4.88436,4.88000,-20.72308,4.88000,34.73958
4.89437,4.89000,-20.51908,4.89000,33.73689
4.90438,4.90000,-20.24027,4.90000,32.60268
4.91438,4.91000,-19.88556,4.91000,31.35004
4.92439,4.92000,-19.45598,4.92000,29.99328
4.93440,4.93000,-18.95481,4.93000,28.54795
4.94441,4.94000,-18.38736,4.94000,27.03114
4.95442,4.95000,-17.76050,4.95000,25.46161
4.96443,4.96000,-17.08187,4.96000,23.85977
4.97444,4.97000,-16.35915,4.97000,22.24729
4.98445,4.98000,-15.59931,4.98000,20.64636
4.99446,4.99000,-14.80814,4.99000,19.07852
5.00446,5.00000,-13.99007,5.00000,17.56337
5.01447,5.01000,-13.14830,5.01000,16.11725
5.02448,5.02000,-12.28519,5.02000,14.75210
5.03449,5.03000,-11.40274,5.03000,13.47471
5.04450,5.04000,-10.50302,5.04000,12.28653
5.05451,5.05000,-9.58853,5.05000,11.18405
5.06452,5.06000,-8.66230,5.06000,10.15969
5.07453,5.07000,-7.72780,5.07000,9.20320
5.08454,5.08000,-6.78866,5.08000,8.30330
5.09455,5.09000,-5.84825,5.09000,7.44930
5.10455,5.10000,-4.90922,5.10000,6.63251
5.11456,5.11000,-3.97317,5.11000,5.84722
5.12457,5.12000,-3.04063,5.12000,5.09110
5.13458,5.13000,-2.11120,5.13000,4.36505
5.14459,5.14000,-1.18415,5.14000,3.67273
5.15460,5.15000,-0.25930,5.15000,3.01968
5.16461,5.16000,0.66203,5.16000,2.41245
5.17462,5.17000,1.57590,5.17000,1.85768
5.18463,5.18000,2.47489,5.18000,1.36132
5.19463,5.19000,3.34756,5.19000,0.92795
5.20464,5.20000,4.17839,5.20000,0.56043
5.21465,5.21000,4.94831,5.21000,0.25973
5.22466,5.22000,5.63589,5.22000,0.02507
5.23467,5.23000,6.21887,5.23000,-0.14579
5.24468,5.24000,6.67611,5.24000,-0.25598
5.25469,5.25000,6.98951,5.25000,-0.30896
5.26470,5.26000,7.14572,5.26000,-0.30792
5.27471,5.27000,7.13735,5.27000,-0.25525
5.28471,5.28000,6.96353,5.28000,-0.15208
5.29472,5.29000,6.62979,5.29000,0.00200
5.30473,5.30000,6.14733,5.30000,0.20910
5.31474,5.31000,5.53177,5.31000,0.47296
5.32475,5.32000,4.80157,5.32000,0.79862
5.33476,5.33000,3.97623,5.33000,1.19195
5.34477,5.34000,3.07461,5.34000,1.65907
5.35478,5.35000,2.11336,5.35000,2.20573
5.36479,5.36000,1.10592,5.36000,2.83686
5.37480,5.37000,0.06205,5.37000,3.55625
5.38480,5.38000,-1.01195,5.38000,4.36650
5.39481,5.39000,-2.11244,5.39000,5.26910
5.40482,5.40000,-3.23711,5.40000,6.26454
5.41483,5.41000,-4.38346,5.41000,7.35241
5.42484,5.42000,-5.54715,5.42000,8.53141
5.43485,5.43000,-6.72074,5.43000,9.79915
5.44486,5.44000,-7.89290,5.44000,11.15176
5.45487,5.45000,-9.04832,5.45000,12.58354
5.46488,5.46000,-10.16851,5.46000,14.08646
5.47488,5.47000,-11.23333,5.47000,15.64980
5.48489,5.48000,-12.22303,5.48000,17.25996
5.49490,5.49000,-13.12072,5.49000,18.90042
5.50491,5.50000,-13.91466,5.50000,20.55197
5.51492,5.51000,-14.60016,5.51000,22.19325
5.52493,5.52000,-15.18057,5.52000,23.80146
5.53494,5.53000,-15.66738,5.53000,25.35329
5.54495,5.54000,-16.07896,5.54000,26.82608
5.55496,5.55000,-16.43851,5.55000,28.19894
5.56496,5.56000,-16.77111,5.56000,29.45387
5.57497,5.57000,-17.10057,5.57000,30.57657
5.58498,5.58000,-17.44654,5.58000,31.55705
5.59499,5.59000,-17.82213,5.59000,32.38963
5.60500,5.60000,-18.23263,5.60000,33.07259
5.61501,5.61000,-18.67519,5.61000,33.60741
5.62502,5.62000,-19.13956,5.62000,33.99766
5.63503,5.63000,-19.60965,5.63000,34.24799
5.64504,5.64000,-20.06558,5.64000,34.36312
5.65505,5.65000,-20.48591,5.65000,34.34726
5.66505,5.66000,-20.84975,5.66000,34.20395
5.67506,5.67000,-21.13854,5.67000,33.93619
5.68507,5.68000,-21.33735,5.68000,33.54694
5.69508,5.69000,-21.43572,5.69000,33.03954
5.70509,5.70000,-21.42786,5.70000,32.41818
5.71510,5.71000,-21.31256,5.71000,31.68805
5.72511,5.72000,-21.09260,5.72000,30.85552
5.73512,5.73000,-20.77404,5.73000,29.92816
5.74513,5.74000,-20.36530,5.74000,28.91485
5.75513,5.75000,-19.87615,5.75000,27.82589
5.76514,5.76000,-19.31669,5.76000,26.67307
5.77515,5.77000,-18.69635,5.77000,25.46957
5.78516,5.78000,-18.02306,5.78000,24.22966
5.79517,5.79000,-17.30264,5.79000,22.96812
5.80518,5.80000,-16.53847,5.80000,21.69947
5.81519,5.81000,-15.73156,5.81000,20.43709
5.82520,5.82000,-14.88080,5.82000,19.19225
5.83521,5.83000,-13.98356,5.83000,17.97335
5.84521,5.84000,-13.03633,5.84000,16.78530
5.85522,5.85000,-12.03544,5.85000,15.62929
5.86523,5.86000,-10.97780,5.86000,14.50288
5.87524,5.87000,-9.86146,5.87000,13.40067
5.88525,5.88000,-8.68631,5.88000,12.31529
5.89526,5.89000,-7.45454,5.89000,11.23885
5.90527,5.90000,-6.17114,5.90000,10.16457
5.91528,5.91000,-4.84433,5.91000,9.08841
5.92529,5.92000,-3.48582,5.92000,8.01039
5.93530,5.93000,-2.11091,5.93000,6.93546
5.94530,5.94000,-0.73834,5.94000,5.87360
5.95531,5.95000,0.61008,5.95000,4.83922
5.96532,5.96000,1.91023,5.96000,3.84992
5.97533,5.97000,3.13665,5.97000,2.92475
5.98534,5.98000,4.26379,5.98000,2.08230
5.99535,5.99000,5.26734,5.99000,1.33892
6.00536,6.00000,6.12554,6.00000,0.70732
6.01537,6.01000,6.82019,6.01000,0.19570
6.02538,6.02000,7.33747,6.02000,-0.19252
6.03538,6.03000,7.66833,6.03000,-0.45848
6.04539,6.04000,7.80874,6.04000,-0.60721
6.05540,6.05000,7.75973,6.05000,-0.64668
6.06541,6.06000,7.52731,6.06000,-0.58658
6.07542,6.07000,7.12219,6.07000,-0.43714
6.08543,6.08000,6.55916,6.08000,-0.20782
6.09544,6.09000,5.85618,6.09000,0.09373
6.10545,6.10000,5.03311,6.10000,0.46250
6.11546,6.11000,4.11030,6.11000,0.89662
6.12546,6.12000,3.10727,6.12000,1.39736
6.13547,6.13000,2.04159,6.13000,1.96877
6.14548,6.14000,0.92827,6.14000,2.61700
6.15549,6.15000,-0.22035,6.15000,3.34930
6.16550,6.16000,-1.39429,6.16000,4.17310
6.17551,6.17000,-2.58527,6.17000,5.09505
6.18552,6.18000,-3.78584,6.18000,6.12029
6.19553,6.19000,-4.98856,6.19000,7.25189
6.20554,6.20000,-6.18534,6.20000,8.49046
6.21555,6.21000,-7.36687,6.21000,9.83389
6.22555,6.22000,-8.52249,6.22000,11.27713
6.23556,6.23000,-9.64018,6.23000,12.81206
6.24557,6.24000,-10.70712,6.24000,14.42740
6.25558,6.25000,-11.71040,6.25000,16.10880
6.26559,6.26000,-12.63808,6.26000,17.83903
6.27560,6.27000,-13.48035,6.27000,19.59836
6.28561,6.28000,-14.23063,6.28000,21.36518
6.29562,6.29000,-14.88644,6.29000,23.11660
6.30563,6.30000,-15.44988,6.30000,24.82916
6.31563,6.31000,-15.92763,6.31000,26.47957
6.32564,6.32000,-16.33042,6.32000,28.04537
6.33565,6.33000,-16.67202,6.33000,29.50567
6.34566,6.34000,-16.96799,6.34000,30.84179
6.35567,6.35000,-17.23415,6.35000,32.03798
6.36568,6.36000,-17.48524,6.36000,33.08204
6.37569,6.37000,-17.73371,6.37000,33.96579
6.38570,6.38000,-17.98882,6.38000,34.68540
6.39571,6.39000,-18.25616,6.39000,35.24125
6.40571,6.40000,-18.53749,6.40000,35.63761
6.41572,6.41000,-18.83082,6.41000,35.88181
6.42573,6.42000,-19.13080,6.42000,35.98323
6.43574,6.43000,-19.42913,6.43000,35.95218
6.44575,6.44000,-19.71515,6.44000,35.79879
6.45576,6.45000,-19.97638,6.45000,35.53219
6.46577,6.46000,-20.19921,6.46000,35.16003
6.47578,6.47000,-20.36962,6.47000,34.68835
6.48579,6.48000,-20.47395,6.48000,34.12183
6.49580,6.49000,-20.49979,6.49000,33.46423
6.50580,6.50000,-20.43685,6.50000,32.71887
6.51581,6.51000,-20.27774,6.51000,31.88903
6.52582,6.52000,-20.01851,6.52000,30.97839
6.53583,6.53000,-19.65892,6.53000,29.99138
6.54584,6.54000,-19.20224,6.54000,28.93357
6.55585,6.55000,-18.65468,6.55000,27.81204
6.56586,6.56000,-18.02446,6.56000,26.63563
6.57587,6.57000,-17.32075,6.57000,25.41487
6.58588,6.58000,-16.55250,6.58000,24.16176
6.59588,6.59000,-15.72756,6.59000,22.88912
6.60589,6.60000,-14.85203,6.60000,21.60987
6.61590,6.61000,-13.93015,6.61000,20.33611
6.62591,6.62000,-12.96457,6.62000,19.07830
6.63592,6.63000,-11.95700,6.63000,17.84452
6.64593,6.64000,-10.90906,6.64000,16.64003
6.65594,6.65000,-9.82315,6.65000,15.46708
6.66595,6.66000,-8.70313,6.66000,14.32501
6.67596,6.67000,-7.55474,6.67000,13.21079
6.68596,6.68000,-6.38571,6.68000,12.11970
6.69597,6.69000,-5.20554,6.69000,11.04625
6.70598,6.70000,-4.02510,6.70000,9.98526
6.71599,6.71000,-2.85604,6.71000,8.93281
6.72600,6.72000,-1.71034,6.72000,7.88723
6.73601,6.73000,-0.59981,6.73000,6.84982
6.74602,6.74000,0.46414,6.74000,5.82546
6.75603,6.75000,1.47060,6.75000,4.82274
6.76604,6.76000,2.40924,6.76000,3.85377
6.77605,6.77000,3.27020,6.77000,2.93346
6.78605,6.78000,4.04409,6.78000,2.07839
6.79606,6.79000,4.72200,6.79000,1.30532
6.80607,6.80000,5.29557,6.80000,0.62961
6.81608,6.81000,5.75709,6.81000,0.06382
6.82609,6.82000,6.09965,6.82000,-0.38352
6.83610,6.83000,6.31720,6.83000,-0.70847
6.84611,6.84000,6.40470,6.84000,-0.91192
6.85612,6.85000,6.35838,6.85000,-0.99908
6.86613,6.86000,6.17603,6.86000,-0.97870
6.87613,6.87000,5.85741,6.87000,-0.86188
6.88614,6.88000,5.40458,6.88000,-0.66070
6.89615,6.89000,4.82205,6.89000,-0.38681
6.90616,6.90000,4.11674,6.90000,-0.05020
6.91617,6.91000,3.29758,6.91000,0.34189
6.92618,6.92000,2.37503,6.92000,0.78556
6.93619,6.93000,1.36059,6.93000,1.28047
6.94620,6.94000,0.26642,6.94000,1.82963
6.95621,6.95000,-0.89486,6.95000,2.43868
6.96621,6.96000,-2.11000,6.96000,3.11494
6.97622,6.97000,-3.36497,6.97000,3.86630
6.98623,6.98000,-4.64463,6.98000,4.70006
6.99624,6.99000,-5.93269,6.99000,5.62202
7.00625,7.00000,-7.21184,7.00000,6.63578
7.01626,7.01000,-8.46428,7.01000,7.74236
7.02627,7.02000,-9.67245,7.02000,8.94006
7.03628,7.03000,-10.81988,7.03000,10.22450
7.04629,7.04000,-11.89209,7.04000,11.58886
7.05630,7.05000,-12.87737,7.05000,13.02413
7.06630,7.06000,-13.76726,7.06000,14.51945
7.07631,7.07000,-14.55690,7.07000,16.06241
7.08632,7.08000,-15.24499,7.08000,17.63938
7.09633,7.09000,-15.83361,7.09000,19.23583
7.10634,7.10000,-16.32791,7.10000,20.83653
7.11635,7.11000,-16.73564,7.11000,22.42584
7.12636,7.12000,-17.06680,7.12000,23.98787
7.13637,7.13000,-17.33310,7.13000,25.50676
7.14638,7.14000,-17.54740,7.14000,26.96704
7.15638,7.15000,-17.72310,7.15000,28.35392
7.16639,7.16000,-17.87334,7.16000,29.65389
7.17640,7.17000,-18.01024,7.17000,30.85512
7.18641,7.18000,-18.14416,7.18000,31.94796
7.19642,7.19000,-18.28318,7.19000,32.92526
7.20643,7.20000,-18.43281,7.20000,33.78247
7.21644,7.21000,-18.59595,7.21000,34.51743
7.22645,7.22000,-18.77308,7.22000,35.12995
7.23646,7.23000,-18.96253,7.23000,35.62120
7.24646,7.24000,-19.16074,7.24000,35.99293
7.25647,7.25000,-19.36249,7.25000,36.24679
7.26648,7.26000,-19.56105,7.26000,36.38383
7.27649,7.27000,-19.74830,7.27000,36.40418
7.28650,7.28000,-19.91492,7.28000,36.30708
7.29651,7.29000,-20.05069,7.29000,36.09117
7.30652,7.30000,-20.14491,7.30000,35.75481
7.31653,7.31000,-20.18689,7.31000,35.29653
7.32654,7.32000,-20.16661,7.32000,34.71532
7.33655,7.33000,-20.07531,7.33000,34.01088
7.34655,7.34000,-19.90599,7.34000,33.18390
7.35656,7.35000,-19.65374,7.35000,32.23647
7.36657,7.36000,-19.31588,7.36000,31.17269
7.37658,7.37000,-18.89182,7.37000,29.99931
7.38659,7.38000,-18.38273,7.38000,28.72629
7.39660,7.39000,-17.79117,7.39000,27.36703
7.40661,7.40000,-17.12063,7.40000,25.93819
7.41662,7.41000,-16.37519,7.41000,24.45898
7.42663,7.42000,-15.55940,7.42000,22.95003
7.43663,7.43000,-14.67827,7.43000,21.43206
7.44664,7.44000,-13.73760,7.44000,19.92433
7.45665,7.45000,-12.74418,7.45000,18.44338
7.46666,7.46000,-11.70618,7.46000,17.00193
7.47667,7.47000,-10.63312,7.47000,15.60843
7.48668,7.48000,-9.53584,7.48000,14.26700
7.49669,7.49000,-8.42598,7.49000,12.97807
7.50670,7.50000,-7.31540,7.50000,11.73941
7.51671,7.51000,-6.21545,7.51000,10.54745
7.52671,7.52000,-5.13621,7.52000,9.39871
7.53672,7.53000,-4.08604,7.53000,8.29101
7.54673,7.54000,-3.07130,7.54000,7.22437
7.55674,7.55000,-2.09647,7.55000,6.20146
7.56675,7.56000,-1.16468,7.56000,5.22760
7.57676,7.57000,-0.27840,7.57000,4.31032
7.58677,7.58000,0.55971,7.58000,3.45862
7.59678,7.59000,1.34595,7.59000,2.68199
7.60679,7.60000,2.07493,7.60000,1.98939
7.61680,7.61000,2.73929,7.61000,1.38832
7.62680,7.62000,3.32966,7.62000,0.88399
7.63681,7.63000,3.83499,7.63000,0.47888
7.64682,7.64000,4.24311,7.64000,0.17255
7.65683,7.65000,4.54139,7.65000,-0.03812
7.66684,7.66000,4.71741,7.66000,-0.15852
7.67685,7.67000,4.75981,7.67000,-0.19555
7.68686,7.68000,4.65909,7.68000,-0.15679
7.69687,7.69000,4.40849,7.69000,-0.04955
7.70688,7.70000,4.00474,7.70000,0.12001
7.71688,7.71000,3.44875,7.71000,0.34771
7.72689,7.72000,2.74601,7.72000,0.63201
7.73690,7.73000,1.90666,7.73000,0.97429
7.74691,7.74000,0.94521,7.74000,1.37894
7.75692,7.75000,-0.12012,7.75000,1.85300
7.76693,7.76000,-1.26836,7.76000,2.40555
7.77694,7.77000,-2.47697,7.77000,3.04690
7.78695,7.78000,-3.72295,7.78000,3.78757
7.79696,7.79000,-4.98390,7.79000,4.63738
7.80696,7.80000,-6.23883,7.80000,5.60454
7.81697,7.81000,-7.46882,7.81000,6.69497
7.82698,7.82000,-8.65737,7.82000,7.91174
7.83699,7.83000,-9.79061,7.83000,9.25479
7.84700,7.84000,-10.85730,7.84000,10.72070
7.85701,7.85000,-11.84871,7.85000,12.30266
7.86702,7.86000,-12.75845,7.86000,13.99049
7.87703,7.87000,-13.58231,7.87000,15.77086
7.88704,7.88000,-14.31818,7.88000,17.62758
7.89705,7.89000,-14.96597,7.89000,19.54210
7.90705,7.90000,-15.52767,7.90000,21.49406
7.91706,7.91000,-16.00727,7.91000,23.46196
7.92707,7.92000,-16.41076,7.92000,25.42372
7.93708,7.93000,-16.74597,7.93000,27.35730
7.94709,7.94000,-17.02235,7.94000,29.24121
7.95710,7.95000,-17.25058,7.95000,31.05496
7.96711,7.96000,-17.44218,7.96000,32.77944
7.97712,7.97000,-17.60889,7.97000,34.39741
7.98713,7.98000,-17.76220,7.98000,35.89386
7.99713,7.99000,-17.91268,7.99000,37.25637
8.00714,8.00000,-18.06954,8.00000,38.47541
8.01715,8.01000,-18.24011,8.01000,39.54445
8.02716,8.02000,-18.42954,8.02000,40.45987
8.03717,8.03000,-18.64048,8.03000,41.22066
8.04718,8.04000,-18.87299,8.04000,41.82785
8.05719,8.05000,-19.12439,8.05000,42.28383
8.06720,8.06000,-19.38938,8.06000,42.59156
8.07721,8.07000,-19.66010,8.07000,42.75402
8.08721,8.08000,-19.92650,8.08000,42.77375
8.09722,8.09000,-20.17676,8.09000,42.65276
8.10723,8.10000,-20.39796,8.10000,42.39270
8.11724,8.11000,-20.57681,8.11000,41.99522
8.12725,8.12000,-20.70060,8.12000,41.46233
8.13726,8.13000,-20.75796,8.13000,40.79672
8.14727,8.14000,-20.73958,8.14000,40.00201
8.15728,8.15000,-20.63865,8.15000,39.08305
8.16729,8.16000,-20.45103,8.16000,38.04623
8.17730,8.17000,-20.17518,8.17000,36.89988
8.18730,8.18000,-19.81177,8.18000,35.65468
8.19731,8.19000,-19.36329,8.19000,34.32381
8.20732,8.20000,-18.83344,8.20000,32.92285
8.21733,8.21000,-18.22669,8.21000,31.46917
8.22734,8.22000,-17.54779,8.22000,29.98109
8.23735,8.23000,-16.80155,8.23000,28.47663
8.24736,8.24000,-15.99278,8.24000,26.97224
8.25737,8.25000,-15.12633,8.25000,25.48155
8.26738,8.26000,-14.20724,8.26000,24.01432
8.27738,8.27000,-13.24093,8.27000,22.57573
8.28739,8.28000,-12.23307,8.28000,21.16628
8.29740,8.29000,-11.18951,8.29000,19.78214
8.30741,8.30000,-10.11591,8.30000,18.41616
8.31742,8.31000,-9.01732,8.31000,17.05951
8.32743,8.32000,-7.89793,8.32000,15.70353
8.33744,8.33000,-6.76086,8.33000,14.34180
8.34745,8.34000,-5.60828,8.34000,12.97203
8.35746,8.35000,-4.44181,8.35000,11.59746
8.36746,8.36000,-3.26322,8.36000,10.22743
8.37747,8.37000,-2.07527,8.37000,8.87722
8.38748,8.38000,-0.88259,8.38000,7.56683
8.39749,8.39000,0.30753,8.39000,6.31913
8.40750,8.40000,1.48458,8.40000,5.15750
8.41751,8.41000,2.63480,8.41000,4.10347
8.42752,8.42000,3.74138,8.42000,3.17467
8.43753,8.43000,4.78516,8.43000,2.38335
8.44754,8.44000,5.74564,8.44000,1.73568
8.45755,8.45000,6.60204,8.45000,1.23182
8.46755,8.46000,7.33462,8.46000,0.86660
8.47756,8.47000,7.92582,8.47000,0.63066
8.48757,8.48000,8.36144,8.48000,0.51185
8.49758,8.49000,8.63152,8.49000,0.49668
8.50759,8.50000,8.73093,8.50000,0.57178
8.51760,8.51000,8.65959,8.51000,0.72509
8.52761,8.52000,8.42226,8.52000,0.94681
8.53762,8.53000,8.02779,8.53000,1.23008
8.54763,8.54000,7.48816,8.54000,1.57123
8.55763,8.55000,6.81728,8.55000,1.96964
8.56764,8.56000,6.02978,8.56000,2.42741
8.57765,8.57000,5.14006,8.57000,2.94872
8.58766,8.58000,4.16162,8.58000,3.53909
8.59767,8.59000,3.10684,8.59000,4.20471
8.60768,8.60000,1.98713,8.60000,4.95176
8.61769,8.61000,0.81331,8.61000,5.78601
8.62770,8.62000,-0.40380,8.62000,6.71249
8.63771,8.63000,-1.65281,8.63000,7.73532
8.64771,8.64000,-2.92124,8.64000,8.85747
8.65772,8.65000,-4.19525,8.65000,10.08049
8.66773,8.66000,-5.45960,8.66000,11.40412
8.67774,8.67000,-6.69793,8.67000,12.82581
8.68775,8.68000,-7.89339,8.68000,14.34022
8.69776,8.69000,-9.02955,8.69000,15.93884
8.70777,8.70000,-10.09157,8.70000,17.60976
8.71778,8.71000,-11.06732,8.71000,19.33769
8.72779,8.72000,-11.94848,8.72000,21.10419
8.73780,8.73000,-12.73136,8.73000,22.88820
8.74780,8.74000,-13.41716,8.74000,24.66678
8.75781,8.75000,-14.01191,8.75000,26.41602
8.76782,8.76000,-14.52572,8.76000,28.11201
8.77783,8.77000,-14.97170,8.77000,29.73189
8.78784,8.78000,-15.36463,8.78000,31.25476
8.79785,8.79000,-15.71948,8.79000,32.66255
8.80786,8.80000,-16.05010,8.80000,33.94066
8.81787,8.81000,-16.36813,8.81000,35.07839
8.82788,8.82000,-16.68234,8.82000,36.06904
8.83788,8.83000,-16.99829,8.83000,36.90981
8.84789,8.84000,-17.31837,8.84000,37.60134
8.85790,8.85000,-17.64214,8.85000,38.14699
8.86791,8.86000,-17.96674,8.86000,38.55201
8.87792,8.87000,-18.28737,8.87000,38.82254
8.88793,8.88000,-18.59773,8.88000,38.96480
8.89794,8.89000,-18.89029,8.89000,38.98431
8.90795,8.90000,-19.15665,8.90000,38.88554
8.91796,8.91000,-19.38782,8.91000,38.67183
8.92796,8.92000,-19.57454,8.92000,38.34552
8.93797,8.93000,-19.70781,8.93000,37.90836
8.94798,8.94000,-19.77941,8.94000,37.36185
8.95799,8.95000,-19.78251,8.95000,36.70746
8.96800,8.96000,-19.71223,8.96000,35.94685
8.97801,8.97000,-19.56604,8.97000,35.08207
8.98802,8.98000,-19.34392,8.98000,34.11580
8.99803,8.99000,-19.04812,8.99000,33.05194
9.00804,9.00000,-18.68267,9.00000,31.89620
9.01805,9.01000,-18.25263,9.01000,30.65671
9.02805,9.02000,-17.76326,9.02000,29.34443
9.03806,9.03000,-17.21932,9.03000,27.97334
9.04807,9.04000,-16.62454,9.04000,26.56012
9.05808,9.05000,-15.98155,9.05000,25.12356
9.06809,9.06000,-15.29212,9.06000,23.68354
9.07810,9.07000,-14.55766,9.07000,22.25978
9.08811,9.08000,-13.77996,9.08000,20.87058
9.09812,9.09000,-12.96173,9.09000,19.53158
9.10813,9.10000,-12.10705,9.10000,18.25477
9.11813,9.11000,-11.22134,9.11000,17.04787
9.12814,9.12000,-10.31112,9.12000,15.91414
9.13815,9.13000,-9.38339,9.13000,14.85253
9.14816,9.14000,-8.44483,9.14000,13.85821
9.15817,9.15000,-7.50101,9.15000,12.92335
9.16818,9.16000,-6.55568,9.16000,12.03796
9.17819,9.17000,-5.61036,9.17000,11.19082
9.18820,9.18000,-4.66427,9.18000,10.37044
9.19821,9.19000,-3.71458,9.19000,9.56599
9.20821,9.20000,-2.75711,9.20000,8.76828
9.21822,9.21000,-1.78729,9.21000,7.97062
9.22823,9.22000,-0.80137,9.22000,7.16956
9.23824,9.23000,0.20237,9.23000,6.36540
9.24825,9.24000,1.22235,9.24000,5.56236
9.25826,9.25000,2.25273,9.25000,4.76845
9.26827,9.26000,3.28271,9.26000,3.99505
9.27828,9.27000,4.29631,9.27000,3.25622
9.28829,9.28000,5.27256,9.28000,2.56788
9.29830,9.29000,6.18624,9.29000,1.94685
9.30830,9.30000,7.00912,9.30000,1.40997
9.31831,9.31000,7.71164,9.31000,0.97323
9.32832,9.32000,8.26498,9.32000,0.65098
9.33833,9.33000,8.64322,9.33000,0.45530
9.34834,9.34000,8.82548,9.34000,0.39554
9.35835,9.35000,8.79765,9.35000,0.47801
9.36836,9.36000,8.55356,9.36000,0.70603
9.37837,9.37000,8.09550,9.37000,1.08009
9.38838,9.38000,7.43397,9.38000,1.59824
9.39838,9.39000,6.58687,9.39000,2.25651
9.40839,9.40000,5.57804,9.40000,3.04942
9.41840,9.41000,4.43543,9.41000,3.97040
9.42841,9.42000,3.18908,9.42000,5.01215
9.43842,9.43000,1.86908,9.43000,6.16697
9.44843,9.44000,0.50371,9.44000,7.42694
9.45844,9.45000,-0.88196,9.45000,8.78408
9.46845,9.46000,-2.26697,9.46000,10.23046
9.47846,9.47000,-3.63480,9.47000,11.75811
9.48846,9.48000,-4.97311,9.48000,13.35887
9.49847,9.49000,-6.27311,9.49000,15.02411
9.50848,9.50000,-7.52866,9.50000,16.74431
9.51849,9.51000,-8.73530,9.51000,18.50871
9.52850,9.52000,-9.88944,9.52000,20.30496
9.53851,9.53000,-10.98777,9.53000,22.11900
9.54852,9.54000,-12.02703,9.54000,23.93508
9.55853,9.55000,-13.00402,9.55000,25.73608
9.56854,9.56000,-13.91601,9.56000,27.50388
9.57855,9.57000,-14.76118,9.57000,29.21989
9.58855,9.58000,-15.53921,9.58000,30.86562
9.59856,9.59000,-16.25170,9.59000,32.42308
9.60857,9.60000,-16.90237,9.60000,33.87528
9.61858,9.61000,-17.49698,9.61000,35.20639
9.62859,9.62000,-18.04286,9.62000,36.40208
9.63860,9.63000,-18.54833,9.63000,37.44954
9.64861,9.64000,-19.02190,9.64000,38.33761
9.65862,9.65000,-19.47138,9.65000,39.05693
9.66863,9.66000,-19.90318,9.66000,39.59997
9.67863,9.67000,-20.32178,9.67000,39.96117
9.68864,9.68000,-20.72944,9.68000,40.13697
9.69865,9.69000,-21.12613,9.69000,40.12582
9.70866,9.70000,-21.50967,9.70000,39.92809
9.71867,9.71000,-21.87592,9.71000,39.54606
9.72868,9.72000,-22.21894,9.72000,38.98392
9.73869,9.73000,-22.53119,9.73000,38.24786
9.74870,9.74000,-22.80374,9.74000,37.34636
9.75871,9.75000,-23.02653,9.75000,36.29044
9.76871,9.76000,-23.18887,9.76000,35.09388
9.77872,9.77000,-23.28005,9.77000,33.77329
9.78873,9.78000,-23.29026,9.78000,32.34789
9.79874,9.79000,-23.21146,9.79000,30.83897
9.80875,9.80000,-23.03841,9.80000,29.26913
9.81876,9.81000,-22.76924,9.81000,27.66143
9.82877,9.82000,-22.40585,9.82000,26.03857
9.83878,9.83000,-21.95372,9.83000,24.42229
9.84879,9.84000,-21.42124,9.84000,22.83293
9.85880,9.85000,-20.81866,9.85000,21.28910
9.86880,9.86000,-20.15687,9.86000,19.80749
9.87881,9.87000,-19.44614,9.87000,18.40264
9.88882,9.88000,-18.69503,9.88000,17.08670
9.89883,9.89000,-17.90980,9.89000,15.86918
9.90884,9.90000,-17.09425,9.90000,14.75672
9.91885,9.91000,-16.25016,9.91000,13.75280
9.92886,9.92000,-15.37815,9.92000,12.85767
9.93887,9.93000,-14.47887,9.93000,12.06831
9.94888,9.94000,-13.55410,9.94000,11.37866
9.95888,9.95000,-12.60776,9.95000,10.77994
9.96889,9.96000,-11.64632,9.96000,10.26122
9.97890,9.97000,-10.67880,9.97000,9.81003
9.98891,9.98000,-9.71619,9.98000,9.41301
9.99892,9.99000,-8.77050,9.99000,9.05653
10.00893,10.00000,-7.85362,10.00000,8.72732
10.01894,10.01000,-6.97624,10.01000,8.41308
10.02895,10.02000,-6.14682,10.02000,8.10300
10.03896,10.03000,-5.37102,10.03000,7.78831
10.04896,10.04000,-4.65126,10.04000,7.46271
10.05897,10.05000,-3.98676,10.05000,7.12266
10.06898,10.06000,-3.37370,10.06000,6.76750
10.07899,10.07000,-2.80576,10.07000,6.39933
10.08900,10.08000,-2.27468,10.08000,6.02262
10.09901,10.09000,-1.77111,10.09000,5.64360
10.10902,10.10000,-1.28543,10.10000,5.26943
10.11903,10.11000,-0.80869,10.11000,4.90731
10.12904,10.12000,-0.33351,10.12000,4.56363
10.13905,10.13000,0.14509,10.13000,4.24326
10.14905,10.14000,0.62915,10.14000,3.94918
10.15906,10.15000,1.11737,10.15000,3.68244
10.16907,10.16000,1.60527,10.16000,3.44249
10.17908,10.17000,2.08555,10.17000,3.22772
10.18909,10.18000,2.54896,10.18000,3.03627
10.19910,10.19000,2.98532,10.19000,2.86677
10.20911,10.20000,3.38465,10.20000,2.71899
10.21912,10.21000,3.73814,10.21000,2.59417
10.22913,10.22000,4.03886,10.22000,2.49511
10.23913,10.23000,4.28222,10.23000,2.42590
10.24914,10.24000,4.46607,10.24000,2.39135
10.25915,10.25000,4.59075,10.25000,2.39639
10.26916,10.26000,4.65893,10.26000,2.44543
10.27917,10.27000,4.67550,10.27000,2.54185
10.28918,10.28000,4.64727,10.28000,2.68754
10.29919,10.29000,4.58251,10.29000,2.88275
10.30920,10.30000,4.49039,10.30000,3.12587
10.31921,10.31000,4.38004,10.31000,3.41360
10.32921,10.32000,4.25973,10.32000,3.74108
10.33922,10.33000,4.13589,10.33000,4.10244
10.34923,10.34000,4.01237,10.34000,4.49132
10.35924,10.35000,3.89004,10.35000,4.90157
10.36925,10.36000,3.76669,10.36000,5.32792
10.37926,10.37000,3.63737,10.37000,5.76638
10.38927,10.38000,3.49515,10.38000,6.21453
10.39928,10.39000,3.33213,10.39000,6.67146
10.40929,10.40000,3.14064,10.40000,7.13751
10.41930,10.41000,2.91441,10.41000,7.61385
10.42930,10.42000,2.64962,10.42000,8.10202
10.43931,10.43000,2.34564,10.43000,8.60346
10.44932,10.44000,2.00525,10.44000,9.11904
10.45933,10.45000,1.63459,10.45000,9.64881
10.46934,10.46000,1.24245,10.46000,10.19174
10.47935,10.47000,0.83941,10.47000,10.74572
10.48936,10.48000,0.43658,10.48000,11.30765
10.49937,10.49000,0.04436,10.49000,11.87366
10.50938,10.50000,-0.32886,10.50000,12.43938
10.51938,10.51000,-0.67777,10.51000,13.00026
10.52939,10.52000,-1.00101,10.52000,13.55174
10.53940,10.53000,-1.30161,10.53000,14.08940
10.54941,10.54000,-1.58706,10.54000,14.60907
10.55942,10.55000,-1.86890,10.55000,15.10674
10.56943,10.56000,-2.16179,10.56000,15.57866
10.57944,10.57000,-2.48223,10.57000,16.02133
10.58945,10.58000,-2.84685,10.58000,16.43170
10.59946,10.59000,-3.27064,10.59000,16.80736
10.60946,10.60000,-3.76521,10.60000,17.14688
10.61947,10.61000,-4.33736,10.61000,17.44995
10.62948,10.62000,-4.98819,10.62000,17.71742
10.63949,10.63000,-5.71289,10.63000,17.95103
10.64950,10.64000,-6.50122,10.64000,18.15289
10.65951,10.65000,-7.33865,10.65000,18.32488
10.66952,10.66000,-8.20782,10.66000,18.46803
10.67953,10.67000,-9.09021,10.67000,18.58224
10.68954,10.68000,-9.96761,10.68000,18.66628
10.69955,10.69000,-10.82338,10.69000,18.71823
10.70955,10.70000,-11.64326,10.70000,18.73614
10.71956,10.71000,-12.41580,10.71000,18.71886
10.72957,10.72000,-13.13250,10.72000,18.66680
10.73958,10.73000,-13.78775,10.73000,18.58245
10.74959,10.74000,-14.37851,10.74000,18.47056
10.75960,10.75000,-14.90401,10.75000,18.33792
10.76961,10.76000,-15.36532,10.76000,18.19285
10.77962,10.77000,-15.76494,10.77000,18.04435
10.78963,10.78000,-16.10640,10.78000,17.90126
10.79963,10.79000,-16.39393,10.79000,17.77137
10.80964,10.80000,-16.63211,10.80000,17.66078
10.81965,10.81000,-16.82570,10.81000,17.57344
10.82966,10.82000,-16.97946,10.82000,17.51109
10.83967,10.83000,-17.09811,10.83000,17.47335
10.84968,10.84000,-17.18621,10.84000,17.45812
10.85969,10.85000,-17.24822,10.85000,17.46207
10.86970,10.86000,-17.28843,10.86000,17.48111
10.87971,10.87000,-17.31090,10.87000,17.51084
10.88971,10.88000,-17.31947,10.88000,17.54681
10.89972,10.89000,-17.31758,10.89000,17.58463
10.90973,10.90000,-17.30820,10.90000,17.61990
10.91974,10.91000,-17.29368,10.91000,17.64812
10.92975,10.92000,-17.27563,10.92000,17.66452
10.93976,10.93000,-17.25482,10.93000,17.66395
10.94977,10.94000,-17.23116,10.94000,17.64100
10.95978,10.95000,-17.20374,10.95000,17.59008
10.96979,10.96000,-17.17096,10.96000,17.50581
10.97980,10.97000,-17.13076,10.97000,17.38329
10.98980,10.98000,-17.08092,10.98000,17.21854
10.99981,10.99000,-17.01939,10.99000,17.00876
11.00982,11.00000,-16.94462,11.00000,16.75256
11.01983,11.01000,-16.85587,11.01000,16.45004
11.02984,11.02000,-16.75338,11.02000,16.10284
11.03985,11.03000,-16.63843,11.03000,15.71413
11.04986,11.04000,-16.51329,11.04000,15.28862
11.05987,11.05000,-16.38096,11.05000,14.83257
11.06988,11.06000,-16.24502,11.06000,14.35383
11.07988,11.07000,-16.10931,11.07000,13.86191
11.08989,11.08000,-15.97766,11.08000,13.36786
11.09990,11.09000,-15.85372,11.09000,12.88403
11.10991,11.10000,-15.74068,11.10000,12.42360
11.11992,11.11000,-15.64112,11.11000,11.99976
11.12993,11.12000,-15.55687,11.12000,11.62470
11.13994,11.13000,-15.48884,11.13000,11.30830
11.14995,11.14000,-15.43702,11.14000,11.05682
11.15996,11.15000,-15.40034,11.15000,10.87170
11.16996,11.16000,-15.37686,11.16000,10.74880
11.17997,11.17000,-15.36383,11.17000,10.67835
11.18998,11.18000,-15.35803,11.18000,10.64611
11.19999,11.19000,-15.35623,11.19000,10.63593
11.21000,11.20000,-15.35596,11.20000,10.63434
